[21:32:48.382] info:  [21:32:48.382] info:  No default config found for: C:\GOG Games\Total Overdose\TOD.exe
[21:32:48.382] info:  [21:32:48.382] info:  Trying to open config file: C:\GOG Games\Total Overdose\.trex\bridge.conf
[21:32:48.382] warn:  [21:32:48.382] warn:  Option failed to parse: moduleClientChannelMemSize
[21:32:48.382] warn:  [21:32:48.382] warn:  Option failed to parse: moduleClientCmdQueueSize
[21:32:48.382] warn:  [21:32:48.382] warn:  Option failed to parse: moduleClientDataQueueSize
[21:32:48.382] warn:  [21:32:48.382] warn:  Option failed to parse: moduleServerChannelMemSize
[21:32:48.382] warn:  [21:32:48.382] warn:  Option failed to parse: moduleServerCmdQueueSize
[21:32:48.382] warn:  [21:32:48.382] warn:  Option failed to parse: moduleServerDataQueueSize
[21:32:48.382] warn:  [21:32:48.382] warn:  Option failed to parse: clientChannelMemSize
[21:32:48.382] warn:  [21:32:48.382] warn:  Option failed to parse: clientCmdQueueSize
[21:32:48.382] warn:  [21:32:48.382] warn:  Option failed to parse: clientDataQueueSize
[21:32:48.382] warn:  [21:32:48.382] warn:  Option failed to parse: serverChannelMemSize
[21:32:48.382] warn:  [21:32:48.382] warn:  Option failed to parse: serverCmdQueueSize
[21:32:48.382] warn:  [21:32:48.382] warn:  Option failed to parse: serverDataQueueSize
[21:32:48.382] warn:  [21:32:48.382] warn:  Option failed to parse: sendReadOnlyCalls
[21:32:48.382] warn:  [21:32:48.382] warn:  Option failed to parse: sendAllServerResponses
[21:32:48.382] warn:  [21:32:48.382] warn:  Option failed to parse: sendCreateFunctionServerResponses
[21:32:48.382] warn:  [21:32:48.382] warn:  Option failed to parse: logApiCalls
[21:32:48.382] warn:  [21:32:48.382] warn:  Option failed to parse: logAllCalls
[21:32:48.382] warn:  [21:32:48.382] warn:  Option failed to parse: logAllCommands
[21:32:48.382] warn:  [21:32:48.382] warn:  Option failed to parse: logServerCommands
[21:32:48.382] warn:  [21:32:48.382] warn:  Option failed to parse: commandTimeout
[21:32:48.382] warn:  [21:32:48.382] warn:  Option failed to parse: startupTimeout
[21:32:48.382] warn:  [21:32:48.382] warn:  Option failed to parse: commandRetries
[21:32:48.382] warn:  [21:32:48.382] warn:  Option failed to parse: ackTimeout
[21:32:48.382] warn:  [21:32:48.382] warn:  Option failed to parse: infiniteRetries
[21:32:48.382] warn:  [21:32:48.382] warn:  Option failed to parse: logLevel
[21:32:48.382] warn:  [21:32:48.382] warn:  Option failed to parse: keyStateCircBufMaxSize
[21:32:48.382] warn:  [21:32:48.382] warn:  Option failed to parse: presentSemaphoreMaxFrames
[21:32:48.382] warn:  [21:32:48.382] warn:  Option failed to parse: presentSemaphoreEnabled
[21:32:48.382] warn:  [21:32:48.382] warn:  Option failed to parse: commandBatchingEnabled
[21:32:48.382] warn:  [21:32:48.382] warn:  Option failed to parse: disableTimeoutsWhenDebugging
[21:32:48.382] warn:  [21:32:48.382] warn:  Option failed to parse: disableTimeouts
[21:32:48.382] warn:  [21:32:48.382] warn:  Option failed to parse: useSharedHeap
[21:32:48.382] warn:  [21:32:48.382] warn:  Option failed to parse: sharedHeapDefaultSegmentSize
[21:32:48.382] warn:  [21:32:48.382] warn:  Option failed to parse: sharedHeapChunkSize
[21:32:48.382] warn:  [21:32:48.382] warn:  Option failed to parse: sharedHeapFreeChunkWaitTimeout
[21:32:48.382] warn:  [21:32:48.382] warn:  Option failed to parse: threadSafetyPolicy
[21:32:48.382] warn:  [21:32:48.382] warn:  Option failed to parse: alwaysCopyEntireStaticBuffer
[21:32:48.382] warn:  [21:32:48.382] warn:  Option failed to parse: exposeRemixApi
[21:32:48.382] warn:  [21:32:48.382] warn:  Option failed to parse: eliminateRedundantSetterCalls
[21:32:48.382] info:  ==================
[21:32:48.382] info:  NVIDIA RTX Remix Bridge Server
[21:32:48.382] info:  ==================
[21:32:48.382] info:  Version: remix-main+cfb6edc9
[21:32:48.382] info:  Running in x64 mode!
[21:32:48.382] info:  Launched server with GUID 09866b2f-beca-4240-b931-cddaa2dfc102
[21:32:48.383] info:  Server started up, waiting for connection from client...
[21:32:48.383] info:  Registering exit callback in case client exits unexpectedly.
[21:32:48.383] info:  Registering message channel for asynchronous message handling.
[21:32:48.383] info:  Initializing D3D9...
[21:32:48.383] warn:  Option failed to parse: server.useVanillaDxvk
[21:32:48.464] info:  Message channel MessageChannelServer established.
[21:32:48.639] info:  D3D9 interface object creation succeeded!
[21:32:48.639] info:  Loaded D3D9 from C:\GOG Games\Total Overdose\.trex\d3d9.dll
[21:32:48.639] info:  Version of d3d9 loaded is DXVK
[21:32:48.639] info:  Feature version parity confirmed!
[21:32:48.639] info:  Sync request received, sending ACK response...
[21:32:48.639] info:  Done! Now waiting for client to consume the response...
[21:32:48.639] info:  Handshake completed! Now waiting for incoming commands...
[21:32:48.639] info:  D3D9 Module destroyed.
[21:32:50.892] info:  Server side D3D9 Device created successfully!
[21:47:13.962] info:  Client window became inactive, disabling timeouts for bridge server...
[21:47:19.068] err:   2828 objects discovered in Resource map at Direct3D module eviction:
[21:47:19.068] err:   	5 -> 00000144F5DDF9D0
[21:47:19.068] err:   	6 -> 00000144F5DDF9D0
[21:47:19.068] err:   	9671 -> 00000187FB63E670
[21:47:19.068] err:   	11a61 -> 00000187B8345730
[21:47:19.068] err:   	f -> 000001878C162140
[21:47:19.068] err:   	924e -> 00000187AB4A1430
[21:47:19.068] err:   	1324f -> 00000144FD392BE0
[21:47:19.068] err:   	93cf -> 00000187A6CBE1D0
[21:47:19.068] err:   	927b -> 00000187AB4A8690
[21:47:19.068] err:   	1d -> 00000144F5BEB800
[21:47:19.068] err:   	1e -> 000001878C162500
[21:47:19.068] err:   	9244 -> 00000187AB4A0120
[21:47:19.068] err:   	1f -> 00000187A719C0A0
[21:47:19.068] err:   	20 -> 000001878C1620A0
[21:47:19.068] err:   	11f76 -> 00000187B809C790
[21:47:19.068] err:   	8e -> 00000187A71B6400
[21:47:19.068] err:   	9336 -> 00000187A6CA77A0
[21:47:19.068] err:   	9b -> 00000187A56E00F0
[21:47:19.068] err:   	9e -> 00000187A56E3A20
[21:47:19.068] err:   	a1 -> 00000187A56E2710
[21:47:19.068] err:   	a6 -> 00000187A56E4D30
[21:47:19.068] err:   	a9 -> 00000187A56E1400
[21:47:19.068] err:   	11e8b -> 00000187E93F8FD0
[21:47:19.068] err:   	91fe -> 00000187AB49A1D0
[21:47:19.068] err:   	1910 -> 00000187FC5AA380
[21:47:19.068] err:   	11a9d -> 00000187B834DCA0
[21:47:19.068] err:   	968f -> 00000187FB6432B0
[21:47:19.068] err:   	931c -> 00000187A6CA5180
[21:47:19.068] err:   	13039 -> 00000187B85E7E80
[21:47:19.068] err:   	9e98 -> 00000187A3C526A0
[21:47:19.068] err:   	9fa6 -> 00000187A3C6F020
[21:47:19.068] err:   	11d77 -> 00000187E93D7A10
[21:47:19.068] err:   	13011 -> 00000187E5135C90
[21:47:19.068] err:   	9f42 -> 00000187A3C63180
[21:47:19.068] err:   	93bc -> 00000187A6CB9590
[21:47:19.068] err:   	9f88 -> 00000187A3C690D0
[21:47:19.068] err:   	9f38 -> 00000187A3C657A0
[21:47:19.068] err:   	9296 -> 00000187AB4A99A0
[21:47:19.068] err:   	93aa -> 00000187A6CB4950
[21:47:19.068] err:   	9325 -> 00000187A6CA1850
[21:47:19.068] err:   	9492 -> 00000187AB478C10
[21:47:19.068] err:   	9dcb -> 00000187A44C3930
[21:47:19.068] err:   	937b -> 00000187A6CAD6F0
[21:47:19.068] err:   	11fda -> 00000187B80AE580
[21:47:19.068] err:   	9488 -> 00000187A6CD25E0
[21:47:19.068] err:   	9078 -> 00000187D0404370
[21:47:19.068] err:   	ec94 -> 00000187AC46F520
[21:47:19.068] err:   	9096 -> 00000187D040A2C0
[21:47:19.068] err:   	90b4 -> 00000187AB46F390
[21:47:19.068] err:   	9301 -> 00000187A6CA3E70
[21:47:19.068] err:   	90be -> 00000187AB4706A0
[21:47:19.068] err:   	908c -> 00000187D0405680
[21:47:19.068] err:   	92cb -> 00000187A6C959B0
[21:47:19.068] err:   	9272 -> 00000187AB4ABFC0
[21:47:19.068] err:   	9354 -> 00000187A6CAB0D0
[21:47:19.068] err:   	93a1 -> 00000187A6CB8280
[21:47:19.068] err:   	93fc -> 00000187A6CC07F0
[21:47:19.068] err:   	938f -> 00000187A6CB2330
[21:47:19.068] err:   	9019 -> 00000187D03F97E0
[21:47:19.068] err:   	9370 -> 00000187A6CB1020
[21:47:19.068] err:   	974c -> 00000187EF3E7E50
[21:47:19.068] err:   	9792 -> 00000187EF3F03C0
[21:47:19.068] err:   	18d5 -> 00000187EF3D2AE0
[21:47:19.068] err:   	9788 -> 00000187EF3F16D0
[21:47:19.068] err:   	9419 -> 00000187A6CC5430
[21:47:19.068] err:   	11c68 -> 00000187EF7DB810
[21:47:19.068] err:   	93e1 -> 00000187A6CBA8A0
[21:47:19.068] err:   	9398 -> 00000187A6CAFD10
[21:47:19.068] err:   	11ebd -> 00000187B808A9A0
[21:47:19.068] err:   	39f3 -> 00000187F3B93AC0
[21:47:19.068] err:   	13283 -> 00000187A6BF28B0
[21:47:19.068] err:   	131b3 -> 00000187E44151B0
[21:47:19.068] err:   	9005 -> 00000187D03FAAF0
[21:47:19.068] err:   	9459 -> 00000187A6CCC690
[21:47:19.068] err:   	9036 -> 00000187D0401D50
[21:47:19.068] err:   	9c66 -> 00000187A448F270
[21:47:19.068] err:   	919f -> 00000187AB48D020
[21:47:19.068] err:   	905c -> 00000187D03FF730
[21:47:19.068] err:   	9536 -> 00000187FB614B40
[21:47:19.068] err:   	9d02 -> 00000187A44A5CA0
[21:47:19.068] err:   	9166 -> 00000187AB4896F0
[21:47:19.068] err:   	9d68 -> 00000187A44B5470
[21:47:19.068] err:   	960d -> 00000187FB634DF0
[21:47:19.068] err:   	91b2 -> 00000187AB48E330
[21:47:19.068] err:   	9603 -> 00000187FB6327D0
[21:47:19.068] err:   	9584 -> 00000187FB6209E0
[21:47:19.068] err:   	94eb -> 00000187FB60D8E0
[21:47:19.068] err:   	12e0f -> 00000187B860CD70
[21:47:19.068] err:   	9d42 -> 00000187A44AF520
[21:47:19.068] err:   	9e19 -> 00000187A3C41BC0
[21:47:19.068] err:   	9c87 -> 00000187A44964D0
[21:47:19.068] err:   	ecd5 -> 00000187EDDE0DC0
[21:47:19.068] err:   	9571 -> 00000187FB61E3C0
[21:47:19.068] err:   	98ed -> 00000187A4D9AC00
[21:47:19.068] err:   	11cb2 -> 00000187E93BE9C0
[21:47:19.068] err:   	19d5 -> 00000187FC5C9320
[21:47:19.068] err:   	11e81 -> 00000187E93F4390
[21:47:19.068] err:   	95aa -> 00000187FB626930
[21:47:19.068] err:   	9d86 -> 00000187A44B8DA0
[21:47:19.068] err:   	94e1 -> 00000187FB60FF00
[21:47:19.068] err:   	9184 -> 00000187AB48BD10
[21:47:19.068] err:   	11bb6 -> 00000187EF7C7400
[21:47:19.068] err:   	e8f9 -> 00000187B9039990
[21:47:19.068] err:   	9efc -> 00000187A3C5E540
[21:47:19.068] err:   	954a -> 00000187FB61D0B0
[21:47:19.068] err:   	92b0 -> 00000187A6C96CC0
[21:47:19.068] err:   	915c -> 00000187AB482490
[21:47:19.068] err:   	11e04 -> 00000187E93E5ED0
[21:47:19.068] err:   	9838 -> 00000187EF40BA30
[21:47:19.068] err:   	95b4 -> 00000187FB628F50
[21:47:19.068] err:   	9257 -> 00000187AB4A7380
[21:47:19.068] err:   	904a -> 00000187D03FE420
[21:47:19.068] err:   	9554 -> 00000187FB61AA90
[21:47:19.068] err:   	11ba3 -> 00000187EF7C8710
[21:47:19.068] err:   	91e0 -> 00000187AB492F70
[21:47:19.068] err:   	99bc -> 00000187A4DB8890
[21:47:19.068] err:   	12cee -> 00000187B85E6B70
[21:47:19.068] err:   	970d -> 00000187EF3E3210
[21:47:19.068] err:   	9703 -> 00000187EF3E1F00
[21:47:19.068] err:   	9476 -> 00000187A6CCD9A0
[21:47:19.068] err:   	972e -> 00000187EF3EA470
[21:47:19.068] err:   	a810 -> 00000187FC1DFFA0
[21:47:19.068] err:   	9814 -> 00000187EF4047D0
[21:47:19.068] err:   	90aa -> 00000187AB472CC0
[21:47:19.068] err:   	955e -> 00000187FB61BDA0
[21:47:19.068] err:   	98dd -> 00000187A4D94CB0
[21:47:19.068] err:   	91ea -> 00000187AB497BB0
[21:47:19.068] err:   	967b -> 00000187FB641FA0
[21:47:19.068] err:   	9617 -> 00000187FB6314C0
[21:47:19.068] err:   	957a -> 00000187FB61F6D0
[21:47:19.068] err:   	96a3 -> 00000187A6C9A5F0
[21:47:19.068] err:   	9a86 -> 00000187E5C9A120
[21:47:19.068] err:   	95be -> 00000187FB625620
[21:47:19.068] err:   	11aeb -> 00000187EF7ABD90
[21:47:19.068] err:   	e93f -> 00000187B9047E50
[21:47:19.068] err:   	9969 -> 00000187A4DADD00
[21:47:19.068] err:   	97a6 -> 00000187EF3F8930
[21:47:19.068] err:   	9ba8 -> 00000187E5CC1630
[21:47:19.068] err:   	13129 -> 00000187E4406CF0
[21:47:19.068] err:   	38b3 -> 00000187A6FA7DA0
[21:47:19.068] err:   	13258 -> 00000144FD396510
[21:47:19.068] err:   	13101 -> 00000187E43FD470
[21:47:19.068] err:   	99dd -> 00000187A4DB7580
[21:47:19.068] err:   	12ff3 -> 00000187E5133670
[21:47:19.068] err:   	9717 -> 00000187EF3E0BF0
[21:47:19.068] err:   	1310b -> 00000187E44046D0
[21:47:19.068] err:   	eac3 -> 00000187B903E5D0
[21:47:19.068] err:   	131a9 -> 00000187E4418AE0
[21:47:19.068] err:   	93ea -> 00000187A6CBBBB0
[21:47:19.068] err:   	921c -> 00000187AB49EE10
[21:47:19.068] err:   	9742 -> 00000187EF3EB780
[21:47:19.068] err:   	13215 -> 00000187E441EA30
[21:47:19.068] err:   	eb9e -> 0000018785F068F0
[21:47:19.068] err:   	94fe -> 00000187FB611210
[21:47:19.068] err:   	9756 -> 00000187EF3ECA90
[21:47:19.068] err:   	9b98 -> 00000187E5CBC9F0
[21:47:19.068] err:   	9284 -> 00000187AB4AD2D0
[21:47:19.068] err:   	11c44 -> 00000187EF7D6BD0
[21:47:19.068] err:   	9e2c -> 00000187A3C3F5A0
[21:47:19.068] err:   	97ba -> 00000187EF3F5000
[21:47:19.068] err:   	15a3 -> 00000187F3624B50
[21:47:19.068] err:   	eb94 -> 0000018785F02FC0
[21:47:19.068] err:   	97b0 -> 00000187EF3F6310
[21:47:19.068] err:   	9b29 -> 00000187E5CB0B50
[21:47:19.068] err:   	3b4a -> 00000187A4690FE0
[21:47:19.068] err:   	195f -> 00000187FC5B4F10
[21:47:19.068] err:   	958e -> 00000187FB624310
[21:47:19.068] err:   	11b19 -> 00000187EF7B1CE0
[21:47:19.068] err:   	94c3 -> 00000187FB608CA0
[21:47:19.069] err:   	197f -> 00000187FC5BC170
[21:47:19.069] err:   	3b40 -> 00000187A46922F0
[21:47:19.069] err:   	9a39 -> 00000187A4DC4730
[21:47:19.069] err:   	9568 -> 00000187FB621CF0
[21:47:19.069] err:   	989b -> 00000187FB606680
[21:47:19.069] err:   	188e -> 00000187EF3C7F50
[21:47:19.069] err:   	129f3 -> 00000187E3AE5AC0
[21:47:19.069] err:   	1aa3 -> 00000187FB6532C0
[21:47:19.069] err:   	9cd1 -> 00000187A44A2370
[21:47:19.069] err:   	3a0a -> 00000187F3B98700
[21:47:19.069] err:   	9a29 -> 00000187A4DC5A40
[21:47:19.069] err:   	9958 -> 00000187A4DA7DB0
[21:47:19.069] err:   	13043 -> 00000187E43EA370
[21:47:19.069] err:   	1301b -> 00000187E5136FA0
[21:47:19.069] err:   	9a69 -> 00000187E5C98E10
[21:47:19.069] err:   	37be -> 00000187EF9C2A90
[21:47:19.069] err:   	185f -> 00000187EF3C2000
[21:47:19.069] err:   	94a6 -> 00000187FB609FB0
[21:47:19.069] err:   	9c14 -> 00000187E5CCE7E0
[21:47:19.069] err:   	a81a -> 00000187FC1DC670
[21:47:19.069] err:   	384f -> 00000187A6F998E0
[21:47:19.069] err:   	12fa3 -> 00000187E51277D0
[21:47:19.069] err:   	9cc1 -> 00000187A449C420
[21:47:19.069] err:   	12ba9 -> 00000187D97003F0
[21:47:19.069] err:   	9cc9 -> 00000187A44A3680
[21:47:19.069] err:   	9ce1 -> 00000187A44A6FB0
[21:47:19.069] err:   	9667 -> 00000187FB63D360
[21:47:19.069] err:   	9f24 -> 00000187A3C5F850
[21:47:19.069] err:   	a6ee -> 00000187FC1BB0B0
[21:47:19.069] err:   	9b72 -> 00000187E5CBDD00
[21:47:19.069] err:   	9af7 -> 00000187E5CAD220
[21:47:19.069] err:   	e53f -> 00000187ECD145D0
[21:47:19.069] err:   	9c24 -> 00000187E5CD4730
[21:47:19.069] err:   	9971 -> 00000187A4DAA3D0
[21:47:19.069] err:   	1283d -> 00000187E3AB4D30
[21:47:19.069] err:   	9c03 -> 00000187E5CD0E00
[21:47:19.069] err:   	9c1c -> 00000187E5CD3420
[21:47:19.069] err:   	9b8e -> 00000187E5CC0320
[21:47:19.069] err:   	9c2d -> 00000187A4D8ED60
[21:47:19.069] err:   	a511 -> 00000187AB28FD90
[21:47:19.069] err:   	99a3 -> 00000187A4DB2940
[21:47:19.069] err:   	12ea4 -> 00000187E5109B40
[21:47:19.069] err:   	9dc1 -> 00000187A44BECF0
[21:47:19.069] err:   	17c3 -> 00000187EF3AA2C0
[21:47:19.069] err:   	12fe9 -> 00000187E512FD40
[21:47:19.069] err:   	a285 -> 00000187A439A510
[21:47:19.069] err:   	9a73 -> 00000187E5C954E0
[21:47:19.069] err:   	130cf -> 00000187E43FAE50
[21:47:19.069] err:   	9a9f -> 00000187E5C9DA50
[21:47:19.069] err:   	e760 -> 00000187EFA25DA0
[21:47:19.069] err:   	9b84 -> 00000187E5CBF010
[21:47:19.069] err:   	9738 -> 00000187EF3E5830
[21:47:19.069] err:   	982f -> 00000187EF405AE0
[21:47:19.069] err:   	e2d5 -> 00000187A3E2FA20
[21:47:19.069] err:   	12a6b -> 00000187D96DEE30
[21:47:19.069] err:   	96dd -> 00000187EF3DE5D0
[21:47:19.069] err:   	9ad3 -> 00000187E5CA2690
[21:47:19.069] err:   	9e36 -> 00000187A3C47B10
[21:47:19.069] err:   	12d85 -> 00000187B85FE8B0
[21:47:19.069] err:   	9f4c -> 00000187A3C66AB0
[21:47:19.069] err:   	12a1b -> 00000187E3AECD20
[21:47:19.069] err:   	9f92 -> 00000187A3C6DD10
[21:47:19.069] err:   	9be0 -> 00000187E5CCAEB0
[21:47:19.069] err:   	9e84 -> 00000187A3C4DA60
[21:47:19.069] err:   	9c45 -> 00000187A4490580
[21:47:19.069] err:   	9a8e -> 00000187E5C97B00
[21:47:19.069] err:   	9c0b -> 00000187E5CD2110
[21:47:19.069] err:   	9e5c -> 00000187A3C4A130
[21:47:19.069] err:   	9bc8 -> 00000187E5CC7580
[21:47:19.069] err:   	12f90 -> 00000187E5121880
[21:47:19.069] err:   	12c24 -> 00000187D9710ED0
[21:47:19.069] err:   	15ae -> 00000187F3621220
[21:47:19.069] err:   	35fe -> 00000187A9AE7A10
[21:47:19.069] err:   	e1f9 -> 00000187F83E3070
[21:47:19.069] err:   	99ab -> 00000187A4DB0320
[21:47:19.069] err:   	9bb0 -> 00000187E5CC3C50
[21:47:19.069] err:   	985c -> 00000187EF40E050
[21:47:19.069] err:   	9b31 -> 00000187E5CB4480
[21:47:19.069] err:   	17f5 -> 00000187EF3B2830
[21:47:19.069] err:   	981d -> 00000187EF4034C0
[21:47:19.069] err:   	1710 -> 00000187F3650CA0
[21:47:19.069] err:   	370a -> 00000187AA4B20F0
[21:47:19.069] err:   	12f05 -> 00000187E51159E0
[21:47:19.069] err:   	9bd0 -> 00000187E5CC4F60
[21:47:19.069] err:   	9cf9 -> 00000187A44A95D0
[21:47:19.069] err:   	99ff -> 00000187A4DBC1C0
[21:47:19.069] err:   	153f -> 00000187F3616690
[21:47:19.069] err:   	3700 -> 00000187AA4AE7C0
[21:47:19.069] err:   	350f -> 00000187AC1B3990
[21:47:19.069] err:   	9e66 -> 00000187A3C46800
[21:47:19.069] err:   	177a -> 00000187EF39F730
[21:47:19.069] err:   	9889 -> 00000187EF4152B0
[21:47:19.069] err:   	12b29 -> 00000187D96EF910
[21:47:19.069] err:   	125cb -> 00000187A5836E20
[21:47:19.069] err:   	36b3 -> 00000187AA4AAE90
[21:47:19.069] err:   	a6e4 -> 00000187FC1BE9E0
[21:47:19.069] err:   	9d72 -> 00000187A44BB3C0
[21:47:19.069] err:   	1695 -> 00000187F363DBA0
[21:47:19.069] err:   	9ca1 -> 00000187A449EA40
[21:47:19.069] err:   	129e9 -> 00000187E3AE47B0
[21:47:19.069] err:   	9d0a -> 00000187A44AA8E0
[21:47:19.069] err:   	9fe2 -> 00000187A3C79BB0
[21:47:19.069] err:   	980a -> 00000187EF406DF0
[21:47:19.069] err:   	9d4a -> 00000187A44B7A90
[21:47:19.069] err:   	9a31 -> 00000187A4DC8060
[21:47:19.069] err:   	98d3 -> 00000187A4D972D0
[21:47:19.069] err:   	141f -> 00000187F7DADBE0
[21:47:19.069] err:   	9e05 -> 00000187E5C9B430
[21:47:19.069] err:   	984a -> 00000187EF409410
[21:47:19.069] err:   	1630 -> 00000187F3635630
[21:47:19.069] err:   	98ff -> 00000187A4D9D220
[21:47:19.069] err:   	9d54 -> 00000187A44B4160
[21:47:19.069] err:   	a54f -> 00000187AB29BC30
[21:47:19.069] err:   	163a -> 00000187F3633010
[21:47:19.069] err:   	1521 -> 00000187F7DCCB80
[21:47:19.069] err:   	9c76 -> 00000187A4493EB0
[21:47:19.069] err:   	9f2e -> 00000187A3C60B60
[21:47:19.069] err:   	9a59 -> 00000187A4DCCCA0
[21:47:19.069] err:   	12851 -> 00000187E3AB7350
[21:47:19.069] err:   	12bd0 -> 00000187D9706340
[21:47:19.069] err:   	128a1 -> 00000187E3ABE5B0
[21:47:19.069] err:   	31b3 -> 00000187F8D02860
[21:47:19.069] err:   	9992 -> 00000187A4DB1630
[21:47:19.069] err:   	9d5e -> 00000187A44B6780
[21:47:19.069] err:   	12f99 -> 00000187E5129DF0
[21:47:19.069] err:   	e23f -> 00000187A3E1DC30
[21:47:19.069] err:   	e3c3 -> 00000187DA3421D0
[21:47:19.069] err:   	a20f -> 00000187EA056670
[21:47:19.069] err:   	9ea2 -> 00000187A3C4ED70
[21:47:19.069] err:   	9e7a -> 00000187A3C4C750
[21:47:19.069] err:   	a31a -> 00000187A43AD610
[21:47:19.069] err:   	12c2d -> 00000187D9715B10
[21:47:19.069] err:   	12acf -> 00000187D96E99C0
[21:47:19.069] err:   	9da3 -> 00000187A44C1310
[21:47:19.069] err:   	9892 -> 00000187EF413FA0
[21:47:19.069] err:   	9c56 -> 00000187A448CC50
[21:47:19.069] err:   	a0e4 -> 00000187EA030470
[21:47:19.069] err:   	a0ee -> 00000187EA0350B0
[21:47:19.069] err:   	9c5e -> 00000187A4492BA0
[21:47:19.069] err:   	12923 -> 00000187E3AD16B0
[21:47:19.069] err:   	9367 -> 00000187A6CAEA00
[21:47:19.069] err:   	e6f9 -> 00000187EFA11990
[21:47:19.069] err:   	12919 -> 00000187E3ACA450
[21:47:19.069] err:   	a3ee -> 00000187A43C9F90
[21:47:19.069] err:   	92dd -> 00000187A6C9DF20
[21:47:19.069] err:   	9f56 -> 00000187A3C67DC0
[21:47:19.069] err:   	a66c -> 00000187FC1ACBF0
[21:47:19.069] err:   	9e8e -> 00000187A3C50080
[21:47:19.069] err:   	12702 -> 00000187AC14FE20
[21:47:19.069] err:   	9fba -> 00000187A3C70330
[21:47:19.069] err:   	324f -> 00000187B7F6CAE0
[21:47:19.069] err:   	a3e4 -> 00000187A43CD8C0
[21:47:19.069] err:   	122c6 -> 00000187E56EAFB0
[21:47:19.069] err:   	33f3 -> 00000187D9ADD480
[21:47:19.069] err:   	12de7 -> 00000187B8604800
[21:47:19.069] err:   	9fb0 -> 00000187A3C72950
[21:47:19.069] err:   	13f5 -> 00000187F7DA0A30
[21:47:19.069] err:   	a52c -> 00000187AB296FF0
[21:47:19.069] err:   	334a -> 00000187D9AC6A50
[21:47:19.069] err:   	e57c -> 00000187ECD21780
[21:47:19.069] err:   	1370 -> 00000187B8438AD0
[21:47:19.069] err:   	a311 -> 00000187A43AFC30
[21:47:19.069] err:   	a080 -> 00000187EA027F00
[21:47:19.069] err:   	3340 -> 00000187D9AC7D60
[21:47:19.069] err:   	137a -> 00000187F7D92570
[21:47:19.069] err:   	992c -> 00000187A4D9E530
[21:47:19.069] err:   	9e70 -> 00000187A3C4B440
[21:47:19.069] err:   	12f23 -> 00000187E5116CF0
[21:47:19.069] err:   	12c98 -> 00000187B85DD2F0
[21:47:19.069] err:   	32c5 -> 00000187B7F7E8D0
[21:47:19.069] err:   	e0c3 -> 00000187F835E780
[21:47:19.069] err:   	12f19 -> 00000187E5119310
[21:47:19.069] err:   	9c4e -> 00000187A448DF60
[21:47:19.069] err:   	128ab -> 00000187E3ABD2A0
[21:47:19.069] err:   	152b -> 00000187F7DCA560
[21:47:19.069] err:   	e1ef -> 00000187F83E1D60
[21:47:19.069] err:   	1285b -> 00000187E3AB2710
[21:47:19.069] err:   	e235 -> 00000187A3E18FF0
[21:47:19.069] err:   	1782 -> 00000187EF3A4370
[21:47:19.069] err:   	1384 -> 00000187F7D91260
[21:47:19.069] err:   	158f -> 00000187F361C5E0
[21:47:19.069] err:   	1ac1 -> 00000187FB657F00
[21:47:19.069] err:   	16d0 -> 00000187F3643AF0
[21:47:19.069] err:   	11f4f -> 00000187B8095530
[21:47:19.069] err:   	16df -> 00000187F3649A40
[21:47:19.069] err:   	a343 -> 00000187A43B4870
[21:47:19.069] err:   	16d8 -> 00000187F364AD50
[21:47:19.069] err:   	a5d8 -> 00000187AB2A8DE0
[21:47:19.069] err:   	a70c -> 00000187FC1C3620
[21:47:19.069] err:   	e109 -> 00000187F83C8D10
[21:47:19.069] err:   	12300 -> 00000187E56F0F00
[21:47:19.069] err:   	127bb -> 00000187AC165540
[21:47:19.069] err:   	8fbd -> 00000187D03F1270
[21:47:19.069] err:   	1599 -> 00000187F361D8F0
[21:47:19.069] err:   	a734 -> 00000187FC1C1000
[21:47:19.069] err:   	a1ca -> 00000187EA04BAE0
[21:47:19.069] err:   	e3d7 -> 00000187DA349430
[21:47:19.069] err:   	12905 -> 00000187E3AC9140
[21:47:19.069] err:   	1369 -> 00000187B8438E10
[21:47:19.069] err:   	136d -> 00000187B8439700
[21:47:19.069] err:   	e113 -> 00000187F83CB330
[21:47:19.069] err:   	a1e8 -> 00000187EA054050
[21:47:19.069] err:   	a1f2 -> 00000187EA055360
[21:47:19.069] err:   	11e4a -> 00000187E93EF750
[21:47:19.069] err:   	13dc -> 00000187F7DA4360
[21:47:19.069] err:   	a1c0 -> 00000187EA04F410
[21:47:19.069] err:   	1626 -> 00000187F362E3D0
[21:47:19.069] err:   	13a1 -> 00000187F7D94B90
[21:47:19.069] err:   	1a34 -> 00000187FC5D77E0
[21:47:19.069] err:   	13a9 -> 00000187F7D9AAE0
[21:47:19.069] err:   	e746 -> 00000187EFA1FE50
[21:47:19.069] err:   	1371 -> 00000187B8438A00
[21:47:19.069] err:   	12354 -> 00000187E57006D0
[21:47:19.069] err:   	126c7 -> 00000187AC1478B0
[21:47:19.069] err:   	137d -> 00000187F7D93880
[21:47:19.069] err:   	a51b -> 00000187AB2949D0
[21:47:19.069] err:   	1235c -> 00000187E56FF3C0
[21:47:19.069] err:   	11d64 -> 00000187E93D07B0
[21:47:19.069] err:   	a37f -> 00000187A43BE0F0
[21:47:19.069] err:   	1487 -> 00000187F7DBC0A0
[21:47:19.069] err:   	11e40 -> 00000187E93ED130
[21:47:19.069] err:   	e482 -> 00000187FBF90520
[21:47:19.069] err:   	14a9 -> 00000187F7DBD3B0
[21:47:19.069] err:   	a08a -> 00000187EA02B830
[21:47:19.069] err:   	16f2 -> 00000187F364D370
[21:47:19.069] err:   	16fa -> 00000187F364C060
[21:47:19.069] err:   	14f9 -> 00000187F7DC6C30
[21:47:19.069] err:   	14c7 -> 00000187F7DBE6C0
[21:47:19.069] err:   	1491 -> 00000187F7DB9A80
[21:47:19.069] err:   	122be -> 00000187E56E7680
[21:47:19.069] err:   	1499 -> 00000187F7DBAD90
[21:47:19.069] err:   	a3a7 -> 00000187A43C0710
[21:47:19.069] err:   	14ef -> 00000187F7DC9250
[21:47:19.069] err:   	1416 -> 00000187F7DA5670
[21:47:19.069] err:   	125bb -> 00000187A5834800
[21:47:19.069] err:   	1663 -> 00000187F363A270
[21:47:19.069] err:   	1464 -> 00000187F7DB4E40
[21:47:19.069] err:   	11d81 -> 00000187E93D6700
[21:47:19.069] err:   	146e -> 00000187F7DB6150
[21:47:19.069] err:   	ec2a -> 00000187AC463680
[21:47:19.069] err:   	14d1 -> 00000187F7DC3300
[21:47:19.069] err:   	11d51 -> 00000187E93D40E0
[21:47:19.069] err:   	140e -> 00000187F7DA7C90
[21:47:19.069] err:   	12ead -> 00000187E5108830
[21:47:19.069] err:   	11df1 -> 00000187E93E1290
[21:47:19.069] err:   	a443 -> 00000187AB279360
[21:47:19.069] err:   	11dc1 -> 00000187E93DEC70
[21:47:19.069] err:   	1476 -> 00000187F7DB7460
[21:47:19.069] err:   	e6ac -> 00000187CFC447F0
[21:47:19.069] err:   	a46d -> 00000187AB27DFA0
[21:47:19.069] err:   	11f94 -> 00000187B80A7320
[21:47:19.069] err:   	a99d -> 00000187FB7B31B0
[21:47:19.069] err:   	11fe4 -> 00000187B80ABF60
[21:47:19.069] err:   	1217b -> 00000187DA1FEC60
[21:47:19.069] err:   	18cd -> 00000187EF3D17D0
[21:47:19.069] err:   	1751 -> 00000187EF39E420
[21:47:19.069] err:   	11fb2 -> 00000187B80A4D00
[21:47:19.069] err:   	1759 -> 00000187EF39D110
[21:47:19.069] err:   	18dd -> 00000187EF3D04C0
[21:47:19.069] err:   	17a9 -> 00000187EF3A8FB0
[21:47:19.069] err:   	a13e -> 00000187EA03B000
[21:47:19.069] err:   	e307 -> 00000187F83D5EC0
[21:47:19.069] err:   	121e7 -> 00000187DA20D120
[21:47:19.069] err:   	15c2 -> 00000187F3627170
[21:47:19.069] err:   	a116 -> 00000187EA0363C0
[21:47:19.069] err:   	15ea -> 00000187F3629790
[21:47:19.069] err:   	11d24 -> 00000187E93CBB70
[21:47:19.069] err:   	11f3b -> 00000187B809A170
[21:47:19.069] err:   	11c95 -> 00000187EF7E2A70
[21:47:19.069] err:   	1503 -> 00000187F7DC5920
[21:47:19.069] err:   	a574 -> 00000187AB29CF40
[21:47:19.069] err:   	11f31 -> 00000187B8098E60
[21:47:19.069] err:   	1553 -> 00000187F3615380
[21:47:19.069] err:   	1838 -> 00000187EF3B8780
[21:47:19.069] err:   	157b -> 00000187F361FF10
[21:47:19.069] err:   	11ea9 -> 00000187EF7A7150
[21:47:19.069] err:   	19c1 -> 00000187FC5C46E0
[21:47:19.069] err:   	1659 -> 00000187F3631D00
[21:47:19.069] err:   	14a2 -> 00000187F7DB8770
[21:47:19.069] err:   	e221 -> 00000187A3E17CE0
[21:47:19.069] err:   	136a -> 00000187B8438930
[21:47:19.069] err:   	136b -> 00000187B84374E0
[21:47:19.069] err:   	136c -> 00000187B8439D80
[21:47:19.069] err:   	12486 -> 00000187A580ACD0
[21:47:19.069] err:   	136e -> 00000187B8437C30
[21:47:19.069] err:   	136f -> 00000187B8439630
[21:47:19.069] err:   	1372 -> 00000187B8438380
[21:47:19.069] err:   	1374 -> 00000187F7D8D930
[21:47:19.069] err:   	1377 -> 00000187F7D8EC40
[21:47:19.069] err:   	138b -> 00000187F7D971B0
[21:47:19.069] err:   	1392 -> 00000187F7D984C0
[21:47:19.069] err:   	1399 -> 00000187F7D95EA0
[21:47:19.069] err:   	13b1 -> 00000187F7D997D0
[21:47:19.069] err:   	13b9 -> 00000187F7D9D100
[21:47:19.069] err:   	13c2 -> 00000187F7D9E410
[21:47:19.069] err:   	11beb -> 00000187EF7CAD30
[21:47:19.069] err:   	1453 -> 00000187F7DB1510
[21:47:19.069] err:   	13ca -> 00000187F7D9F720
[21:47:19.069] err:   	a716 -> 00000187FC1C2310
[21:47:19.069] err:   	145b -> 00000187F7DB2820
[21:47:19.069] err:   	13d3 -> 00000187F7D9BDF0
[21:47:19.069] err:   	13e5 -> 00000187F7DA1D40
[21:47:19.069] err:   	13ed -> 00000187F7DA3050
[21:47:19.069] err:   	13fd -> 00000187F7DA8FA0
[21:47:19.069] err:   	1405 -> 00000187F7DA6980
[21:47:19.069] err:   	1428 -> 00000187F7DAA2B0
[21:47:19.069] err:   	1432 -> 00000187F7DAEEF0
[21:47:19.069] err:   	1439 -> 00000187F7DAC8D0
[21:47:19.069] err:   	1441 -> 00000187F7DAB5C0
[21:47:19.069] err:   	a59c -> 00000187AB2A7AD0
[21:47:19.069] err:   	144b -> 00000187F7DB0200
[21:47:19.069] err:   	147d -> 00000187F7DB3B30
[21:47:19.069] err:   	a5c4 -> 00000187AB2AB400
[21:47:19.069] err:   	14b3 -> 00000187F7DBF9D0
[21:47:19.069] err:   	14bd -> 00000187F7DC1FF0
[21:47:19.069] err:   	14db -> 00000187F7DC4610
[21:47:19.069] err:   	14e5 -> 00000187F7DC0CE0
[21:47:19.069] err:   	150d -> 00000187F7DC7F40
[21:47:19.069] err:   	1a86 -> 00000187FB650CA0
[21:47:19.069] err:   	1517 -> 00000187F7DCB870
[21:47:19.069] err:   	1535 -> 00000187F3614070
[21:47:19.069] err:   	1549 -> 00000187F36179A0
[21:47:19.069] err:   	155d -> 00000187F3619FC0
[21:47:19.069] err:   	1567 -> 00000187F3618CB0
[21:47:19.069] err:   	1571 -> 00000187F361EC00
[21:47:19.069] err:   	a4ce -> 00000187AB287820
[21:47:19.069] err:   	1585 -> 00000187F361B2D0
[21:47:19.069] err:   	eacd -> 0000018785EEC590
[21:47:19.069] err:   	e023 -> 00000187F8349060
[21:47:19.069] err:   	15b8 -> 00000187F3622530
[21:47:19.069] err:   	15cc -> 00000187F3628480
[21:47:19.069] err:   	15d6 -> 00000187F3623840
[21:47:19.069] err:   	15e0 -> 00000187F3625E60
[21:47:19.069] err:   	15f4 -> 00000187F362D0C0
[21:47:19.069] err:   	1645 -> 00000187F3637C50
[21:47:19.069] err:   	15fe -> 00000187F362AAA0
[21:47:19.069] err:   	1608 -> 00000187F362F6E0
[21:47:19.069] err:   	1612 -> 00000187F362BDB0
[21:47:19.069] err:   	161c -> 00000187F36309F0
[21:47:19.069] err:   	164f -> 00000187F3636940
[21:47:19.069] err:   	166d -> 00000187F363B580
[21:47:19.069] err:   	1675 -> 00000187F363C890
[21:47:19.069] err:   	167d -> 00000187F3638F60
[21:47:19.069] err:   	1685 -> 00000187F36401C0
[21:47:19.069] err:   	168d -> 00000187F363EEB0
[21:47:19.069] err:   	169d -> 00000187F36427E0
[21:47:19.069] err:   	16a5 -> 00000187F36414D0
[21:47:19.069] err:   	16b0 -> 00000187F3644E00
[21:47:19.069] err:   	16bb -> 00000187F3647420
[21:47:19.069] err:   	16c6 -> 00000187F3646110
[21:47:19.069] err:   	16e6 -> 00000187F3648730
[21:47:19.069] err:   	16ec -> 00000187F364E680
[21:47:19.069] err:   	1702 -> 00000187F364F990
[21:47:19.070] err:   	11a93 -> 00000187B8349060
[21:47:19.070] err:   	e652 -> 00000187CFC3AF70
[21:47:19.070] err:   	1709 -> 00000187F3651FB0
[21:47:19.070] err:   	1717 -> 00000187F36532C0
[21:47:19.070] err:   	1720 -> 00000187F7D8FF50
[21:47:19.070] err:   	1728 -> 00000187EF395EB0
[21:47:19.070] err:   	1731 -> 00000187EF3971C0
[21:47:19.070] err:   	1739 -> 00000187EF394BA0
[21:47:19.070] err:   	a68a -> 00000187FC1ADF00
[21:47:19.070] err:   	1741 -> 00000187EF3997E0
[21:47:19.070] err:   	1749 -> 00000187EF39BE00
[21:47:19.070] err:   	1762 -> 00000187EF3984D0
[21:47:19.070] err:   	176a -> 00000187EF3A1D50
[21:47:19.070] err:   	1772 -> 00000187EF3A3060
[21:47:19.070] err:   	178c -> 00000187EF3A0A40
[21:47:19.070] err:   	1796 -> 00000187EF3A6990
[21:47:19.070] err:   	17a0 -> 00000187EF3A7CA0
[21:47:19.070] err:   	17b3 -> 00000187EF3A5680
[21:47:19.070] err:   	17bb -> 00000187EF3AC8E0
[21:47:19.070] err:   	1922 -> 00000187FC5AB690
[21:47:19.070] err:   	17cc -> 00000187EF3AEF00
[21:47:19.070] err:   	17d4 -> 00000187EF3AB5D0
[21:47:19.070] err:   	17de -> 00000187EF3B0210
[21:47:19.070] err:   	17e4 -> 00000187EF3B1520
[21:47:19.070] err:   	17ed -> 00000187EF3ADBF0
[21:47:19.070] err:   	17fd -> 00000187EF3B4E50
[21:47:19.070] err:   	11b5d -> 00000187EF7B8F40
[21:47:19.070] err:   	1805 -> 00000187EF3B6160
[21:47:19.070] err:   	180e -> 00000187EF3B7470
[21:47:19.070] err:   	1817 -> 00000187EF3B3B40
[21:47:19.070] err:   	181d -> 00000187EF3BADA0
[21:47:19.070] err:   	1826 -> 00000187EF3B9A90
[21:47:19.070] err:   	182f -> 00000187EF3BC0B0
[21:47:19.070] err:   	1842 -> 00000187EF3BD3C0
[21:47:19.070] err:   	184c -> 00000187EF3BF9E0
[21:47:19.070] err:   	1856 -> 00000187EF3C0CF0
[21:47:19.070] err:   	1868 -> 00000187EF3BE6D0
[21:47:19.070] err:   	186b -> 00000187EF3C6C40
[21:47:19.070] err:   	1873 -> 00000187EF3C4620
[21:47:19.070] err:   	e92b -> 00000187B9044520
[21:47:19.070] err:   	187c -> 00000187EF3C5930
[21:47:19.070] err:   	a9ce -> 00000187FB7B57D0
[21:47:19.070] err:   	1885 -> 00000187EF3C3310
[21:47:19.070] err:   	1897 -> 00000187EF3CB880
[21:47:19.070] err:   	189f -> 00000187EF3CCB90
[21:47:19.070] err:   	18a9 -> 00000187EF3C9260
[21:47:19.070] err:   	18b2 -> 00000187EF3CA570
[21:47:19.070] err:   	18bb -> 00000187EF3CF1B0
[21:47:19.070] err:   	18c5 -> 00000187EF3CDEA0
[21:47:19.070] err:   	18e7 -> 00000187F3634320
[21:47:19.070] err:   	18ef -> 00000187FC5A5740
[21:47:19.070] err:   	18f7 -> 00000187FC5A9070
[21:47:19.070] err:   	18fe -> 00000187FC5A6A50
[21:47:19.070] err:   	e848 -> 00000187A8ADA160
[21:47:19.070] err:   	1907 -> 00000187FC5A7D60
[21:47:19.070] err:   	1918 -> 00000187FC5ADCB0
[21:47:19.070] err:   	192a -> 00000187FC5AEFC0
[21:47:19.070] err:   	1933 -> 00000187FC5AC9A0
[21:47:19.070] err:   	193c -> 00000187FC5B15E0
[21:47:19.070] err:   	1945 -> 00000187FC5B6220
[21:47:19.070] err:   	194d -> 00000187FC5B3C00
[21:47:19.070] err:   	1956 -> 00000187FC5B28F0
[21:47:19.070] err:   	1967 -> 00000187FC5B9B50
[21:47:19.070] err:   	1971 -> 00000187FC5BAE60
[21:47:19.070] err:   	1978 -> 00000187FC5B7530
[21:47:19.070] err:   	1986 -> 00000187FC5B8840
[21:47:19.070] err:   	198f -> 00000187FC5BD480
[21:47:19.070] err:   	1998 -> 00000187FC5C0DB0
[21:47:19.070] err:   	19a2 -> 00000187FC5C20C0
[21:47:19.070] err:   	19aa -> 00000187FC5BE790
[21:47:19.070] err:   	a8c4 -> 00000187FB79A160
[21:47:19.070] err:   	19b3 -> 00000187FC5BFAA0
[21:47:19.070] err:   	19bb -> 00000187FC5C33D0
[21:47:19.070] err:   	19cb -> 00000187FC5C8010
[21:47:19.070] err:   	19df -> 00000187FC5C59F0
[21:47:19.070] err:   	19e8 -> 00000187FC5CA630
[21:47:19.070] err:   	19f1 -> 00000187FC5C6D00
[21:47:19.070] err:   	19fb -> 00000187FC5CDF60
[21:47:19.070] err:   	1a03 -> 00000187FC5CCC50
[21:47:19.070] err:   	1a0b -> 00000187FC5CF270
[21:47:19.070] err:   	1a12 -> 00000187FC5CB940
[21:47:19.070] err:   	1a15 -> 00000187FC5D3EB0
[21:47:19.070] err:   	1a18 -> 00000187FC5D2BA0
[21:47:19.070] err:   	1a1b -> 00000187FC5D0580
[21:47:19.070] err:   	1a1e -> 00000187FC5D51C0
[21:47:19.070] err:   	e4d4 -> 00000187FBF9C3C0
[21:47:19.070] err:   	1a2a -> 00000187FC5D1890
[21:47:19.070] err:   	1a3e -> 00000187FC5D8AF0
[21:47:19.070] err:   	1a48 -> 00000187FC5D64D0
[21:47:19.070] err:   	eb09 -> 0000018785EF5E10
[21:47:19.070] err:   	1a52 -> 00000187FC5DD730
[21:47:19.070] err:   	1a5c -> 00000187FC5D9E00
[21:47:19.070] err:   	1a66 -> 00000187857FE000
[21:47:19.070] err:   	1a6e -> 00000187857FF310
[21:47:19.070] err:   	11ff8 -> 00000187B80AF890
[21:47:19.070] err:   	1a76 -> 00000187FB64E680
[21:47:19.070] err:   	1a7e -> 00000187FB64F990
[21:47:19.070] err:   	1a8c -> 00000187FB64D370
[21:47:19.070] err:   	1a94 -> 00000187FB651FB0
[21:47:19.070] err:   	1a9b -> 00000187FB6545D0
[21:47:19.070] err:   	1aab -> 00000187FB6558E0
[21:47:19.070] err:   	1ab2 -> 00000187FB659210
[21:47:19.070] err:   	1aba -> 00000187FB656BF0
[21:47:19.070] err:   	1ac9 -> 00000187FB65A520
[21:47:19.070] err:   	1ad2 -> 0000018785800620
[21:47:19.070] err:   	3ad5 -> 00000187B8594A90
[21:47:19.070] err:   	3a2b -> 00000187B8581990
[21:47:19.070] err:   	97e9 -> 00000187EF3FFB90
[21:47:19.070] err:   	3c10 -> 00000187A8C536C0
[21:47:19.070] err:   	93f3 -> 00000187A6CC2E10
[21:47:19.070] err:   	3c1a -> 00000187A8C55CE0
[21:47:19.070] err:   	3b2c -> 00000187A468C3A0
[21:47:19.070] err:   	126bd -> 00000187AC1465A0
[21:47:19.070] err:   	39d5 -> 00000187F3B94DD0
[21:47:19.070] err:   	3bae -> 00000187A46A07B0
[21:47:19.070] err:   	12579 -> 00000187A582D5A0
[21:47:19.070] err:   	3a21 -> 00000187B857E060
[21:47:19.070] err:   	3970 -> 00000187F3B842F0
[21:47:19.070] err:   	397a -> 00000187F3B88F30
[21:47:19.070] err:   	3895 -> 00000187A6FA5780
[21:47:19.070] err:   	3a8e -> 00000187B8591160
[21:47:19.070] err:   	3b83 -> 00000187A469BB70
[21:47:19.070] err:   	398e -> 00000187F3B8A240
[21:47:19.070] err:   	12343 -> 00000187E56FE0B0
[21:47:19.070] err:   	3c2b -> 00000187A8C56FF0
[21:47:19.070] err:   	aa2f -> 00000187FB7C4FA0
[21:47:19.070] err:   	3b70 -> 00000187A4699550
[21:47:19.070] err:   	3aa3 -> 00000187B858FE50
[21:47:19.070] err:   	3a70 -> 00000187B858C520
[21:47:19.070] err:   	3a7a -> 00000187B8589F00
[21:47:19.070] err:   	3583 -> 00000187A9AD5C20
[21:47:19.070] err:   	32d9 -> 00000187B7F7FBE0
[21:47:19.070] err:   	1225d -> 00000187DA21DC00
[21:47:19.070] err:   	35f5 -> 00000187A9AE6700
[21:47:19.070] err:   	357a -> 00000187A9AD6F30
[21:47:19.070] err:   	33d5 -> 00000187D9AD8840
[21:47:19.070] err:   	34b5 -> 00000187AC1AB420
[21:47:19.070] err:   	3730 -> 00000187EF9AE680
[21:47:19.070] err:   	3695 -> 00000187AA4A2920
[21:47:19.070] err:   	3630 -> 00000187AA49B6C0
[21:47:19.070] err:   	363a -> 00000187AA49A3B0
[21:47:19.070] err:   	36d9 -> 00000187AA4AD4B0
[21:47:19.070] err:   	12e5d -> 00000187E50FB680
[21:47:19.070] err:   	31f5 -> 00000187F8D0ADD0
[21:47:19.070] err:   	3170 -> 00000187F8CF43A0
[21:47:19.070] err:   	37d2 -> 00000187EF9C3DA0
[21:47:19.070] err:   	327f -> 00000187B7F71720
[21:47:19.070] err:   	a2f4 -> 00000187A43A89D0
[21:47:19.070] err:   	33a3 -> 00000187D9AD4F10
[21:47:19.070] err:   	35d9 -> 00000187A9ADF4A0
[21:47:19.070] err:   	32e3 -> 00000187B7F7C2B0
[21:47:19.070] err:   	3354 -> 00000187D9AC9070
[21:47:19.070] err:   	3ac1 -> 00000187B8595DA0
[21:47:19.070] err:   	36cf -> 00000187AA4AC1A0
[21:47:19.070] err:   	a4e1 -> 00000187AB28C460
[21:47:19.070] err:   	335c -> 00000187D9AC4430
[21:47:19.070] err:   	a588 -> 00000187AB2A2E90
[21:47:19.070] err:   	3add -> 00000187B85970B0
[21:47:19.070] err:   	35a1 -> 00000187A9AD9550
[21:47:19.070] err:   	a4ff -> 00000187AB2923B0
[21:47:19.070] err:   	37aa -> 00000187EF9BDE50
[21:47:19.070] err:   	a6b2 -> 00000187FC1B6470
[21:47:19.070] err:   	35c7 -> 00000187A9ADBB70
[21:47:19.070] err:   	1267f -> 00000187AC13A700
[21:47:19.070] err:   	3597 -> 00000187A9AD4910
[21:47:19.070] err:   	3713 -> 00000187AA4B6D30
[21:47:19.070] err:   	3626 -> 00000187AC1A54D0
[21:47:19.070] err:   	3554 -> 00000187A9ACC3A0
[21:47:19.070] err:   	355e -> 00000187A9ACD6B0
[21:47:19.070] err:   	3a38 -> 00000187B857F370
[21:47:19.070] err:   	12015 -> 00000187B80B57E0
[21:47:19.070] err:   	33ad -> 00000187D9AD15E0
[21:47:19.070] err:   	3773 -> 00000187EF9B6BF0
[21:47:19.070] err:   	3743 -> 00000187EF9AD370
[21:47:19.070] err:   	12535 -> 00000187A581F0E0
[21:47:19.070] err:   	34bf -> 00000187AC1ADA40
[21:47:19.070] err:   	3bca -> 00000187A46A53F0
[21:47:19.070] err:   	37c8 -> 00000187EF9BF160
[21:47:19.070] err:   	3133 -> 00000187FC19F2C0
[21:47:19.070] err:   	313d -> 00000187F8CF3090
[21:47:19.070] err:   	3147 -> 00000187F8CF56B0
[21:47:19.070] err:   	3152 -> 00000187F8CF7CD0
[21:47:19.070] err:   	315c -> 00000187F8CF8FE0
[21:47:19.070] err:   	3166 -> 00000187F8CFA2F0
[21:47:19.070] err:   	317c -> 00000187F8CFDC20
[21:47:19.070] err:   	3188 -> 00000187F8CFC910
[21:47:19.070] err:   	3194 -> 00000187F8CFEF30
[21:47:19.070] err:   	3231 -> 00000187F8D0E700
[21:47:19.070] err:   	31a0 -> 00000187F8CFB600
[21:47:19.070] err:   	31aa -> 00000187F8D03B70
[21:47:19.070] err:   	31bd -> 00000187F8D00240
[21:47:19.070] err:   	31c6 -> 00000187F8D04E80
[21:47:19.070] err:   	a676 -> 00000187FC1B0520
[21:47:19.070] err:   	31cf -> 00000187F8D01550
[21:47:19.070] err:   	31d8 -> 00000187F8D09AC0
[21:47:19.070] err:   	31e1 -> 00000187F8D074A0
[21:47:19.070] err:   	31eb -> 00000187F8D06190
[21:47:19.070] err:   	a2aa -> 00000187A43A3D90
[21:47:19.070] err:   	31ff -> 00000187F8D0C0E0
[21:47:19.070] err:   	3209 -> 00000187F8D087B0
[21:47:19.070] err:   	3213 -> 00000187F8D0FA10
[21:47:19.070] err:   	321d -> 00000187F8D10D20
[21:47:19.070] err:   	3227 -> 00000187F8D0D3F0
[21:47:19.070] err:   	323b -> 00000187FC19A680
[21:47:19.070] err:   	3245 -> 00000187B7F6F100
[21:47:19.070] err:   	3259 -> 00000187B7F70410
[21:47:19.070] err:   	3262 -> 00000187B7F6B7D0
[21:47:19.070] err:   	326b -> 00000187B7F6DDF0
[21:47:19.070] err:   	a3be -> 00000187A43C6660
[21:47:19.070] err:   	3275 -> 00000187B7F76360
[21:47:19.070] err:   	3289 -> 00000187B7F77670
[21:47:19.070] err:   	3293 -> 00000187B7F75050
[21:47:19.070] err:   	329d -> 00000187B7F73D40
[21:47:19.071] err:   	32a7 -> 00000187B7F79C90
[21:47:19.071] err:   	32b1 -> 00000187B7F78980
[21:47:19.071] err:   	32bb -> 00000187B7F7D5C0
[21:47:19.071] err:   	32cf -> 00000187B7F7AFA0
[21:47:19.071] err:   	a914 -> 00000187FB79EDA0
[21:47:19.071] err:   	32ed -> 00000187B7F80EF0
[21:47:19.071] err:   	32f6 -> 00000187B7F85B30
[21:47:19.071] err:   	a63b -> 00000187FC1A7FB0
[21:47:19.071] err:   	374c -> 00000187EF9AF990
[21:47:19.071] err:   	32ff -> 00000187B7F84820
[21:47:19.071] err:   	3308 -> 00000187B7F82200
[21:47:19.071] err:   	3312 -> 00000187B7F86E40
[21:47:19.071] err:   	331b -> 00000187B7F83510
[21:47:19.071] err:   	3324 -> 00000187B7F88150
[21:47:19.071] err:   	332e -> 00000187B7F89460
[21:47:19.071] err:   	3336 -> 00000187F8CF69C0
[21:47:19.071] err:   	35d0 -> 00000187A9AE2DD0
[21:47:19.071] err:   	3366 -> 00000187D9ACDCB0
[21:47:19.071] err:   	12ef1 -> 00000187E51133C0
[21:47:19.071] err:   	336f -> 00000187D9ACA380
[21:47:19.071] err:   	a237 -> 00000187A3C3E290
[21:47:19.071] err:   	3378 -> 00000187D9ACB690
[21:47:19.071] err:   	3382 -> 00000187D9ACEFC0
[21:47:19.071] err:   	338a -> 00000187D9ACC9A0
[21:47:19.071] err:   	341b -> 00000187D9AE20C0
[21:47:19.071] err:   	3392 -> 00000187D9AD3C00
[21:47:19.071] err:   	339a -> 00000187D9AD02D0
[21:47:19.071] err:   	1241f -> 00000187E571AA30
[21:47:19.071] err:   	33b7 -> 00000187D9AD6220
[21:47:19.071] err:   	33c1 -> 00000187D9AD28F0
[21:47:19.071] err:   	33cb -> 00000187D9AD7530
[21:47:19.071] err:   	33df -> 00000187D9ADAE60
[21:47:19.071] err:   	33e9 -> 00000187D9ADC170
[21:47:19.071] err:   	33fd -> 00000187D9AD9B50
[21:47:19.071] err:   	3bb6 -> 00000187A469CE80
[21:47:19.071] err:   	3407 -> 00000187D9AE0DB0
[21:47:19.071] err:   	99ee -> 00000187A4DBFAF0
[21:47:19.071] err:   	3411 -> 00000187D9ADFAA0
[21:47:19.071] err:   	3425 -> 00000187D9ADE790
[21:47:19.071] err:   	342f -> 00000187B7F72A30
[21:47:19.071] err:   	3439 -> 00000187AC199630
[21:47:19.071] err:   	3441 -> 00000187AC19A940
[21:47:19.071] err:   	37f0 -> 00000187EF9C89E0
[21:47:19.071] err:   	344b -> 00000187AC19E270
[21:47:19.071] err:   	3454 -> 00000187AC19CF60
[21:47:19.071] err:   	345e -> 00000187AC19BC50
[21:47:19.071] err:   	3468 -> 00000187AC19F580
[21:47:19.071] err:   	3472 -> 00000187AC1A1BA0
[21:47:19.071] err:   	347b -> 00000187AC1A41C0
[21:47:19.071] err:   	3484 -> 00000187AC1A0890
[21:47:19.071] err:   	348d -> 00000187AC1A7AF0
[21:47:19.071] err:   	3497 -> 00000187AC1A8E00
[21:47:19.071] err:   	34a1 -> 00000187AC1A67E0
[21:47:19.071] err:   	a766 -> 00000187FC1CBB90
[21:47:19.071] err:   	34ab -> 00000187AC1A2EB0
[21:47:19.071] err:   	34c9 -> 00000187AC1AA110
[21:47:19.071] err:   	a78e -> 00000187FC1D1AE0
[21:47:19.071] err:   	34d3 -> 00000187AC1B0060
[21:47:19.071] err:   	39a2 -> 00000187F3B8DB70
[21:47:19.071] err:   	34dd -> 00000187AC1AED50
[21:47:19.071] err:   	1251d -> 00000187A58203F0
[21:47:19.071] err:   	34e7 -> 00000187AC1AC730
[21:47:19.071] err:   	34f1 -> 00000187AC1B1370
[21:47:19.071] err:   	3948 -> 00000187F3B81CD0
[21:47:19.071] err:   	34fb -> 00000187AC1B5FB0
[21:47:19.071] err:   	3505 -> 00000187AC1B2680
[21:47:19.071] err:   	3519 -> 00000187AC1B72C0
[21:47:19.071] err:   	3523 -> 00000187AC1B4CA0
[21:47:19.071] err:   	124b7 -> 00000187A580D2F0
[21:47:19.071] err:   	352d -> 00000187D9AC5740
[21:47:19.071] err:   	3537 -> 00000187A9ACE9C0
[21:47:19.071] err:   	3541 -> 00000187A9ACFCD0
[21:47:19.071] err:   	354b -> 00000187A9ACB090
[21:47:19.071] err:   	3568 -> 00000187A9AD0FE0
[21:47:19.071] err:   	3572 -> 00000187A9AD3600
[21:47:19.071] err:   	358d -> 00000187A9AD22F0
[21:47:19.071] err:   	35ab -> 00000187A9AD8240
[21:47:19.071] err:   	a463 -> 00000187AB27F2B0
[21:47:19.071] err:   	35b4 -> 00000187A9ADCE80
[21:47:19.071] err:   	3802 -> 00000187EF9C9CF0
[21:47:19.071] err:   	35bd -> 00000187A9ADA860
[21:47:19.071] err:   	a459 -> 00000187AB278050
[21:47:19.071] err:   	35e2 -> 00000187A9ADE190
[21:47:19.071] err:   	35eb -> 00000187A9AE1AC0
[21:47:19.071] err:   	3608 -> 00000187A9AE07B0
[21:47:19.071] err:   	3612 -> 00000187A9AE8D20
[21:47:19.071] err:   	361c -> 00000187A9AE40E0
[21:47:19.071] err:   	3644 -> 00000187AA49EFF0
[21:47:19.071] err:   	364e -> 00000187AA4990A0
[21:47:19.071] err:   	3658 -> 00000187AA49DCE0
[21:47:19.071] err:   	3662 -> 00000187AA49C9D0
[21:47:19.071] err:   	366d -> 00000187AA4A0300
[21:47:19.071] err:   	3677 -> 00000187AA4A4F40
[21:47:19.071] err:   	3681 -> 00000187AA4A6250
[21:47:19.071] err:   	368b -> 00000187AA4A1610
[21:47:19.071] err:   	3b18 -> 00000187A468E9C0
[21:47:19.071] err:   	369f -> 00000187AA4A3C30
[21:47:19.071] err:   	36a9 -> 00000187AA4A7560
[21:47:19.071] err:   	129d5 -> 00000187E3AE34A0
[21:47:19.071] err:   	36bd -> 00000187AA4A9B80
[21:47:19.071] err:   	36c6 -> 00000187AA4A8870
[21:47:19.071] err:   	36e2 -> 00000187AA4B3400
[21:47:19.071] err:   	36ec -> 00000187AA4AFAD0
[21:47:19.071] err:   	36f6 -> 00000187AA4B0DE0
[21:47:19.071] err:   	a2ea -> 00000187A43A76C0
[21:47:19.071] err:   	371d -> 00000187AA4B5A20
[21:47:19.071] err:   	3727 -> 00000187A9AE53F0
[21:47:19.071] err:   	3739 -> 00000187EF9AC060
[21:47:19.071] err:   	3756 -> 00000187EF9B1FB0
[21:47:19.071] err:   	dcf9 -> 00000187B8112110
[21:47:19.071] err:   	3760 -> 00000187EF9B45D0
[21:47:19.071] err:   	3769 -> 00000187EF9B0CA0
[21:47:19.071] err:   	377d -> 00000187EF9B32C0
[21:47:19.071] err:   	3787 -> 00000187EF9B9210
[21:47:19.071] err:   	a6d0 -> 00000187FC1B8A90
[21:47:19.071] err:   	378f -> 00000187EF9BB830
[21:47:19.071] err:   	3798 -> 00000187EF9B7F00
[21:47:19.071] err:   	37a1 -> 00000187EF9BCB40
[21:47:19.071] err:   	37b4 -> 00000187EF9BA520
[21:47:19.071] err:   	37dc -> 00000187EF9C1780
[21:47:19.071] err:   	37e6 -> 00000187EF9C0470
[21:47:19.071] err:   	3877 -> 00000187A6FA0B40
[21:47:19.071] err:   	37f9 -> 00000187EF9C50B0
[21:47:19.071] err:   	380b -> 00000187EF9C63C0
[21:47:19.071] err:   	3814 -> 00000187EF9C76D0
[21:47:19.071] err:   	381c -> 00000187AA4B4710
[21:47:19.071] err:   	3826 -> 00000187A6F95FB0
[21:47:19.071] err:   	382e -> 00000187A6F94CA0
[21:47:19.071] err:   	3836 -> 00000187A6F93990
[21:47:19.071] err:   	383e -> 00000187A6F9ABF0
[21:47:19.071] err:   	3847 -> 00000187A6F9BF00
[21:47:19.071] err:   	a9e2 -> 00000187FB7BB720
[21:47:19.071] err:   	3859 -> 00000187A6F985D0
[21:47:19.071] err:   	3863 -> 00000187A6F9E520
[21:47:19.071] err:   	386d -> 00000187A6F9D210
[21:47:19.071] err:   	3881 -> 00000187A6F9F830
[21:47:19.071] err:   	388b -> 00000187A6FA3160
[21:47:19.071] err:   	389f -> 00000187A6FA4470
[21:47:19.071] err:   	38a9 -> 00000187A6FA1E50
[21:47:19.071] err:   	38bd -> 00000187A6FA6A90
[21:47:19.071] err:   	38c7 -> 00000187A6FAA3C0
[21:47:19.071] err:   	38d1 -> 00000187A6FA90B0
[21:47:19.071] err:   	38db -> 00000187A6FAF000
[21:47:19.071] err:   	38e5 -> 00000187A6FAB6D0
[21:47:19.071] err:   	38ef -> 00000187A6FB0310
[21:47:19.071] err:   	38f9 -> 00000187A6FAC9E0
[21:47:19.071] err:   	3903 -> 00000187A6FADCF0
[21:47:19.071] err:   	a856 -> 00000187FB78CFB0
[21:47:19.071] err:   	390d -> 00000187A6FB1620
[21:47:19.071] err:   	3917 -> 00000187A6FB2930
[21:47:19.071] err:   	3920 -> 00000187EF9B58E0
[21:47:19.071] err:   	392a -> 00000187F3B7E3A0
[21:47:19.071] err:   	3934 -> 00000187F3B7BD80
[21:47:19.071] err:   	393e -> 00000187F3B809C0
[21:47:19.071] err:   	3952 -> 00000187F3B82FE0
[21:47:19.071] err:   	395c -> 00000187F3B7F6B0
[21:47:19.071] err:   	3966 -> 00000187F3B87C20
[21:47:19.071] err:   	3984 -> 00000187F3B85600
[21:47:19.071] err:   	3998 -> 00000187F3B86910
[21:47:19.071] err:   	39ac -> 00000187F3B8B550
[21:47:19.071] err:   	39b6 -> 00000187F3B8C860
[21:47:19.071] err:   	39c1 -> 00000187F3B8EE80
[21:47:19.071] err:   	aa86 -> 000001878B17B270
[21:47:19.071] err:   	39cb -> 00000187F3B90190
[21:47:19.071] err:   	39df -> 00000187F3B914A0
[21:47:19.071] err:   	39e9 -> 00000187F3B960E0
[21:47:19.071] err:   	a6a8 -> 00000187FC1B5160
[21:47:19.071] err:   	39fd -> 00000187F3B927B0
[21:47:19.071] err:   	3a07 -> 00000187F3B99A10
[21:47:19.071] err:   	3a0d -> 00000187F3B973F0
[21:47:19.071] err:   	3a17 -> 00000187A6F972C0
[21:47:19.071] err:   	3a35 -> 00000187B8580680
[21:47:19.071] err:   	3a3b -> 00000187B8583FB0
[21:47:19.071] err:   	3a3e -> 00000187B85878E0
[21:47:19.071] err:   	3a48 -> 00000187B8582CA0
[21:47:19.071] err:   	3a52 -> 00000187B85865D0
[21:47:19.071] err:   	3a5c -> 00000187B85852C0
[21:47:19.071] err:   	3a66 -> 00000187B8588BF0
[21:47:19.071] err:   	3a84 -> 00000187B858B210
[21:47:19.071] err:   	3a99 -> 00000187B858D830
[21:47:19.071] err:   	3aad -> 00000187B858EB40
[21:47:19.071] err:   	3ab7 -> 00000187B8593780
[21:47:19.071] err:   	3acb -> 00000187B8592470
[21:47:19.071] err:   	3ae7 -> 00000187B85983C0
[21:47:19.071] err:   	3af1 -> 00000187B85996D0
[21:47:19.071] err:   	3afb -> 00000187B859A9E0
[21:47:19.071] err:   	3b04 -> 00000187F3B7D090
[21:47:19.071] err:   	3b0e -> 00000187A4689D80
[21:47:19.071] err:   	3b22 -> 00000187A468FCD0
[21:47:19.071] err:   	3b36 -> 00000187A468D6B0
[21:47:19.071] err:   	3b54 -> 00000187A4695C20
[21:47:19.071] err:   	3b5d -> 00000187A4694910
[21:47:19.071] err:   	3b67 -> 00000187A4693600
[21:47:19.071] err:   	3b79 -> 00000187A4696F30
[21:47:19.071] err:   	3b8a -> 00000187A469A860
[21:47:19.071] err:   	3b94 -> 00000187A4698240
[21:47:19.071] err:   	3b9e -> 00000187A469E190
[21:47:19.071] err:   	3ba6 -> 00000187A469F4A0
[21:47:19.071] err:   	3bc0 -> 00000187A46A40E0
[21:47:19.071] err:   	3bd4 -> 00000187A46A2DD0
[21:47:19.071] err:   	3bde -> 00000187A46A1AC0
[21:47:19.071] err:   	3be8 -> 00000187A46A6700
[21:47:19.071] err:   	3bf2 -> 00000187A46A7A10
[21:47:19.071] err:   	3bfc -> 00000187B859BCF0
[21:47:19.071] err:   	3c06 -> 00000187A8C510A0
[21:47:19.071] err:   	3c22 -> 00000187A8C523B0
[21:47:19.071] err:   	3c36 -> 00000144F5BE3290
[21:47:19.071] err:   	3c3e -> 00000144F5BDF960
[21:47:19.071] err:   	3c45 -> 00000144F5BDE650
[21:47:19.071] err:   	3c4e -> 000001878B31D080
[21:47:19.071] err:   	3c58 -> 000001878B31E390
[21:47:19.071] err:   	3c60 -> 000001878B31BD70
[21:47:19.071] err:   	3c8a -> 000001878B31F6A0
[21:47:19.071] err:   	5d95 -> 000001878BE3C880
[21:47:19.071] err:   	5ace -> 00000187B7DDE3C0
[21:47:19.071] err:   	5e21 -> 00000187E599DBB0
[21:47:19.071] err:   	5e8e -> 00000187E59AE690
[21:47:19.071] err:   	5b2b -> 00000187B7DEA260
[21:47:19.071] err:   	5b3f -> 00000187B7DE8F50
[21:47:19.071] err:   	5f30 -> 00000187E507FD50
[21:47:19.071] err:   	5f3a -> 00000187E5082370
[21:47:19.071] err:   	582b -> 00000187F9CEA690
[21:47:19.071] err:   	59d2 -> 00000187F9D1DA40
[21:47:19.071] err:   	5eb5 -> 00000187E59B0CB0
[21:47:19.071] err:   	5cee -> 000001878BE27160
[21:47:19.071] err:   	5983 -> 00000187F9D18E00
[21:47:19.071] err:   	5b8e -> 00000187B7DF7410
[21:47:19.071] err:   	5e2b -> 00000187E59A14E0
[21:47:19.071] err:   	597a -> 00000187F9D1A110
[21:47:19.071] err:   	5b21 -> 00000187B7DE4310
[21:47:19.071] err:   	5bb5 -> 00000187B7DF8720
[21:47:19.071] err:   	5821 -> 00000187F9CE9380
[21:47:19.071] err:   	58ee -> 00000187F9D05D00
[21:47:19.071] err:   	5a70 -> 00000187B7DD2520
[21:47:19.071] err:   	57ce -> 00000187F9CDF360
[21:47:19.071] err:   	5510 -> 00000187A942B940
[21:47:19.071] err:   	551a -> 00000187A9429320
[21:47:19.071] err:   	5621 -> 00000187F9CA6060
[21:47:19.071] err:   	5795 -> 00000187F9CD9410
[21:47:19.071] err:   	57f5 -> 00000187F9CE2C90
[21:47:19.071] err:   	5730 -> 00000187F9CCE880
[21:47:19.071] err:   	573a -> 00000187F9CCAF50
[21:47:19.071] err:   	555f -> 00000187A9433EB0
[21:47:19.071] err:   	54ae -> 00000187A94220C0
[21:47:19.071] err:   	5650 -> 00000187F9CB3210
[21:47:19.071] err:   	565a -> 00000187F9CAF8E0
[21:47:19.071] err:   	547f -> 00000187A941C170
[21:47:19.071] err:   	56d9 -> 00000187F9CC29E0
[21:47:19.071] err:   	53ae -> 00000187FB779730
[21:47:19.071] err:   	53c3 -> 00000187FB77F680
[21:47:19.071] err:   	53f5 -> 00000187A940C9A0
[21:47:19.071] err:   	57ba -> 00000187F9CDBA30
[21:47:19.071] err:   	55b9 -> 00000187A943FD50
[21:47:19.071] err:   	1266f -> 00000187AC1393F0
[21:47:19.071] err:   	5587 -> 00000187A943C420
[21:47:19.071] err:   	56c7 -> 00000187F9CBA470
[21:47:19.071] err:   	5d5b -> 000001878BE31CF0
[21:47:19.071] err:   	56d0 -> 00000187F9CBF0B0
[21:47:19.071] err:   	55af -> 00000187A943D730
[21:47:19.071] err:   	55f1 -> 00000187A9445CA0
[21:47:19.071] err:   	5524 -> 00000187A942F270
[21:47:19.071] err:   	5591 -> 00000187A943B110
[21:47:19.071] err:   	55e7 -> 00000187A94482C0
[21:47:19.071] err:   	5506 -> 00000187A942A630
[21:47:19.071] err:   	5d02 -> 000001878BE24B40
[21:47:19.071] err:   	5a38 -> 00000187B7DC6680
[21:47:19.071] err:   	563d -> 00000187F9CAE5D0
[21:47:19.071] err:   	577b -> 00000187F9CD21B0
[21:47:19.071] err:   	5d48 -> 000001878BE309E0
[21:47:19.071] err:   	1252d -> 00000187A5822A10
[21:47:19.071] err:   	54b7 -> 00000187A9420DB0
[21:47:19.071] err:   	5682 -> 00000187F9CB7E50
[21:47:19.071] err:   	5489 -> 00000187A9419B50
[21:47:19.071] err:   	5bdd -> 00000187B7E00C90
[21:47:19.071] err:   	56aa -> 00000187F9CBCA90
[21:47:19.071] err:   	57d8 -> 00000187F9CE3FA0
[21:47:19.071] err:   	54c1 -> 00000187A94233D0
[21:47:19.071] err:   	56e2 -> 00000187F9CC3CF0
[21:47:19.071] err:   	5e67 -> 00000187E59A4E10
[21:47:19.071] err:   	5c62 -> 000001878BE17990
[21:47:19.071] err:   	5c32 -> 000001878BE0A7E0
[21:47:19.071] err:   	5726 -> 00000187F9CC6310
[21:47:19.071] err:   	545e -> 00000187A9417530
[21:47:19.071] err:   	5c58 -> 000001878BE12D50
[21:47:19.071] err:   	5ca8 -> 000001878BE1EBF0
[21:47:19.071] err:   	e3b9 -> 00000187DA345B00
[21:47:19.071] err:   	5474 -> 00000187A9414F10
[21:47:19.071] err:   	58c6 -> 00000187F9CFD790
[21:47:19.071] err:   	57a7 -> 00000187F9CDE050
[21:47:19.071] err:   	58da -> 00000187F9CFEAA0
[21:47:19.071] err:   	55c2 -> 00000187A943EA40
[21:47:19.071] err:   	57e1 -> 00000187F9CE1980
[21:47:19.071] err:   	571c -> 00000187F9CC7620
[21:47:19.071] err:   	5c29 -> 000001878BE0E110
[21:47:19.071] err:   	5834 -> 00000187F9CF18F0
[21:47:19.071] err:   	543d -> 00000187A9416220
[21:47:19.071] err:   	5573 -> 00000187A9438AF0
[21:47:19.071] err:   	5744 -> 00000187F9CCFB90
[21:47:19.071] err:   	574e -> 00000187F9CCC260
[21:47:19.071] err:   	554b -> 00000187A9432BA0
[21:47:19.071] err:   	5e5d -> 00000187E59A8740
[21:47:19.071] err:   	54f2 -> 00000187A94259F0
[21:47:19.071] err:   	5cc6 -> 000001878BE23830
[21:47:19.071] err:   	5eeb -> 00000187E59BB840
[21:47:19.071] err:   	5413 -> 00000187A9409070
[21:47:19.071] err:   	5c17 -> 000001878BE0BAF0
[21:47:19.071] err:   	5e18 -> 00000187B7DC5370
[21:47:19.071] err:   	5664 -> 00000187F9CB1F00
[21:47:19.071] err:   	566e -> 00000187F9CB0BF0
[21:47:19.071] err:   	53a2 -> 00000187FB77AA40
[21:47:19.071] err:   	53b7 -> 00000187FB780990
[21:47:19.071] err:   	53cd -> 00000187FB77E370
[21:47:19.071] err:   	53d7 -> 00000187FB782FB0
[21:47:19.071] err:   	53e1 -> 00000187FB7842C0
[21:47:19.071] err:   	53eb -> 00000187FB781CA0
[21:47:19.071] err:   	124a7 -> 00000187A580E600
[21:47:19.071] err:   	53ff -> 00000187A940A380
[21:47:19.071] err:   	5409 -> 00000187A940EFC0
[21:47:19.071] err:   	541d -> 00000187A94102D0
[21:47:19.071] err:   	5427 -> 00000187A940DCB0
[21:47:19.071] err:   	eb8b -> 0000018785EFE380
[21:47:19.071] err:   	5432 -> 00000187A94115E0
[21:47:19.071] err:   	5448 -> 00000187A94128F0
[21:47:19.071] err:   	5453 -> 00000187A9413C00
[21:47:19.071] err:   	5469 -> 00000187A9418840
[21:47:19.071] err:   	5493 -> 00000187A941D480
[21:47:19.071] err:   	e54b -> 00000187ECD1CB40
[21:47:19.071] err:   	549c -> 00000187A941E790
[21:47:19.071] err:   	54a5 -> 00000187A941AE60
[21:47:19.071] err:   	54cb -> 00000187A941FAA0
[21:47:19.071] err:   	54d4 -> 00000187A9428010
[21:47:19.071] err:   	54de -> 00000187A9426D00
[21:47:19.071] err:   	54e8 -> 00000187A94246E0
[21:47:19.071] err:   	54fc -> 00000187A942CC50
[21:47:19.071] err:   	552d -> 00000187A9430580
[21:47:19.071] err:   	5537 -> 00000187A9431890
[21:47:19.071] err:   	5541 -> 00000187A942DF60
[21:47:19.071] err:   	5555 -> 00000187A94377E0
[21:47:19.071] err:   	5569 -> 00000187A94364D0
[21:47:19.071] err:   	557d -> 00000187A94351C0
[21:47:19.071] err:   	559b -> 00000187A9439E00
[21:47:19.071] err:   	55a5 -> 00000187A9441060
[21:47:19.071] err:   	126b3 -> 00000187AC140650
[21:47:19.071] err:   	55cb -> 00000187A9443680
[21:47:19.071] err:   	55d4 -> 00000187A9444990
[21:47:19.071] err:   	55de -> 00000187A9442370
[21:47:19.071] err:   	55fb -> 00000187A9446FB0
[21:47:19.071] err:   	5605 -> 00000187FB77D060
[21:47:19.071] err:   	560f -> 00000187F9CA7370
[21:47:19.071] err:   	5618 -> 00000187F9CA8680
[21:47:19.071] err:   	562a -> 00000187F9CABFB0
[21:47:19.071] err:   	5634 -> 00000187F9CAD2C0
[21:47:19.071] err:   	5646 -> 00000187F9CAACA0
[21:47:19.071] err:   	5678 -> 00000187F9CB4520
[21:47:19.071] err:   	568c -> 00000187F9CB6B40
[21:47:19.071] err:   	5696 -> 00000187F9CB9160
[21:47:19.071] err:   	56a0 -> 00000187F9CB5830
[21:47:19.071] err:   	56b4 -> 00000187F9CBDDA0
[21:47:19.071] err:   	56be -> 00000187F9CBB780
[21:47:19.071] err:   	56eb -> 00000187F9CC03C0
[21:47:19.071] err:   	56f4 -> 00000187F9CC16D0
[21:47:19.071] err:   	56fe -> 00000187F9CC5000
[21:47:19.071] err:   	5abb -> 00000187B7DDAA90
[21:47:19.071] err:   	5708 -> 00000187F9CC8930
[21:47:19.071] err:   	5712 -> 00000187F9CC9C40
[21:47:19.071] err:   	5758 -> 00000187F9CD0EA0
[21:47:19.072] err:   	5761 -> 00000187F9CCD570
[21:47:19.072] err:   	576a -> 00000187F9CD5AE0
[21:47:19.072] err:   	5772 -> 00000187F9CD34C0
[21:47:19.072] err:   	5784 -> 00000187F9CD8100
[21:47:19.072] err:   	578d -> 00000187F9CD47D0
[21:47:19.072] err:   	579e -> 00000187F9CD6DF0
[21:47:19.072] err:   	57b0 -> 00000187F9CDA720
[21:47:19.072] err:   	57c4 -> 00000187F9CDCD40
[21:47:19.072] err:   	57eb -> 00000187F9CE0670
[21:47:19.072] err:   	57fe -> 00000187F9CE52B0
[21:47:19.072] err:   	5806 -> 00000187A940B690
[21:47:19.072] err:   	580e -> 00000187F9CEB9A0
[21:47:19.072] err:   	5817 -> 00000187F9CECCB0
[21:47:19.072] err:   	583d -> 00000187F9CF05E0
[21:47:19.072] err:   	5847 -> 00000187F9CEDFC0
[21:47:19.072] err:   	5851 -> 00000187F9CF2C00
[21:47:19.072] err:   	5859 -> 00000187F9CEF2D0
[21:47:19.072] err:   	5862 -> 00000187F9CF5220
[21:47:19.072] err:   	5d9f -> 000001878BE38F50
[21:47:19.072] err:   	586c -> 00000187F9CF3F10
[21:47:19.072] err:   	5876 -> 00000187F9CF8B50
[21:47:19.072] err:   	5880 -> 00000187F9CF9E60
[21:47:19.072] err:   	588a -> 00000187F9CF6530
[21:47:19.072] err:   	5894 -> 00000187F9CFB170
[21:47:19.072] err:   	589e -> 00000187F9CF7840
[21:47:19.072] err:   	58a8 -> 00000187F9CFFDB0
[21:47:19.072] err:   	58b2 -> 00000187F9CFC480
[21:47:19.072] err:   	58bc -> 00000187F9D010C0
[21:47:19.072] err:   	5ba1 -> 00000187B7DF6100
[21:47:19.072] err:   	58d0 -> 00000187F9D023D0
[21:47:19.072] err:   	58e4 -> 00000187F9D049F0
[21:47:19.072] err:   	5b49 -> 00000187B7DEDB90
[21:47:19.072] err:   	58f8 -> 00000187F9D036E0
[21:47:19.072] err:   	5902 -> 00000187F9D07010
[21:47:19.072] err:   	590a -> 00000187F9D0A940
[21:47:19.072] err:   	5914 -> 00000187F9D09630
[21:47:19.072] err:   	591c -> 00000187F9D08320
[21:47:19.072] err:   	5926 -> 00000187F9D0CF60
[21:47:19.072] err:   	592f -> 00000187F9D0E270
[21:47:19.072] err:   	5938 -> 00000187F9D0F580
[21:47:19.072] err:   	5942 -> 00000187F9D0BC50
[21:47:19.072] err:   	594c -> 00000187F9D12EB0
[21:47:19.072] err:   	5a25 -> 00000187B7DC8CA0
[21:47:19.072] err:   	5954 -> 00000187F9D141C0
[21:47:19.072] err:   	595e -> 00000187F9D10890
[21:47:19.072] err:   	5968 -> 00000187F9D154D0
[21:47:19.072] err:   	5971 -> 00000187F9D11BA0
[21:47:19.072] err:   	5a1d -> 00000187B7DC4060
[21:47:19.072] err:   	598c -> 00000187F9D167E0
[21:47:19.072] err:   	5996 -> 00000187F9D1B420
[21:47:19.072] err:   	59a0 -> 00000187F9D17AF0
[21:47:19.072] err:   	59aa -> 00000187F9D1C730
[21:47:19.072] err:   	59b4 -> 00000187F9D20060
[21:47:19.072] err:   	59be -> 00000187F9D1ED50
[21:47:19.072] err:   	59c8 -> 00000187F9D21370
[21:47:19.072] err:   	59db -> 00000187F9D25FB0
[21:47:19.072] err:   	59e4 -> 00000187F9D22680
[21:47:19.072] err:   	59ed -> 00000187F9D23990
[21:47:19.072] err:   	59f6 -> 00000187F9D24CA0
[21:47:19.072] err:   	59ff -> 00000187F9D272C0
[21:47:19.072] err:   	5a09 -> 00000187F9CA9990
[21:47:19.072] err:   	5d82 -> 000001878BE37C40
[21:47:19.072] err:   	5a13 -> 00000187B7DC7990
[21:47:19.072] err:   	5a2f -> 00000187B7DC9FB0
[21:47:19.072] err:   	5a42 -> 00000187B7DCB2C0
[21:47:19.072] err:   	5dfa -> 000001878BE44DF0
[21:47:19.072] err:   	5a4b -> 00000187B7DCC5D0
[21:47:19.072] err:   	5a54 -> 00000187B7DCFF00
[21:47:19.072] err:   	5a5e -> 00000187B7DD1210
[21:47:19.072] err:   	5a67 -> 00000187B7DCD8E0
[21:47:19.072] err:   	5a79 -> 00000187B7DCEBF0
[21:47:19.072] err:   	5a82 -> 00000187B7DD7160
[21:47:19.072] err:   	5a8c -> 00000187B7DD3830
[21:47:19.072] err:   	5a94 -> 00000187B7DD8470
[21:47:19.072] err:   	5a9e -> 00000187B7DD4B40
[21:47:19.072] err:   	5aa8 -> 00000187B7DD9780
[21:47:19.072] err:   	5ab1 -> 00000187B7DD5E50
[21:47:19.072] err:   	5ac4 -> 00000187B7DDD0B0
[21:47:19.072] err:   	5ad8 -> 00000187B7DDF6D0
[21:47:19.072] err:   	5ae1 -> 00000187B7DDBDA0
[21:47:19.072] err:   	5ae9 -> 00000187B7DE09E0
[21:47:19.072] err:   	5af3 -> 00000187B7DE5620
[21:47:19.072] err:   	5afd -> 00000187B7DE3000
[21:47:19.072] err:   	5b06 -> 00000187B7DE1CF0
[21:47:19.072] err:   	5b0f -> 00000187B7DE7C40
[21:47:19.072] err:   	5b19 -> 00000187B7DE6930
[21:47:19.072] err:   	5b35 -> 00000187B7DEB570
[21:47:19.072] err:   	5b53 -> 00000187B7DEEEA0
[21:47:19.072] err:   	5b5d -> 00000187B7DEC880
[21:47:19.072] err:   	5b67 -> 00000187B7DF3AE0
[21:47:19.072] err:   	5b71 -> 00000187B7DF14C0
[21:47:19.072] err:   	5b7b -> 00000187B7DF01B0
[21:47:19.072] err:   	5b85 -> 00000187B7DF27D0
[21:47:19.072] err:   	5b97 -> 00000187B7DF4DF0
[21:47:19.072] err:   	5cda -> 000001878BE1FF00
[21:47:19.072] err:   	5bab -> 00000187B7DF9A30
[21:47:19.072] err:   	5bbf -> 00000187B7DFAD40
[21:47:19.072] err:   	5bc9 -> 00000187B7DFC050
[21:47:19.072] err:   	5bd3 -> 00000187B7DFD360
[21:47:19.072] err:   	5be7 -> 00000187B7E01FA0
[21:47:19.072] err:   	5bf0 -> 00000187B7DFE670
[21:47:19.072] err:   	5bfa -> 00000187B7E032B0
[21:47:19.072] err:   	5c04 -> 00000187B7DFF980
[21:47:19.072] err:   	5c0e -> 00000187F9CE8070
[21:47:19.072] err:   	5c20 -> 000001878BE0CE00
[21:47:19.072] err:   	5c3b -> 000001878BE10730
[21:47:19.072] err:   	5c44 -> 000001878BE11A40
[21:47:19.072] err:   	5c4e -> 000001878BE0F420
[21:47:19.072] err:   	5c6c -> 000001878BE14060
[21:47:19.072] err:   	5c76 -> 000001878BE16680
[21:47:19.072] err:   	5c80 -> 000001878BE18CA0
[21:47:19.072] err:   	5c8a -> 000001878BE15370
[21:47:19.072] err:   	5c94 -> 000001878BE19FB0
[21:47:19.072] err:   	5c9e -> 000001878BE1C5D0
[21:47:19.072] err:   	5cb2 -> 000001878BE1D8E0
[21:47:19.072] err:   	5cbc -> 000001878BE1B2C0
[21:47:19.072] err:   	5cd0 -> 000001878BE21210
[21:47:19.072] err:   	5ce4 -> 000001878BE22520
[21:47:19.072] err:   	5cf8 -> 000001878BE28470
[21:47:19.072] err:   	5d0c -> 000001878BE29780
[21:47:19.072] err:   	5d16 -> 000001878BE25E50
[21:47:19.072] err:   	5d20 -> 000001878BE2AA90
[21:47:19.072] err:   	5d2a -> 000001878BE2BDA0
[21:47:19.072] err:   	5d34 -> 000001878BE2D0B0
[21:47:19.072] err:   	5d3e -> 000001878BE2F6D0
[21:47:19.072] err:   	5d51 -> 000001878BE2E3C0
[21:47:19.072] err:   	5d65 -> 000001878BE35620
[21:47:19.072] err:   	5d6f -> 000001878BE34310
[21:47:19.072] err:   	5d79 -> 000001878BE33000
[21:47:19.072] err:   	5d8c -> 000001878BE36930
[21:47:19.072] err:   	5da9 -> 000001878BE3DB90
[21:47:19.072] err:   	5dac -> 000001878BE3A260
[21:47:19.072] err:   	5db7 -> 000001878BE3EEA0
[21:47:19.072] err:   	5dc0 -> 000001878BE3B570
[21:47:19.072] err:   	ec81 -> 00000187AC466FB0
[21:47:19.072] err:   	5dca -> 000001878BE401B0
[21:47:19.072] err:   	5dd4 -> 000001878BE414C0
[21:47:19.072] err:   	5dde -> 000001878BE43AE0
[21:47:19.072] err:   	5de8 -> 000001878BE427D0
[21:47:19.072] err:   	5df1 -> 000001878BE46100
[21:47:19.072] err:   	5e04 -> 000001878BE48720
[21:47:19.072] err:   	e9e7 -> 00000187E62215E0
[21:47:19.072] err:   	5e0e -> 000001878BE47410
[21:47:19.072] err:   	5e33 -> 00000187E599EEC0
[21:47:19.072] err:   	5e3c -> 00000187E59A01D0
[21:47:19.072] err:   	5e44 -> 00000187E59A3B00
[21:47:19.072] err:   	5e4c -> 00000187E59A6120
[21:47:19.072] err:   	5e53 -> 00000187E59A27F0
[21:47:19.072] err:   	5e71 -> 00000187E59AAD60
[21:47:19.072] err:   	11d93 -> 00000187E93DC650
[21:47:19.072] err:   	5e7b -> 00000187E59AC070
[21:47:19.072] err:   	5e84 -> 00000187E59A7430
[21:47:19.072] err:   	5e98 -> 00000187E59AF9A0
[21:47:19.072] err:   	5ea2 -> 00000187E59A9A50
[21:47:19.072] err:   	5eac -> 00000187E59AD380
[21:47:19.072] err:   	5ebf -> 00000187E59B45E0
[21:47:19.072] err:   	5ec8 -> 00000187E59B32D0
[21:47:19.072] err:   	5ed1 -> 00000187E59B1FC0
[21:47:19.072] err:   	5eda -> 00000187E59B9220
[21:47:19.072] err:   	5ee2 -> 00000187E59B6C00
[21:47:19.072] err:   	1280b -> 00000187AC16C7A0
[21:47:19.072] err:   	5ef4 -> 00000187E59B58F0
[21:47:19.072] err:   	5efc -> 00000187CF89F9E0
[21:47:19.072] err:   	5f04 -> 00000187CF8A3310
[21:47:19.072] err:   	e851 -> 00000187A8AD8E50
[21:47:19.072] err:   	5f0c -> 00000187CF8A4620
[21:47:19.072] err:   	5f15 -> 00000187CF8A5930
[21:47:19.072] err:   	5f1c -> 00000187CF8A2000
[21:47:19.072] err:   	5f26 -> 00000187E5081060
[21:47:19.072] err:   	5f66 -> 00000187E5084990
[21:47:19.072] err:   	a12a -> 00000187EA03E930
[21:47:19.072] err:   	9148 -> 00000187AB481180
[21:47:19.072] err:   	9152 -> 00000187AB485DC0
[21:47:19.072] err:   	94d7 -> 00000187FB60B2C0
[21:47:19.072] err:   	9ac2 -> 00000187E5CA1380
[21:47:19.072] err:   	9ed4 -> 00000187A3C54CC0
[21:47:19.072] err:   	97df -> 00000187EF3FAF50
[21:47:19.072] err:   	9eb6 -> 00000187A3C572E0
[21:47:19.072] err:   	926a -> 00000187AB4A4D60
[21:47:19.072] err:   	9d2a -> 00000187A44B1B40
[21:47:19.072] err:   	9a20 -> 00000187A4DC6D50
[21:47:19.072] err:   	9313 -> 00000187A6CA2B60
[21:47:19.072] err:   	92ef -> 00000187A6C97FD0
[21:47:19.072] err:   	9435 -> 00000187A6CC7A50
[21:47:19.072] err:   	9065 -> 00000187D0406990
[21:47:19.072] err:   	9ede -> 00000187A3C59900
[21:47:19.072] err:   	8f9e -> 00000187D03EB320
[21:47:19.072] err:   	9b20 -> 00000187E5CABF10
[21:47:19.072] err:   	96ef -> 00000187EF3DD2C0
[21:47:19.072] err:   	8f94 -> 00000187D03E79F0
[21:47:19.072] err:   	962b -> 00000187FB637410
[21:47:19.072] err:   	90df -> 00000187AB4752E0
[21:47:19.072] err:   	9635 -> 00000187FB633AE0
[21:47:19.072] err:   	90fb -> 00000187AB47C540
[21:47:19.072] err:   	9082 -> 00000187D0408FB0
[21:47:19.072] err:   	9bb8 -> 00000187E5CC8890
[21:47:19.072] err:   	976a -> 00000187EF3EF0B0
[21:47:19.072] err:   	9721 -> 00000187EF3E4520
[21:47:19.072] err:   	9a07 -> 00000187A4DC2110
[21:47:19.072] err:   	99d4 -> 00000187A4DBAEB0
[21:47:19.072] err:   	9621 -> 00000187FB636100
[21:47:19.072] err:   	98b8 -> 00000187A4D939A0
[21:47:19.072] err:   	9b09 -> 00000187E5CAAC00
[21:47:19.072] err:   	9e23 -> 00000187A3C42ED0
[21:47:19.072] err:   	94cd -> 00000187FB60EBF0
[21:47:19.072] err:   	92c2 -> 00000187A6C93390
[21:47:19.072] err:   	96d4 -> 00000187EF3D8680
[21:47:19.072] err:   	148c4 -> 00000187F75A2940
[21:47:19.072] err:   	9cf1 -> 00000187A44A4990
[21:47:19.072] err:   	9cd9 -> 00000187A44A1060
[21:47:19.072] err:   	9b5a -> 00000187E5CB90C0
[21:47:19.072] err:   	9c3d -> 00000187A448A630
[21:47:19.072] err:   	98a4 -> 00000187A4D92690
[21:47:19.072] err:   	9b6a -> 00000187E5CB6AA0
[21:47:19.072] err:   	98ae -> 00000187A4D91380
[21:47:19.072] err:   	9c35 -> 00000187A448B940
[21:47:19.072] err:   	9865 -> 00000187EF410670
[21:47:19.072] err:   	9b52 -> 00000187E5CBA3D0
[21:47:19.072] err:   	9eac -> 00000187A3C51390
[21:47:19.072] err:   	9b7c -> 00000187E5CBB6E0
[21:47:19.072] err:   	9ddf -> 00000187A44C7260
[21:47:19.072] err:   	9982 -> 00000187A4DAF010
[21:47:19.072] err:   	9935 -> 00000187A4DA4480
[21:47:19.072] err:   	9d7c -> 00000187A44BA0B0
[21:47:19.072] err:   	9120 -> 00000187AB47B230
[21:47:19.072] err:   	92d4 -> 00000187A6C9B900
[21:47:19.072] err:   	912a -> 00000187AB4837A0
[21:47:19.072] err:   	9e52 -> 00000187A3C454F0
[21:47:19.072] err:   	9923 -> 00000187A4DA1E60
[21:47:19.072] err:   	91cd -> 00000187AB495590
[21:47:19.072] err:   	9f6a -> 00000187A3C6CA00
[21:47:19.072] err:   	9e3f -> 00000187A3C441E0
[21:47:19.072] err:   	9f60 -> 00000187A3C64490
[21:47:19.072] err:   	8ffb -> 00000187D03F3890
[21:47:19.072] err:   	8f09 -> 00000187D03DBB50
[21:47:19.072] err:   	9dd5 -> 00000187A44C8570
[21:47:19.072] err:   	963f -> 00000187FB639A30
[21:47:19.072] err:   	8ff1 -> 00000187D03F71C0
[21:47:19.072] err:   	9760 -> 00000187EF3EDDA0
[21:47:19.072] err:   	97d5 -> 00000187EF3F9C40
[21:47:19.072] err:   	929e -> 00000187D03EC630
[21:47:19.072] err:   	96f9 -> 00000187EF3DF8E0
[21:47:19.072] err:   	12b33 -> 00000187D96F6B70
[21:47:19.072] err:   	9fce -> 00000187A3C788A0
[21:47:19.072] err:   	8fdc -> 00000187D03F4BA0
[21:47:19.072] err:   	9230 -> 00000187AB4A2740
[21:47:19.072] err:   	8fc8 -> 00000187D03F2580
[21:47:19.072] err:   	8f26 -> 00000187D03DF480
[21:47:19.072] err:   	902c -> 00000187D03FD110
[21:47:19.072] err:   	942c -> 00000187A6CCA070
[21:47:19.072] err:   	8f12 -> 00000187D03D6F10
[21:47:19.072] err:   	8f1c -> 00000187D03D9530
[21:47:19.072] err:   	95d2 -> 00000187FB62EEA0
[21:47:19.072] err:   	8f30 -> 00000187D03DE170
[21:47:19.072] err:   	8f3a -> 00000187D03DCE60
[21:47:19.072] err:   	8f44 -> 00000187D03E2DB0
[21:47:19.072] err:   	8f4e -> 00000187D03E0790
[21:47:19.072] err:   	8f58 -> 00000187D03E40C0
[21:47:19.072] err:   	8f62 -> 00000187D03E8D00
[21:47:19.072] err:   	8f6c -> 00000187D03E1AA0
[21:47:19.072] err:   	8f76 -> 00000187D03E53D0
[21:47:19.072] err:   	8f80 -> 00000187D03E66E0
[21:47:19.072] err:   	8f8a -> 00000187D03ED940
[21:47:19.072] err:   	8fa9 -> 00000187D03EA010
[21:47:19.072] err:   	8fb3 -> 00000187D03EFF60
[21:47:19.072] err:   	8fd2 -> 00000187D03EEC50
[21:47:19.072] err:   	8fe6 -> 00000187D03F5EB0
[21:47:19.072] err:   	900f -> 00000187D03FBE00
[21:47:19.072] err:   	9022 -> 00000187D03F84D0
[21:47:19.072] err:   	9040 -> 00000187D0400A40
[21:47:19.072] err:   	9053 -> 00000187D0403060
[21:47:19.072] err:   	906e -> 00000187D0407CA0
[21:47:19.072] err:   	90a0 -> 00000187AB46E080
[21:47:19.072] err:   	90ca -> 00000187AB473FD0
[21:47:19.072] err:   	90d6 -> 00000187AB4719B0
[21:47:19.072] err:   	90e9 -> 00000187AB477900
[21:47:19.072] err:   	90f2 -> 00000187AB479F20
[21:47:19.072] err:   	9104 -> 00000187AB4765F0
[21:47:19.072] err:   	910d -> 00000187AB47D850
[21:47:19.072] err:   	9116 -> 00000187AB47EB60
[21:47:19.072] err:   	9134 -> 00000187AB47FE70
[21:47:19.072] err:   	913e -> 00000187AB484AB0
[21:47:19.072] err:   	9170 -> 00000187AB48AA00
[21:47:19.072] err:   	917a -> 00000187AB4870D0
[21:47:19.072] err:   	918d -> 00000187AB4883E0
[21:47:19.072] err:   	9196 -> 00000187AB48F640
[21:47:19.072] err:   	91a9 -> 00000187AB490950
[21:47:19.072] err:   	91bb -> 00000187AB494280
[21:47:19.072] err:   	91c4 -> 00000187AB491C60
[21:47:19.072] err:   	91d6 -> 00000187AB4968A0
[21:47:19.072] err:   	91f4 -> 00000187AB49C7F0
[21:47:19.072] err:   	9208 -> 00000187AB498EC0
[21:47:19.072] err:   	9212 -> 00000187AB49DB00
[21:47:19.072] err:   	9226 -> 00000187AB49B4E0
[21:47:19.072] err:   	923a -> 00000187AB4A3A50
[21:47:19.072] err:   	9261 -> 00000187AB4A6070
[21:47:19.072] err:   	928d -> 00000187AB4AACB0
[21:47:19.072] err:   	92a7 -> 00000187A6C946A0
[21:47:19.072] err:   	92b9 -> 00000187A6C992E0
[21:47:19.072] err:   	92e6 -> 00000187A6C9CC10
[21:47:19.072] err:   	92f8 -> 00000187A6C9F230
[21:47:19.072] err:   	930a -> 00000187A6CA0540
[21:47:19.072] err:   	95c8 -> 00000187FB62A260
[21:47:19.072] err:   	932e -> 00000187A6CA8AB0
[21:47:19.072] err:   	9340 -> 00000187A6CA9DC0
[21:47:19.072] err:   	934a -> 00000187A6CA6490
[21:47:19.072] err:   	935d -> 00000187A6CAC3E0
[21:47:19.072] err:   	9385 -> 00000187A6CB3640
[21:47:19.072] err:   	93b3 -> 00000187A6CB5C60
[21:47:19.072] err:   	93c5 -> 00000187A6CB6F70
[21:47:19.072] err:   	93d8 -> 00000187A6CBCEC0
[21:47:19.072] err:   	9406 -> 00000187A6CBF4E0
[21:47:19.072] err:   	940f -> 00000187A6CC4120
[21:47:19.072] err:   	9422 -> 00000187A6CC1B00
[21:47:19.072] err:   	943e -> 00000187A6CC8D60
[21:47:19.072] err:   	9447 -> 00000187A6CC6740
[21:47:19.072] err:   	9450 -> 00000187A6CCB380
[21:47:19.072] err:   	9462 -> 00000187A6CD12D0
[21:47:19.072] err:   	946c -> 00000187A6CCFFC0
[21:47:19.072] err:   	947f -> 00000187A6CCECB0
[21:47:19.072] err:   	949c -> 00000187FB605370
[21:47:19.072] err:   	94af -> 00000187FB607990
[21:47:19.072] err:   	94b9 -> 00000187FB604060
[21:47:19.072] err:   	94f5 -> 00000187FB60C5D0
[21:47:19.072] err:   	9506 -> 00000187FB613830
[21:47:19.072] err:   	950e -> 00000187FB612520
[21:47:19.072] err:   	9518 -> 00000187FB615E50
[21:47:19.072] err:   	9522 -> 00000187FB618470
[21:47:19.072] err:   	952c -> 00000187FB617160
[21:47:19.072] err:   	9540 -> 00000187FB619780
[21:47:19.072] err:   	9597 -> 00000187FB623000
[21:47:19.072] err:   	95a0 -> 00000187FB627C40
[21:47:19.072] err:   	95dc -> 00000187FB62B570
[21:47:19.072] err:   	95e6 -> 00000187FB6301B0
[21:47:19.072] err:   	95f0 -> 00000187FB62DB90
[21:47:19.072] err:   	95fa -> 00000187FB62C880
[21:47:19.072] err:   	9649 -> 00000187FB63AD40
[21:47:19.072] err:   	9653 -> 00000187FB63C050
[21:47:19.072] err:   	965d -> 00000187FB638720
[21:47:19.072] err:   	9685 -> 00000187FB63F980
[21:47:19.072] err:   	9699 -> 00000187FB640C90
[21:47:19.072] err:   	96ad -> 00000187EF3D9990
[21:47:19.072] err:   	96b7 -> 00000187EF3DACA0
[21:47:19.072] err:   	96c0 -> 00000187EF3D7370
[21:47:19.072] err:   	96ca -> 00000187EF3D6060
[21:47:19.072] err:   	96e5 -> 00000187EF3DBFB0
[21:47:19.072] err:   	9724 -> 00000187EF3E9160
[21:47:19.072] err:   	9774 -> 00000187EF3F3CF0
[21:47:19.072] err:   	977e -> 00000187EF3F29E0
[21:47:19.072] err:   	979c -> 00000187EF3F7620
[21:47:19.072] err:   	97c4 -> 00000187EF3FC260
[21:47:19.072] err:   	97cc -> 00000187EF3FD570
[21:47:19.072] err:   	97f3 -> 00000187EF400EA0
[21:47:19.072] err:   	97f6 -> 00000187EF4021B0
[21:47:19.072] err:   	9800 -> 00000187EF3FE880
[21:47:19.072] err:   	9ec0 -> 00000187A3C539B0
[21:47:19.072] err:   	9826 -> 00000187EF408100
[21:47:19.072] err:   	9841 -> 00000187EF40CD40
[21:47:19.072] err:   	9853 -> 00000187EF40A720
[21:47:19.072] err:   	986e -> 00000187EF412C90
[21:47:19.072] err:   	9877 -> 00000187EF411980
[21:47:19.072] err:   	9880 -> 00000187EF40F360
[21:47:19.072] err:   	98c0 -> 00000187A4D90070
[21:47:19.072] err:   	98ca -> 00000187A4D95FC0
[21:47:19.072] err:   	98e5 -> 00000187A4D985E0
[21:47:19.072] err:   	98f6 -> 00000187A4D998F0
[21:47:19.072] err:   	9908 -> 00000187A4D9F840
[21:47:19.072] err:   	9911 -> 00000187A4D9BF10
[21:47:19.072] err:   	991a -> 00000187A4DA0B50
[21:47:19.073] err:   	1299b -> 00000187E3ADFB70
[21:47:19.073] err:   	9fd8 -> 00000187A3C74F70
[21:47:19.073] err:   	993e -> 00000187A4DA5790
[21:47:19.073] err:   	9947 -> 00000187A4DA6AA0
[21:47:19.073] err:   	9950 -> 00000187A4DA3170
[21:47:19.073] err:   	9961 -> 00000187A4DA90C0
[21:47:19.073] err:   	9979 -> 00000187A4DAC9F0
[21:47:19.073] err:   	998a -> 00000187A4DAB6E0
[21:47:19.073] err:   	999a -> 00000187A4DB3C50
[21:47:19.073] err:   	99b3 -> 00000187A4DB4F60
[21:47:19.073] err:   	12fcb -> 00000187E5128AE0
[21:47:19.073] err:   	99c4 -> 00000187A4DB6270
[21:47:19.073] err:   	99cc -> 00000187A4DB9BA0
[21:47:19.073] err:   	99e5 -> 00000187A4DBD4D0
[21:47:19.073] err:   	99f6 -> 00000187A4DBE7E0
[21:47:19.073] err:   	9a10 -> 00000187A4DC0E00
[21:47:19.073] err:   	9a18 -> 00000187A4DC3420
[21:47:19.073] err:   	9a41 -> 00000187A4DC9370
[21:47:19.073] err:   	9a49 -> 00000187A4DCA680
[21:47:19.073] err:   	9a51 -> 00000187A4DCB990
[21:47:19.073] err:   	9a61 -> 00000187EF3E6B40
[21:47:19.073] err:   	9a7d -> 00000187E5C967F0
[21:47:19.073] err:   	9a97 -> 00000187E5CA0070
[21:47:19.073] err:   	12e66 -> 00000187E51028E0
[21:47:19.073] err:   	9aa7 -> 00000187E5C9ED60
[21:47:19.073] err:   	9ab1 -> 00000187E5C9C740
[21:47:19.073] err:   	9ab9 -> 00000187E5CA4CB0
[21:47:19.073] err:   	9aca -> 00000187E5CA5FC0
[21:47:19.073] err:   	9adc -> 00000187E5CA72D0
[21:47:19.073] err:   	9ae5 -> 00000187E5CA39A0
[21:47:19.073] err:   	9aee -> 00000187E5CA85E0
[21:47:19.073] err:   	9b00 -> 00000187E5CA98F0
[21:47:19.073] err:   	9b11 -> 00000187E5CAE530
[21:47:19.073] err:   	9b18 -> 00000187E5CAF840
[21:47:19.073] err:   	9b3a -> 00000187E5CB5790
[21:47:19.073] err:   	9b43 -> 00000187E5CB3170
[21:47:19.073] err:   	9b4b -> 00000187E5CB1E60
[21:47:19.073] err:   	127cf -> 00000187AC166850
[21:47:19.073] err:   	9b62 -> 00000187E5CB7DB0
[21:47:19.073] err:   	9ba0 -> 00000187E5CC2940
[21:47:19.073] err:   	9bc0 -> 00000187E5CC6270
[21:47:19.073] err:   	9bd8 -> 00000187E5CCD4D0
[21:47:19.073] err:   	9be9 -> 00000187E5CC9BA0
[21:47:19.073] err:   	9bf2 -> 00000187E5CCFAF0
[21:47:19.073] err:   	9bfa -> 00000187E5CCC1C0
[21:47:19.073] err:   	9c6e -> 00000187A44951C0
[21:47:19.073] err:   	1486b -> 00000187F759B6E0
[21:47:19.073] err:   	9c7e -> 00000187A44977E0
[21:47:19.073] err:   	9c90 -> 00000187A4499E00
[21:47:19.073] err:   	9c99 -> 00000187A4498AF0
[21:47:19.073] err:   	9ca9 -> 00000187A449D730
[21:47:19.073] err:   	9cb1 -> 00000187A449B110
[21:47:19.073] err:   	9cb9 -> 00000187A449FD50
[21:47:19.073] err:   	9ce9 -> 00000187A44A82C0
[21:47:19.073] err:   	9d12 -> 00000187A44ABBF0
[21:47:19.073] err:   	9d1a -> 00000187A44ACF00
[21:47:19.073] err:   	12d8f -> 00000187B85FAF80
[21:47:19.073] err:   	9d22 -> 00000187A44B0830
[21:47:19.073] err:   	9d32 -> 00000187A44AE210
[21:47:19.073] err:   	9d3a -> 00000187A44B2E50
[21:47:19.073] err:   	9d90 -> 00000187A44C0000
[21:47:19.073] err:   	9d9a -> 00000187A44BC6D0
[21:47:19.073] err:   	9dad -> 00000187A44BD9E0
[21:47:19.073] err:   	9db7 -> 00000187A44C2620
[21:47:19.073] err:   	9de9 -> 00000187A44C4C40
[21:47:19.073] err:   	9df3 -> 00000187A44C9880
[21:47:19.073] err:   	9dfc -> 00000187A44C5F50
[21:47:19.073] err:   	9e0f -> 00000187A3C408B0
[21:47:19.073] err:   	9e49 -> 00000187A3C48E20
[21:47:19.073] err:   	9eca -> 00000187A3C585F0
[21:47:19.073] err:   	9ee8 -> 00000187A3C55FD0
[21:47:19.073] err:   	9ef2 -> 00000187A3C5D230
[21:47:19.073] err:   	9f06 -> 00000187A3C5BF20
[21:47:19.073] err:   	9f10 -> 00000187A3C5AC10
[21:47:19.073] err:   	12969 -> 00000187E3AD8910
[21:47:19.073] err:   	9f1a -> 00000187A3C61E70
[21:47:19.073] err:   	9f74 -> 00000187A3C6A3E0
[21:47:19.073] err:   	12d39 -> 00000187B85EF0E0
[21:47:19.073] err:   	123db -> 00000187E570EB90
[21:47:19.073] err:   	9f7e -> 00000187A3C6B6F0
[21:47:19.073] err:   	9f9c -> 00000187A3C71640
[21:47:19.073] err:   	12329 -> 00000187E56F8160
[21:47:19.073] err:   	9fc4 -> 00000187A3C73C60
[21:47:19.073] err:   	9fec -> 00000187A3C76280
[21:47:19.073] err:   	9ff6 -> 00000187A3C77590
[21:47:19.073] err:   	a000 -> 00000187A3C7D4E0
[21:47:19.073] err:   	a00a -> 00000187A3C7C1D0
[21:47:19.073] err:   	a014 -> 00000187A3C7AEC0
[21:47:19.073] err:   	a01e -> 00000187A4491890
[21:47:19.073] err:   	a028 -> 00000187EA01D370
[21:47:19.073] err:   	a032 -> 00000187EA01F990
[21:47:19.073] err:   	a03c -> 00000187EA021FB0
[21:47:19.073] err:   	a046 -> 00000187EA020CA0
[21:47:19.073] err:   	a050 -> 00000187EA01C060
[21:47:19.073] err:   	a05a -> 00000187EA026BF0
[21:47:19.073] err:   	a064 -> 00000187EA0245D0
[21:47:19.073] err:   	a06e -> 00000187EA0258E0
[21:47:19.073] err:   	11c7a -> 00000187EF7E3D80
[21:47:19.073] err:   	a077 -> 00000187EA0232C0
[21:47:19.073] err:   	a094 -> 00000187EA02CB40
[21:47:19.073] err:   	a09e -> 00000187EA029210
[21:47:19.073] err:   	a0a8 -> 00000187EA02DE50
[21:47:19.073] err:   	a0b2 -> 00000187EA02A520
[21:47:19.073] err:   	a0bc -> 00000187EA02F160
[21:47:19.073] err:   	a0c6 -> 00000187EA031780
[21:47:19.073] err:   	a0d0 -> 00000187EA032A90
[21:47:19.073] err:   	a0da -> 00000187EA033DA0
[21:47:19.073] err:   	a0f8 -> 00000187EA0376D0
[21:47:19.073] err:   	a102 -> 00000187EA039CF0
[21:47:19.073] err:   	a10c -> 00000187EA0389E0
[21:47:19.073] err:   	a120 -> 00000187EA03C310
[21:47:19.073] err:   	a134 -> 00000187EA03D620
[21:47:19.073] err:   	a148 -> 00000187EA042260
[21:47:19.073] err:   	a152 -> 00000187EA043570
[21:47:19.073] err:   	a15c -> 00000187EA03FC40
[21:47:19.073] err:   	121c3 -> 00000187DA20AB00
[21:47:19.073] err:   	a166 -> 00000187EA044880
[21:47:19.073] err:   	a170 -> 00000187EA040F50
[21:47:19.073] err:   	a17a -> 00000187EA046EA0
[21:47:19.073] err:   	12b47 -> 00000187D96F7E80
[21:47:19.073] err:   	a184 -> 00000187EA0494C0
[21:47:19.073] err:   	a18e -> 00000187EA045B90
[21:47:19.073] err:   	a198 -> 00000187EA0481B0
[21:47:19.073] err:   	a1a2 -> 00000187EA04CDF0
[21:47:19.073] err:   	a1ac -> 00000187EA04E100
[21:47:19.073] err:   	a1b6 -> 00000187EA04A7D0
[21:47:19.073] err:   	a1d4 -> 00000187EA050720
[21:47:19.073] err:   	a1de -> 00000187EA052D40
[21:47:19.073] err:   	a1fc -> 00000187EA051A30
[21:47:19.073] err:   	a205 -> 00000187EA058C90
[21:47:19.073] err:   	a219 -> 00000187EA057980
[21:47:19.073] err:   	a223 -> 00000187EA059FA0
[21:47:19.073] err:   	a22d -> 00000187EA05B2B0
[21:47:19.073] err:   	a241 -> 00000187A43945C0
[21:47:19.073] err:   	a24b -> 00000187A43932B0
[21:47:19.073] err:   	a254 -> 00000187A4391FA0
[21:47:19.073] err:   	1269f -> 00000187AC143F80
[21:47:19.073] err:   	a25e -> 00000187A4397EF0
[21:47:19.073] err:   	a268 -> 00000187A4399200
[21:47:19.073] err:   	a272 -> 00000187A43958D0
[21:47:19.073] err:   	a27b -> 00000187A4396BE0
[21:47:19.073] err:   	1264e -> 00000187AC136DD0
[21:47:19.073] err:   	a28f -> 00000187A439F150
[21:47:19.073] err:   	a297 -> 00000187A439CB30
[21:47:19.073] err:   	a2a1 -> 00000187A439B820
[21:47:19.073] err:   	a2b4 -> 00000187A439DE40
[21:47:19.073] err:   	a2bd -> 00000187A43A50A0
[21:47:19.073] err:   	a824 -> 00000187FC1E12B0
[21:47:19.073] err:   	a2c6 -> 00000187A43A0460
[21:47:19.073] err:   	a2cf -> 00000187A43A1770
[21:47:19.073] err:   	a2d8 -> 00000187A43A2A80
[21:47:19.073] err:   	a2e1 -> 00000187A43A9CE0
[21:47:19.073] err:   	a2fe -> 00000187A43AAFF0
[21:47:19.073] err:   	a308 -> 00000187A43AC300
[21:47:19.073] err:   	a323 -> 00000187A43B0F40
[21:47:19.073] err:   	a32d -> 00000187A43B2250
[21:47:19.073] err:   	a336 -> 00000187A43AE920
[21:47:19.073] err:   	a339 -> 00000187A43B5B80
[21:47:19.073] err:   	a34d -> 00000187A43B3560
[21:47:19.073] err:   	a357 -> 00000187A43B81A0
[21:47:19.073] err:   	a361 -> 00000187A43B6E90
[21:47:19.073] err:   	a36b -> 00000187A43B94B0
[21:47:19.073] err:   	a375 -> 00000187A43BCDE0
[21:47:19.073] err:   	a389 -> 00000187A43BA7C0
[21:47:19.073] err:   	a391 -> 00000187A43BF400
[21:47:19.073] err:   	a399 -> 00000187A43BBAD0
[21:47:19.073] err:   	a3a1 -> 00000187A43C2D30
[21:47:19.073] err:   	a3a4 -> 00000187A43C4040
[21:47:19.073] err:   	a3aa -> 00000187A43C5350
[21:47:19.073] err:   	a3b4 -> 00000187A43C1A20
[21:47:19.073] err:   	a3c8 -> 00000187A43C8C80
[21:47:19.073] err:   	a3d2 -> 00000187A43CB2A0
[21:47:19.073] err:   	a3db -> 00000187A43C7970
[21:47:19.073] err:   	a3f7 -> 00000187A43CEBD0
[21:47:19.073] err:   	a400 -> 00000187A43CFEE0
[21:47:19.073] err:   	a40a -> 00000187A43CC5B0
[21:47:19.073] err:   	a413 -> 00000187EA01E680
[21:47:19.073] err:   	a41c -> 00000187AB274720
[21:47:19.073] err:   	a426 -> 00000187AB272100
[21:47:19.073] err:   	a430 -> 00000187AB276D40
[21:47:19.073] err:   	a43a -> 00000187AB273410
[21:47:19.073] err:   	a44d -> 00000187AB275A30
[21:47:19.073] err:   	a456 -> 00000187AB27CC90
[21:47:19.073] err:   	a477 -> 00000187AB27B980
[21:47:19.073] err:   	a480 -> 00000187AB2805C0
[21:47:19.073] err:   	a489 -> 00000187AB2818D0
[21:47:19.073] err:   	a492 -> 00000187AB285200
[21:47:19.073] err:   	a49d -> 00000187AB283EF0
[21:47:19.073] err:   	a4a7 -> 00000187AB282BE0
[21:47:19.073] err:   	a4b1 -> 00000187AB288B30
[21:47:19.073] err:   	a4ba -> 00000187AB289E40
[21:47:19.073] err:   	a4c4 -> 00000187AB286510
[21:47:19.073] err:   	a4d7 -> 00000187AB28EA80
[21:47:19.073] err:   	a4eb -> 00000187AB28B150
[21:47:19.073] err:   	a4f5 -> 00000187AB28D770
[21:47:19.073] err:   	a508 -> 00000187AB2936C0
[21:47:19.073] err:   	a524 -> 00000187AB2910A0
[21:47:19.073] err:   	a535 -> 00000187AB298300
[21:47:19.073] err:   	a53e -> 00000187AB299610
[21:47:19.073] err:   	a547 -> 00000187AB295CE0
[21:47:19.073] err:   	a558 -> 00000187AB29E250
[21:47:19.073] err:   	a562 -> 00000187AB29A920
[21:47:19.073] err:   	a56a -> 00000187AB2A0870
[21:47:19.073] err:   	a57e -> 00000187AB2A1B80
[21:47:19.073] err:   	a592 -> 00000187AB29F560
[21:47:19.073] err:   	a5a6 -> 00000187AB2A54B0
[21:47:19.073] err:   	a5b0 -> 00000187AB2A67C0
[21:47:19.073] err:   	a5ba -> 00000187AB2A41A0
[21:47:19.073] err:   	a5ce -> 00000187AB2AC710
[21:47:19.073] err:   	a5e2 -> 00000187AB2ADA20
[21:47:19.073] err:   	a5ec -> 00000187AB2AA0F0
[21:47:19.073] err:   	a5f6 -> 00000187AB2AED30
[21:47:19.073] err:   	a601 -> 00000187AB2B0040
[21:47:19.073] err:   	a60b -> 00000187AB2B1350
[21:47:19.073] err:   	a615 -> 00000187A43A63B0
[21:47:19.073] err:   	a61d -> 00000187FC1A3370
[21:47:19.073] err:   	a627 -> 00000187FC1A5990
[21:47:19.073] err:   	a631 -> 00000187FC1A6CA0
[21:47:19.073] err:   	a645 -> 00000187FC1A4680
[21:47:19.073] err:   	a64f -> 00000187FC1AA5D0
[21:47:19.073] err:   	a658 -> 00000187FC1AB8E0
[21:47:19.073] err:   	a662 -> 00000187FC1A92C0
[21:47:19.073] err:   	a680 -> 00000187FC1B1830
[21:47:19.073] err:   	a694 -> 00000187FC1B2B40
[21:47:19.073] err:   	a69e -> 00000187FC1AF210
[21:47:19.073] err:   	a6bc -> 00000187FC1B7780
[21:47:19.073] err:   	a6c6 -> 00000187FC1B3E50
[21:47:19.073] err:   	a6da -> 00000187FC1B9DA0
[21:47:19.073] err:   	a6f8 -> 00000187FC1BD6D0
[21:47:19.073] err:   	a702 -> 00000187FC1BC3C0
[21:47:19.073] err:   	a720 -> 00000187FC1BFCF0
[21:47:19.073] err:   	a72a -> 00000187FC1C4930
[21:47:19.073] err:   	a73e -> 00000187FC1C5C40
[21:47:19.073] err:   	a748 -> 00000187FC1CA880
[21:47:19.073] err:   	a752 -> 00000187FC1C8260
[21:47:19.073] err:   	a75c -> 00000187FC1C6F50
[21:47:19.073] err:   	a770 -> 00000187FC1C9570
[21:47:19.073] err:   	a77a -> 00000187FC1D07D0
[21:47:19.073] err:   	a784 -> 00000187FC1CCEA0
[21:47:19.073] err:   	a798 -> 00000187FC1CE1B0
[21:47:19.073] err:   	a7a2 -> 00000187FC1D2DF0
[21:47:19.073] err:   	a7ac -> 00000187FC1CF4C0
[21:47:19.073] err:   	a7b6 -> 00000187FC1D6720
[21:47:19.073] err:   	a7c0 -> 00000187FC1D4100
[21:47:19.073] err:   	11b3f -> 00000187EF7BA250
[21:47:19.073] err:   	a7ca -> 00000187FC1D8D40
[21:47:19.073] err:   	a7d4 -> 00000187FC1D7A30
[21:47:19.073] err:   	a7de -> 00000187FC1D5410
[21:47:19.073] err:   	a7e8 -> 00000187FC1DD980
[21:47:19.073] err:   	a7f2 -> 00000187FC1DA050
[21:47:19.073] err:   	a7fc -> 00000187FC1DB360
[21:47:19.073] err:   	a806 -> 00000187FC1DEC90
[21:47:19.073] err:   	a82e -> 00000187AB27A670
[21:47:19.073] err:   	12079 -> 00000187B80C1680
[21:47:19.073] err:   	a838 -> 00000187FB788370
[21:47:19.073] err:   	12083 -> 00000187B80C3CA0
[21:47:19.073] err:   	a842 -> 00000187FB78A990
[21:47:19.073] err:   	a84c -> 00000187FB787060
[21:47:19.073] err:   	a860 -> 00000187FB789680
[21:47:19.073] err:   	a86a -> 00000187FB78BCA0
[21:47:19.073] err:   	a874 -> 00000187FB78E2C0
[21:47:19.073] err:   	a87e -> 00000187FB78F5D0
[21:47:19.073] err:   	a888 -> 00000187FB792F00
[21:47:19.073] err:   	a892 -> 00000187FB794210
[21:47:19.073] err:   	a89c -> 00000187FB795520
[21:47:19.073] err:   	a8a6 -> 00000187FB791BF0
[21:47:19.073] err:   	a8b0 -> 00000187FB797B40
[21:47:19.073] err:   	a8ba -> 00000187FB798E50
[21:47:19.073] err:   	a8ce -> 00000187FB796830
[21:47:19.073] err:   	a8d8 -> 00000187FB79B470
[21:47:19.073] err:   	a8e2 -> 00000187FB7A00B0
[21:47:19.073] err:   	a8ec -> 00000187FB79C780
[21:47:19.073] err:   	a8f6 -> 00000187FB7A13C0
[21:47:19.073] err:   	a900 -> 00000187FB79DA90
[21:47:19.073] err:   	a90a -> 00000187FB7A26D0
[21:47:19.073] err:   	a91d -> 00000187FB7A7310
[21:47:19.073] err:   	11b35 -> 00000187EF7BB560
[21:47:19.073] err:   	a926 -> 00000187FB7A39E0
[21:47:19.073] err:   	a930 -> 00000187FB7A8620
[21:47:19.073] err:   	a93a -> 00000187FB7A6000
[21:47:19.073] err:   	a944 -> 00000187FB7A4CF0
[21:47:19.073] err:   	a94d -> 00000187FB7AAC40
[21:47:19.073] err:   	a957 -> 00000187FB7A9930
[21:47:19.073] err:   	a961 -> 00000187FB7AF880
[21:47:19.073] err:   	a96b -> 00000187FB7AD260
[21:47:19.073] err:   	a975 -> 00000187FB7ABF50
[21:47:19.073] err:   	a97f -> 00000187FB7B0B90
[21:47:19.073] err:   	a989 -> 00000187FB7B1EA0
[21:47:19.073] err:   	a993 -> 00000187FB7AE570
[21:47:19.073] err:   	a9a7 -> 00000187FB7B44C0
[21:47:19.073] err:   	a9b1 -> 00000187FB7B6AE0
[21:47:19.073] err:   	a9bb -> 00000187FB7B7DF0
[21:47:19.073] err:   	a9c4 -> 00000187FB7B9100
[21:47:19.073] err:   	a9d8 -> 00000187FB7BCA30
[21:47:19.073] err:   	a9eb -> 00000187FB7BA410
[21:47:19.073] err:   	a9f4 -> 00000187FB7C0360
[21:47:19.073] err:   	a9fe -> 00000187FB7BDD40
[21:47:19.073] err:   	aa08 -> 00000187FB7C2980
[21:47:19.073] err:   	aa12 -> 00000187FB7C1670
[21:47:19.073] err:   	aa1c -> 00000187FB7BF050
[21:47:19.073] err:   	aa26 -> 00000187FB7C3C90
[21:47:19.073] err:   	aa39 -> 00000187FB7C62B0
[21:47:19.073] err:   	aa42 -> 00000187FC1A2060
[21:47:19.073] err:   	aa4b -> 000001878B175320
[21:47:19.073] err:   	aa53 -> 000001878B176630
[21:47:19.073] err:   	aa5b -> 000001878B172D00
[21:47:19.073] err:   	127f7 -> 00000187AC167B60
[21:47:19.073] err:   	127c5 -> 00000187AC161C10
[21:47:19.073] err:   	dad9 -> 00000187A442A0E0
[21:47:19.073] err:   	ddc3 -> 00000187A51D7CC0
[21:47:19.073] err:   	ded2 -> 00000187EC8D9A90
[21:47:19.073] err:   	dbc3 -> 00000187A759CA90
[21:47:19.073] err:   	dcd2 -> 00000187B810E7E0
[21:47:19.073] err:   	de39 -> 00000187EC8C4370
[21:47:19.073] err:   	dbcd -> 00000187A759A470
[21:47:19.073] err:   	db27 -> 00000187A4435F80
[21:47:19.073] err:   	dcdb -> 00000187B8110E00
[21:47:19.073] err:   	ddcc -> 00000187A51D56A0
[21:47:19.073] err:   	dec1 -> 00000187EC8DADA0
[21:47:19.073] err:   	deda -> 00000187EC8DE6D0
[21:47:19.073] err:   	dfdd -> 00000187AA9BFCF0
[21:47:19.073] err:   	df34 -> 00000187AA9A4680
[21:47:19.073] err:   	dc38 -> 00000187B80FDD00
[21:47:19.073] err:   	dd34 -> 00000187A51C25A0
[21:47:19.073] err:   	130e3 -> 00000187E43FFA90
[21:47:19.073] err:   	de26 -> 00000187EC8C3060
[21:47:19.073] err:   	12bbd -> 00000187D9701700
[21:47:19.073] err:   	df3e -> 00000187AA9A92C0
[21:47:19.073] err:   	12c8e -> 00000187B85DBFE0
[21:47:19.073] err:   	dcc8 -> 00000187B810FAF0
[21:47:19.073] err:   	13271 -> 00000187A6BF15A0
[21:47:19.073] err:   	12a57 -> 00000187D96D7BD0
[21:47:19.073] err:   	da79 -> 00000187A441F550
[21:47:19.073] err:   	da82 -> 00000187A4420860
[21:47:19.073] err:   	da8c -> 00000187A4424190
[21:47:19.073] err:   	da96 -> 00000187A4422E80
[21:47:19.073] err:   	da9f -> 00000187A4421B70
[21:47:19.073] err:   	daa9 -> 00000187A4428DD0
[21:47:19.073] err:   	dab4 -> 00000187A44267B0
[21:47:19.073] err:   	dabd -> 00000187A4427AC0
[21:47:19.073] err:   	dac7 -> 00000187A442C700
[21:47:19.073] err:   	dad0 -> 00000187A442DA10
[21:47:19.073] err:   	dae2 -> 00000187A442ED20
[21:47:19.073] err:   	daeb -> 00000187A442B3F0
[21:47:19.073] err:   	daf5 -> 00000187A4430030
[21:47:19.073] err:   	daff -> 00000187A4432650
[21:47:19.073] err:   	db09 -> 00000187A4434C70
[21:47:19.073] err:   	db13 -> 00000187A4431340
[21:47:19.073] err:   	db1d -> 00000187A4433960
[21:47:19.073] err:   	db31 -> 00000187A7589990
[21:47:19.073] err:   	db3b -> 00000187A7588680
[21:47:19.073] err:   	db45 -> 00000187A758ACA0
[21:47:19.073] err:   	db4f -> 00000187A7587370
[21:47:19.073] err:   	db59 -> 00000187A758F8E0
[21:47:19.073] err:   	db63 -> 00000187A758D2C0
[21:47:19.073] err:   	db6d -> 00000187A758E5D0
[21:47:19.073] err:   	db76 -> 00000187A758BFB0
[21:47:19.073] err:   	db7f -> 00000187A7590BF0
[21:47:19.073] err:   	db88 -> 00000187A7594520
[21:47:19.073] err:   	db92 -> 00000187A7593210
[21:47:19.073] err:   	db9b -> 00000187A7595830
[21:47:19.073] err:   	dba5 -> 00000187A7591F00
[21:47:19.073] err:   	dbaf -> 00000187A7597E50
[21:47:19.073] err:   	dbb9 -> 00000187A7596B40
[21:47:19.073] err:   	dbd7 -> 00000187A7599160
[21:47:19.074] err:   	dbe1 -> 00000187A759B780
[21:47:19.074] err:   	dbeb -> 00000187A759F0B0
[21:47:19.074] err:   	dbf5 -> 00000187A759DDA0
[21:47:19.074] err:   	dbff -> 00000187A75A03C0
[21:47:19.074] err:   	dc09 -> 00000187A75A16D0
[21:47:19.074] err:   	dc13 -> 00000187A75A29E0
[21:47:19.074] err:   	dc1d -> 00000187A75A3CF0
[21:47:19.074] err:   	dc26 -> 00000187A44254A0
[21:47:19.074] err:   	dc2f -> 00000187B80F90C0
[21:47:19.074] err:   	dc41 -> 00000187B80FC9F0
[21:47:19.074] err:   	dc4a -> 00000187B80FF010
[21:47:19.074] err:   	dc53 -> 00000187B80FB6E0
[21:47:19.074] err:   	dc5c -> 00000187B8101630
[21:47:19.074] err:   	dc64 -> 00000187B8102940
[21:47:19.074] err:   	dc6d -> 00000187B8103C50
[21:47:19.074] err:   	dc76 -> 00000187B8100320
[21:47:19.074] err:   	dc7f -> 00000187B8107580
[21:47:19.074] err:   	dc88 -> 00000187B8104F60
[21:47:19.074] err:   	dc91 -> 00000187B8106270
[21:47:19.074] err:   	dc9a -> 00000187B8108890
[21:47:19.074] err:   	dca3 -> 00000187B810AEB0
[21:47:19.074] err:   	dcac -> 00000187B810C1C0
[21:47:19.074] err:   	dcb5 -> 00000187B810D4D0
[21:47:19.074] err:   	12cff -> 00000187B85EB7B0
[21:47:19.074] err:   	dcbe -> 00000187B8109BA0
[21:47:19.074] err:   	dce5 -> 00000187B8113420
[21:47:19.074] err:   	dcef -> 00000187B8114730
[21:47:19.074] err:   	dd03 -> 00000187B8115A40
[21:47:19.074] err:   	dd0c -> 00000187B8116D50
[21:47:19.074] err:   	dd16 -> 00000187A7586060
[21:47:19.074] err:   	dd20 -> 00000187A51C38B0
[21:47:19.074] err:   	dd2a -> 00000187A51C5ED0
[21:47:19.074] err:   	dd3e -> 00000187A51C84F0
[21:47:19.074] err:   	dd48 -> 00000187A51C71E0
[21:47:19.074] err:   	dd52 -> 00000187A51C9800
[21:47:19.074] err:   	dd5c -> 00000187A51CAB10
[21:47:19.074] err:   	dd5f -> 00000187A51CE440
[21:47:19.074] err:   	dd69 -> 00000187A51CBE20
[21:47:19.074] err:   	dd73 -> 00000187A51D0A60
[21:47:19.074] err:   	dd7d -> 00000187A51CF750
[21:47:19.074] err:   	dd87 -> 00000187A51CD130
[21:47:19.074] err:   	dd91 -> 00000187A51D1D70
[21:47:19.074] err:   	dd9b -> 00000187A51D3080
[21:47:19.074] err:   	dda5 -> 00000187A51D4390
[21:47:19.074] err:   	ddaf -> 00000187A51D8FD0
[21:47:19.074] err:   	ddb9 -> 00000187A51D69B0
[21:47:19.074] err:   	ddd4 -> 00000187A51DC900
[21:47:19.074] err:   	ddde -> 00000187A51DDC10
[21:47:19.074] err:   	dde7 -> 00000187A51DB5F0
[21:47:19.074] err:   	ddf1 -> 00000187A51DA2E0
[21:47:19.074] err:   	ddfb -> 00000187A51E0230
[21:47:19.074] err:   	de05 -> 00000187A51DEF20
[21:47:19.074] err:   	de08 -> 00000187A51E1540
[21:47:19.074] err:   	de12 -> 00000187B80FA3D0
[21:47:19.074] err:   	de1c -> 00000187EC8C5680
[21:47:19.074] err:   	de2f -> 00000187EC8CA2C0
[21:47:19.074] err:   	de43 -> 00000187EC8C6990
[21:47:19.074] err:   	de4b -> 00000187EC8CB5D0
[21:47:19.074] err:   	de55 -> 00000187EC8C7CA0
[21:47:19.074] err:   	de5e -> 00000187EC8CDBF0
[21:47:19.074] err:   	de67 -> 00000187EC8C8FB0
[21:47:19.074] err:   	de6f -> 00000187EC8D0210
[21:47:19.074] err:   	de79 -> 00000187EC8CC8E0
[21:47:19.074] err:   	de82 -> 00000187EC8D2830
[21:47:19.074] err:   	de8b -> 00000187EC8CEF00
[21:47:19.074] err:   	de94 -> 00000187EC8D4E50
[21:47:19.074] err:   	de9d -> 00000187EC8D1520
[21:47:19.074] err:   	dea6 -> 00000187EC8D6160
[21:47:19.074] err:   	deaf -> 00000187EC8D8780
[21:47:19.074] err:   	deb8 -> 00000187EC8D3B40
[21:47:19.074] err:   	dec9 -> 00000187EC8DD3C0
[21:47:19.074] err:   	dee4 -> 00000187EC8DF9E0
[21:47:19.074] err:   	deec -> 00000187EC8DC0B0
[21:47:19.074] err:   	def4 -> 00000187EC8E0CF0
[21:47:19.074] err:   	defd -> 00000187A51C4BC0
[21:47:19.074] err:   	df06 -> 00000187AA9A5990
[21:47:19.074] err:   	df0e -> 00000187AA9A6CA0
[21:47:19.074] err:   	df16 -> 00000187AA9A3370
[21:47:19.074] err:   	df20 -> 00000187AA9A2060
[21:47:19.074] err:   	df2a -> 00000187AA9AB8E0
[21:47:19.074] err:   	12d5f -> 00000187B85F7650
[21:47:19.074] err:   	df48 -> 00000187AA9A7FB0
[21:47:19.074] err:   	df52 -> 00000187AA9ADF00
[21:47:19.074] err:   	1311f -> 00000187E44020B0
[21:47:19.074] err:   	df5c -> 00000187AA9AF210
[21:47:19.074] err:   	df66 -> 00000187AA9B0520
[21:47:19.074] err:   	df6f -> 00000187AA9AA5D0
[21:47:19.074] err:   	df79 -> 00000187AA9B5160
[21:47:19.074] err:   	df83 -> 00000187AA9B3E50
[21:47:19.074] err:   	df8d -> 00000187AA9B1830
[21:47:19.074] err:   	df97 -> 00000187AA9B6470
[21:47:19.074] err:   	dfa1 -> 00000187AA9B2B40
[21:47:19.074] err:   	dfab -> 00000187AA9BB0B0
[21:47:19.074] err:   	dfb5 -> 00000187AA9B9DA0
[21:47:19.074] err:   	dfbf -> 00000187AA9B8A90
[21:47:19.074] err:   	dfc9 -> 00000187AA9B7780
[21:47:19.074] err:   	dfd3 -> 00000187AA9BE9E0
[21:47:19.074] err:   	dfe7 -> 00000187AA9BD6D0
[21:47:19.074] err:   	dff1 -> 00000187AA9BC3C0
[21:47:19.074] err:   	dffb -> 00000187EC8D7470
[21:47:19.074] err:   	e005 -> 00000187F834B680
[21:47:19.074] err:   	e00f -> 00000187F834C990
[21:47:19.074] err:   	e019 -> 00000187F834DCA0
[21:47:19.074] err:   	e02d -> 00000187F834EFB0
[21:47:19.074] err:   	e037 -> 00000187F83515D0
[21:47:19.074] err:   	e041 -> 00000187F8353BF0
[21:47:19.074] err:   	e04b -> 00000187F83502C0
[21:47:19.074] err:   	e055 -> 00000187F8354F00
[21:47:19.074] err:   	e05f -> 00000187F8356210
[21:47:19.074] err:   	e069 -> 00000187F83528E0
[21:47:19.074] err:   	e073 -> 00000187F835AE50
[21:47:19.074] err:   	e07d -> 00000187F8357520
[21:47:19.074] err:   	e087 -> 00000187F8358830
[21:47:19.074] err:   	e091 -> 00000187F8359B40
[21:47:19.074] err:   	e09b -> 00000187F835FA90
[21:47:19.074] err:   	e0a5 -> 00000187F835C160
[21:47:19.074] err:   	e0af -> 00000187F8360DA0
[21:47:19.074] err:   	e0b9 -> 00000187F835D470
[21:47:19.074] err:   	11cd0 -> 00000187E93BB090
[21:47:19.074] err:   	ea23 -> 00000187E6224F10
[21:47:19.074] err:   	e0cd -> 00000187F83646D0
[21:47:19.074] err:   	11cda -> 00000187E93BD6B0
[21:47:19.074] err:   	e0d7 -> 00000187F83633C0
[21:47:19.074] err:   	e0e1 -> 00000187F83620B0
[21:47:19.074] err:   	e0eb -> 00000187F8366CF0
[21:47:19.074] err:   	e0f5 -> 00000187F83659E0
[21:47:19.074] err:   	e0ff -> 00000187AA9ACBF0
[21:47:19.074] err:   	e11d -> 00000187F83C7A00
[21:47:19.074] err:   	e127 -> 00000187F83CEC60
[21:47:19.074] err:   	e131 -> 00000187F83CC640
[21:47:19.074] err:   	e13b -> 00000187F83CA020
[21:47:19.074] err:   	e145 -> 00000187F83CD950
[21:47:19.074] err:   	e14f -> 00000187F83D4BB0
[21:47:19.074] err:   	e159 -> 00000187F83D1280
[21:47:19.074] err:   	e163 -> 00000187F83CFF70
[21:47:19.074] err:   	e16d -> 00000187F83D38A0
[21:47:19.074] err:   	e177 -> 00000187F83D2590
[21:47:19.074] err:   	e181 -> 00000187F83D97F0
[21:47:19.074] err:   	e18b -> 00000187F83D84E0
[21:47:19.074] err:   	e195 -> 00000187F83DAB00
[21:47:19.074] err:   	e19f -> 00000187F83D71D0
[21:47:19.074] err:   	e1a9 -> 00000187F83DBE10
[21:47:19.074] err:   	e1b3 -> 00000187F83DD120
[21:47:19.074] err:   	e1bd -> 00000187F83DF740
[21:47:19.074] err:   	e1c7 -> 00000187F83E0A50
[21:47:19.074] err:   	e1d1 -> 00000187F83DE430
[21:47:19.074] err:   	e1db -> 00000187F83E4380
[21:47:19.074] err:   	e1e5 -> 00000187F83E5690
[21:47:19.074] err:   	e203 -> 00000187F834A370
[21:47:19.074] err:   	e20d -> 00000187A3E143B0
[21:47:19.074] err:   	e217 -> 00000187A3E169D0
[21:47:19.074] err:   	e22b -> 00000187A3E130A0
[21:47:19.074] err:   	e249 -> 00000187A3E1C920
[21:47:19.074] err:   	e253 -> 00000187A3E1A300
[21:47:19.074] err:   	e25d -> 00000187A3E1EF40
[21:47:19.074] err:   	e267 -> 00000187A3E1B610
[21:47:19.074] err:   	e271 -> 00000187A3E21560
[21:47:19.074] err:   	e27b -> 00000187A3E22870
[21:47:19.074] err:   	e285 -> 00000187A3E23B80
[21:47:19.074] err:   	e28f -> 00000187A3E20250
[21:47:19.074] err:   	e299 -> 00000187A3E261A0
[21:47:19.074] err:   	e2a3 -> 00000187A3E287C0
[21:47:19.074] err:   	e2ad -> 00000187A3E274B0
[21:47:19.074] err:   	e2b7 -> 00000187A3E24E90
[21:47:19.074] err:   	e2c1 -> 00000187A3E2ADE0
[21:47:19.074] err:   	e2cb -> 00000187A3E29AD0
[21:47:19.074] err:   	e2df -> 00000187A3E2C0F0
[21:47:19.074] err:   	e2e9 -> 00000187A3E30D30
[21:47:19.074] err:   	e2f3 -> 00000187A3E2D400
[21:47:19.074] err:   	e2fd -> 00000187A3E2E710
[21:47:19.074] err:   	e311 -> 00000187DA32F0D0
[21:47:19.074] err:   	e31b -> 00000187DA3303E0
[21:47:19.074] err:   	e325 -> 00000187DA335020
[21:47:19.074] err:   	e32f -> 00000187DA333D10
[21:47:19.074] err:   	e339 -> 00000187DA336330
[21:47:19.074] err:   	e343 -> 00000187DA3316F0
[21:47:19.074] err:   	e34d -> 00000187DA339C60
[21:47:19.074] err:   	e357 -> 00000187DA337640
[21:47:19.074] err:   	e361 -> 00000187DA33AF70
[21:47:19.074] err:   	e36b -> 00000187DA338950
[21:47:19.074] err:   	e375 -> 00000187DA33C280
[21:47:19.074] err:   	e37f -> 00000187DA33E8A0
[21:47:19.074] err:   	e389 -> 00000187DA33FBB0
[21:47:19.074] err:   	e393 -> 00000187DA33D590
[21:47:19.074] err:   	e39c -> 00000187DA3447F0
[21:47:19.074] err:   	e3a6 -> 00000187DA3434E0
[21:47:19.074] err:   	e3b0 -> 00000187DA340EC0
[21:47:19.074] err:   	e3cd -> 00000187DA348120
[21:47:19.074] err:   	e3e0 -> 00000187DA34A740
[21:47:19.074] err:   	e3ea -> 00000187DA346E10
[21:47:19.074] err:   	e3f4 -> 00000187DA34BA50
[21:47:19.074] err:   	e3fe -> 00000187DA34CD60
[21:47:19.074] err:   	e408 -> 00000187A3E156C0
[21:47:19.074] err:   	e412 -> 00000187FBF84680
[21:47:19.074] err:   	e41c -> 00000187FBF85990
[21:47:19.074] err:   	e426 -> 00000187FBF82060
[21:47:19.074] err:   	e430 -> 00000187FBF8A5D0
[21:47:19.074] err:   	e438 -> 00000187FBF83370
[21:47:19.074] err:   	e441 -> 00000187FBF8B8E0
[21:47:19.074] err:   	e44b -> 00000187FBF87FB0
[21:47:19.074] err:   	e454 -> 00000187FBF8CBF0
[21:47:19.074] err:   	e45e -> 00000187FBF892C0
[21:47:19.074] err:   	e467 -> 00000187FBF91830
[21:47:19.074] err:   	e470 -> 00000187FBF8DF00
[21:47:19.074] err:   	e479 -> 00000187FBF8F210
[21:47:19.074] err:   	e48b -> 00000187FBF95160
[21:47:19.074] err:   	e495 -> 00000187FBF93E50
[21:47:19.074] err:   	e498 -> 00000187FBF96470
[21:47:19.074] err:   	e4a2 -> 00000187FBF92B40
[21:47:19.074] err:   	e4aa -> 00000187FBF98A90
[21:47:19.074] err:   	e4b4 -> 00000187FBF99DA0
[21:47:19.074] err:   	e4be -> 00000187FBF9B0B0
[21:47:19.074] err:   	e4c7 -> 00000187FBF97780
[21:47:19.074] err:   	e4d1 -> 00000187FBF9E9E0
[21:47:19.074] err:   	e4de -> 00000187FBF9FCF0
[21:47:19.074] err:   	e4e1 -> 00000187FBF9D6D0
[21:47:19.074] err:   	e4eb -> 00000187DA332A00
[21:47:19.074] err:   	e4f5 -> 00000187ECD0C060
[21:47:19.074] err:   	e4ff -> 00000187ECD0F990
[21:47:19.074] err:   	e509 -> 00000187ECD0D370
[21:47:19.074] err:   	e513 -> 00000187ECD0E680
[21:47:19.074] err:   	e51d -> 00000187ECD132C0
[21:47:19.074] err:   	e527 -> 00000187ECD10CA0
[21:47:19.074] err:   	e52f -> 00000187ECD158E0
[21:47:19.074] err:   	e537 -> 00000187ECD17F00
[21:47:19.074] err:   	e542 -> 00000187ECD19210
[21:47:19.074] err:   	e545 -> 00000187ECD1A520
[21:47:19.074] err:   	e548 -> 00000187ECD16BF0
[21:47:19.074] err:   	e554 -> 00000187ECD1DE50
[21:47:19.074] err:   	e55e -> 00000187ECD1F160
[21:47:19.074] err:   	e568 -> 00000187ECD1B830
[21:47:19.074] err:   	e572 -> 00000187ECD20470
[21:47:19.074] err:   	e586 -> 00000187ECD23DA0
[21:47:19.074] err:   	e58f -> 00000187ECD22A90
[21:47:19.074] err:   	e598 -> 00000187ECD250B0
[21:47:19.074] err:   	e5a2 -> 00000187ECD29CF0
[21:47:19.074] err:   	e5ac -> 00000187ECD263C0
[21:47:19.074] err:   	11b71 -> 00000187EF7BDB80
[21:47:19.074] err:   	e5b6 -> 00000187ECD276D0
[21:47:19.074] err:   	e5bf -> 00000187ECD289E0
[21:47:19.074] err:   	e5c8 -> 00000187FBF86CA0
[21:47:19.074] err:   	e5d1 -> 00000187CFC29180
[21:47:19.074] err:   	e5da -> 00000187CFC2A490
[21:47:19.074] err:   	e5e4 -> 00000187CFC2B7A0
[21:47:19.074] err:   	e5ee -> 00000187CFC2F0D0
[21:47:19.074] err:   	e5f8 -> 00000187CFC2CAB0
[21:47:19.074] err:   	e602 -> 00000187CFC2DDC0
[21:47:19.074] err:   	e60c -> 00000187CFC316F0
[21:47:19.074] err:   	e616 -> 00000187CFC33D10
[21:47:19.074] err:   	e620 -> 00000187CFC36330
[21:47:19.074] err:   	e62a -> 00000187CFC35020
[21:47:19.074] err:   	e634 -> 00000187CFC32A00
[21:47:19.074] err:   	e63e -> 00000187CFC38950
[21:47:19.074] err:   	e648 -> 00000187CFC39C60
[21:47:19.074] err:   	e65c -> 00000187CFC37640
[21:47:19.074] err:   	e667 -> 00000187CFC3D590
[21:47:19.074] err:   	e671 -> 00000187CFC3FBB0
[21:47:19.074] err:   	e674 -> 00000187CFC3E8A0
[21:47:19.074] err:   	e67e -> 00000187CFC3C280
[21:47:19.074] err:   	e688 -> 00000187CFC40EC0
[21:47:19.074] err:   	e692 -> 00000187CFC45B00
[21:47:19.074] err:   	e69a -> 00000187CFC421D0
[21:47:19.074] err:   	e6a3 -> 00000187CFC46E10
[21:47:19.074] err:   	e6b5 -> 00000187CFC434E0
[21:47:19.074] err:   	e6bd -> 00000187ECD11FB0
[21:47:19.074] err:   	e6c8 -> 00000187EFA0E060
[21:47:19.074] err:   	e6d2 -> 00000187EFA0F370
[21:47:19.074] err:   	e6dc -> 00000187EFA12CA0
[21:47:19.074] err:   	e6e6 -> 00000187EFA13FB0
[21:47:19.074] err:   	e6f0 -> 00000187EFA152C0
[21:47:19.074] err:   	e703 -> 00000187EFA178E0
[21:47:19.074] err:   	e70d -> 00000187EFA18BF0
[21:47:19.074] err:   	e716 -> 00000187EFA19F00
[21:47:19.074] err:   	e720 -> 00000187EFA165D0
[21:47:19.074] err:   	e72a -> 00000187EFA1B210
[21:47:19.074] err:   	e733 -> 00000187EFA1C520
[21:47:19.074] err:   	e73c -> 00000187EFA1EB40
[21:47:19.074] err:   	e74f -> 00000187EFA21160
[21:47:19.074] err:   	e757 -> 00000187EFA1D830
[21:47:19.074] err:   	e769 -> 00000187EFA22470
[21:47:19.074] err:   	e772 -> 00000187EFA23780
[21:47:19.074] err:   	e77a -> 00000187EFA283C0
[21:47:19.074] err:   	e784 -> 00000187EFA270B0
[21:47:19.074] err:   	e78d -> 00000187EFA24A90
[21:47:19.074] err:   	e797 -> 00000187EFA296D0
[21:47:19.074] err:   	e7a0 -> 00000187EFA2BCF0
[21:47:19.074] err:   	e7aa -> 00000187EFA2A9E0
[21:47:19.074] err:   	e7b2 -> 00000187CFC303E0
[21:47:19.074] err:   	e7bc -> 00000187A8AC7060
[21:47:19.074] err:   	e7c6 -> 00000187A8AC8370
[21:47:19.074] err:   	e7d0 -> 00000187A8ACBCA0
[21:47:19.074] err:   	e7da -> 00000187A8ACCFB0
[21:47:19.074] err:   	e7e4 -> 00000187A8ACE2C0
[21:47:19.074] err:   	e7ee -> 00000187A8ACA990
[21:47:19.074] err:   	e7f8 -> 00000187A8AD2F00
[21:47:19.074] err:   	e802 -> 00000187A8AD08E0
[21:47:19.074] err:   	e80c -> 00000187A8ACF5D0
[21:47:19.074] err:   	e816 -> 00000187A8AD4210
[21:47:19.074] err:   	e821 -> 00000187A8AD5520
[21:47:19.074] err:   	e82b -> 00000187A8AD1BF0
[21:47:19.074] err:   	e835 -> 00000187A8AD7B40
[21:47:19.074] err:   	e83e -> 00000187A8AD6830
[21:47:19.074] err:   	e85a -> 00000187A8ADDA90
[21:47:19.075] err:   	e864 -> 00000187A8ADC780
[21:47:19.075] err:   	e86e -> 00000187A8ADEDA0
[21:47:19.075] err:   	e878 -> 00000187A8ADB470
[21:47:19.075] err:   	e882 -> 00000187A8AE39E0
[21:47:19.075] err:   	e88c -> 00000187A8AE13C0
[21:47:19.075] err:   	e895 -> 00000187A8AE00B0
[21:47:19.075] err:   	e89f -> 00000187A8AE6000
[21:47:19.075] err:   	e8a9 -> 00000187A8AE4CF0
[21:47:19.075] err:   	e8b3 -> 00000187A8AE26D0
[21:47:19.075] err:   	e8bd -> 00000187EFA10680
[21:47:19.075] err:   	e8c7 -> 00000187B9036060
[21:47:19.075] err:   	e8d1 -> 00000187B903BFB0
[21:47:19.075] err:   	e8db -> 00000187B903ACA0
[21:47:19.075] err:   	e8e5 -> 00000187B9038680
[21:47:19.075] err:   	e8ef -> 00000187B9037370
[21:47:19.075] err:   	e903 -> 00000187B903D2C0
[21:47:19.075] err:   	e90d -> 00000187B9041F00
[21:47:19.075] err:   	e917 -> 00000187B903F8E0
[21:47:19.075] err:   	e921 -> 00000187B9043210
[21:47:19.075] err:   	e935 -> 00000187B9040BF0
[21:47:19.075] err:   	e949 -> 00000187B9045830
[21:47:19.075] err:   	e953 -> 00000187B9049160
[21:47:19.075] err:   	e95b -> 00000187B904A470
[21:47:19.075] err:   	e965 -> 00000187B9046B40
[21:47:19.075] err:   	e96f -> 00000187B904CA90
[21:47:19.075] err:   	123be -> 00000187E570C570
[21:47:19.075] err:   	e979 -> 00000187B904F0B0
[21:47:19.075] err:   	12ebf -> 00000187E510E780
[21:47:19.075] err:   	e983 -> 00000187B904DDA0
[21:47:19.075] err:   	e98d -> 00000187B904B780
[21:47:19.075] err:   	e997 -> 00000187B90529E0
[21:47:19.075] err:   	e9a1 -> 00000187B9053CF0
[21:47:19.075] err:   	e9ab -> 00000187B90503C0
[21:47:19.075] err:   	e9b5 -> 00000187B90516D0
[21:47:19.075] err:   	e9bf -> 00000187A8AC9680
[21:47:19.075] err:   	e9c9 -> 00000187E621A380
[21:47:19.075] err:   	e9d3 -> 00000187E621C9A0
[21:47:19.075] err:   	e9dd -> 00000187E6219070
[21:47:19.075] err:   	e9f1 -> 00000187E621EFC0
[21:47:19.075] err:   	e9fb -> 00000187E621B690
[21:47:19.075] err:   	ea05 -> 00000187E62228F0
[21:47:19.075] err:   	ea0f -> 00000187E6223C00
[21:47:19.075] err:   	ea19 -> 00000187E621DCB0
[21:47:19.075] err:   	ea2d -> 00000187E6229B50
[21:47:19.075] err:   	ea37 -> 00000187E6226220
[21:47:19.075] err:   	ea41 -> 00000187E622AE60
[21:47:19.075] err:   	ea4b -> 00000187E6227530
[21:47:19.075] err:   	ea55 -> 00000187E622C170
[21:47:19.075] err:   	ea5f -> 00000187E6228840
[21:47:19.075] err:   	ea69 -> 00000187E622FAA0
[21:47:19.075] err:   	ea73 -> 00000187E6230DB0
[21:47:19.075] err:   	ea7d -> 00000187E622E790
[21:47:19.075] err:   	ea87 -> 00000187E622D480
[21:47:19.075] err:   	ea91 -> 00000187E62359F0
[21:47:19.075] err:   	ea9b -> 00000187E62320C0
[21:47:19.075] err:   	eaa5 -> 00000187E62346E0
[21:47:19.075] err:   	eaaf -> 00000187E6236D00
[21:47:19.075] err:   	eab9 -> 00000187E62333D0
[21:47:19.075] err:   	ead7 -> 0000018785EE9F70
[21:47:19.075] err:   	eae1 -> 0000018785EEEBB0
[21:47:19.075] err:   	eaeb -> 0000018785EEFEC0
[21:47:19.075] err:   	eaf5 -> 0000018785EEB280
[21:47:19.075] err:   	eaff -> 0000018785EF11D0
[21:47:19.075] err:   	eb13 -> 0000018785EF37F0
[21:47:19.075] err:   	eb1d -> 0000018785EF4B00
[21:47:19.075] err:   	eb27 -> 0000018785EF24E0
[21:47:19.075] err:   	eb31 -> 0000018785EF7120
[21:47:19.075] err:   	eb3b -> 0000018785EFBD60
[21:47:19.075] err:   	eb45 -> 0000018785EFAA50
[21:47:19.075] err:   	eb4f -> 0000018785EF8430
[21:47:19.075] err:   	eb59 -> 0000018785EFD070
[21:47:19.075] err:   	eb63 -> 0000018785EF9740
[21:47:19.075] err:   	eb6d -> 0000018785EFF690
[21:47:19.075] err:   	eb77 -> 0000018785F009A0
[21:47:19.075] err:   	eb81 -> 0000018785F01CB0
[21:47:19.075] err:   	eba8 -> 0000018785F07C00
[21:47:19.075] err:   	ebb2 -> 0000018785F042D0
[21:47:19.075] err:   	ebbc -> 0000018785F055E0
[21:47:19.075] err:   	ebc6 -> 00000187E62202D0
[21:47:19.075] err:   	ebd0 -> 00000187AC453EB0
[21:47:19.075] err:   	ebda -> 00000187AC458AF0
[21:47:19.075] err:   	ebe4 -> 00000187AC4551C0
[21:47:19.075] err:   	ebee -> 00000187AC459E00
[21:47:19.075] err:   	ebf8 -> 00000187AC4564D0
[21:47:19.075] err:   	ec02 -> 00000187AC4577E0
[21:47:19.075] err:   	ec0c -> 00000187AC45B110
[21:47:19.075] err:   	ec16 -> 00000187AC45D730
[21:47:19.075] err:   	ec20 -> 00000187AC45C420
[21:47:19.075] err:   	ec34 -> 00000187AC45FD50
[21:47:19.075] err:   	ec3d -> 00000187AC462370
[21:47:19.075] err:   	ec47 -> 00000187AC461060
[21:47:19.075] err:   	ec51 -> 00000187AC464990
[21:47:19.075] err:   	ec5a -> 00000187AC465CA0
[21:47:19.075] err:   	ec63 -> 00000187AC4682C0
[21:47:19.075] err:   	ec6d -> 00000187AC4695D0
[21:47:19.075] err:   	ec77 -> 00000187AC46A8E0
[21:47:19.075] err:   	ec8b -> 00000187AC46CF00
[21:47:19.075] err:   	eca1 -> 00000187AC46E210
[21:47:19.075] err:   	eca9 -> 00000187AC46BBF0
[21:47:19.075] err:   	ecac -> 00000187AC470830
[21:47:19.075] err:   	ecb6 -> 00000187AC471B40
[21:47:19.075] err:   	ecbe -> 0000018785EED8A0
[21:47:19.075] err:   	ecc6 -> 00000187EDDDFAB0
[21:47:19.075] err:   	ecce -> 00000187EDDDD490
[21:47:19.075] err:   	ecdd -> 00000187EDDDE7A0
[21:47:19.075] err:   	ece5 -> 00000187EDDE20D0
[21:47:19.075] err:   	eced -> 00000187EDDE33E0
[21:47:19.075] err:   	ecf6 -> 00000187EDDE46F0
[21:47:19.075] err:   	ed00 -> 00000187EDDE8020
[21:47:19.075] err:   	ed08 -> 00000187EDDE5A00
[21:47:19.075] err:   	ed10 -> 00000187EDDE9330
[21:47:19.075] err:   	ed18 -> 00000187EDDEA640
[21:47:19.075] err:   	ed22 -> 00000187EDDEF280
[21:47:19.075] err:   	11de7 -> 00000187E93E4BC0
[21:47:19.075] err:   	11f8a -> 00000187B80A26E0
[21:47:19.075] err:   	12e81 -> 00000187E51002C0
[21:47:19.075] err:   	12d30 -> 00000187B85F03F0
[21:47:19.075] err:   	11e36 -> 00000187E93F0A60
[21:47:19.075] err:   	12d55 -> 00000187B85F3D20
[21:47:19.075] err:   	11a89 -> 00000187B834C990
[21:47:19.075] err:   	12293 -> 00000187DA224E60
[21:47:19.075] err:   	11c8b -> 00000187EF7E1760
[21:47:19.075] err:   	11fc6 -> 00000187B80A6010
[21:47:19.075] err:   	12a9d -> 00000187D96E3A70
[21:47:19.075] err:   	1236d -> 00000187E5705310
[21:47:19.075] err:   	122e7 -> 00000187E56EC2C0
[21:47:19.075] err:   	1237e -> 00000187E57019E0
[21:47:19.075] err:   	11ecf -> 00000187B808CFC0
[21:47:19.075] err:   	12311 -> 00000187E56F3520
[21:47:19.075] err:   	1228a -> 00000187DA228790
[21:47:19.075] err:   	11acf -> 00000187EF7A9770
[21:47:19.075] err:   	1210f -> 00000187DA1F66F0
[21:47:19.075] err:   	11ad9 -> 00000187EF7AF6C0
[21:47:19.075] err:   	11bd9 -> 00000187EF7C9A20
[21:47:19.075] err:   	11b2b -> 00000187EF7B2FF0
[21:47:19.075] err:   	11ed9 -> 00000187B8089690
[21:47:19.075] err:   	11e2c -> 00000187E93EBE20
[21:47:19.075] err:   	11d3f -> 00000187E93CA860
[21:47:19.075] err:   	11e22 -> 00000187E93E71E0
[21:47:19.075] err:   	11c29 -> 00000187EF7D45B0
[21:47:19.075] err:   	11c32 -> 00000187EF7DA500
[21:47:19.075] err:   	11dcb -> 00000187E93E25A0
[21:47:19.075] err:   	11ec6 -> 00000187B8088380
[21:47:19.075] err:   	11f27 -> 00000187B8096840
[21:47:19.075] err:   	11b22 -> 00000187EF7B6920
[21:47:19.075] err:   	11ddd -> 00000187E93E38B0
[21:47:19.075] err:   	11fd0 -> 00000187B80AD270
[21:47:19.075] err:   	11a4e -> 00000187B8341E00
[21:47:19.075] err:   	11a57 -> 00000187B8346A40
[21:47:19.075] err:   	11a6b -> 00000187B834A370
[21:47:19.075] err:   	11a75 -> 00000187B834B680
[21:47:19.075] err:   	11a7f -> 00000187B8347D50
[21:47:19.075] err:   	11aa7 -> 00000187B83502C0
[21:47:19.075] err:   	11ab1 -> 00000187B834EFB0
[21:47:19.075] err:   	11abb -> 00000187EF7AAA80
[21:47:19.075] err:   	11ac5 -> 00000187EF7A8460
[21:47:19.075] err:   	11ae2 -> 00000187EF7AE3B0
[21:47:19.075] err:   	11af4 -> 00000187EF7B09D0
[21:47:19.075] err:   	11afe -> 00000187EF7AD0A0
[21:47:19.075] err:   	11b07 -> 00000187EF7B4300
[21:47:19.075] err:   	11b10 -> 00000187EF7B5610
[21:47:19.075] err:   	11b49 -> 00000187EF7B7C30
[21:47:19.075] err:   	11b53 -> 00000187EF7BC870
[21:47:19.075] err:   	11b67 -> 00000187EF7C01A0
[21:47:19.075] err:   	11b7b -> 00000187EF7C14B0
[21:47:19.075] err:   	11b85 -> 00000187EF7BEE90
[21:47:19.075] err:   	11b8f -> 00000187EF7C27C0
[21:47:19.075] err:   	11b99 -> 00000187EF7C3AD0
[21:47:19.075] err:   	11bac -> 00000187EF7C60F0
[21:47:19.075] err:   	11bbf -> 00000187EF7C4DE0
[21:47:19.075] err:   	11bc7 -> 00000187EF7CC040
[21:47:19.075] err:   	11d36 -> 00000187E93CCE80
[21:47:19.075] err:   	11bd0 -> 00000187EF7CD350
[21:47:19.075] err:   	11be2 -> 00000187EF7CE660
[21:47:19.075] err:   	11bf3 -> 00000187EF7CF970
[21:47:19.075] err:   	11bfc -> 00000187EF7D0C80
[21:47:19.075] err:   	11c05 -> 00000187EF7D58C0
[21:47:19.075] err:   	11c0e -> 00000187EF7D1F90
[21:47:19.075] err:   	11c17 -> 00000187EF7D32A0
[21:47:19.075] err:   	11c20 -> 00000187EF7D7EE0
[21:47:19.075] err:   	11c3b -> 00000187EF7D91F0
[21:47:19.075] err:   	11c4d -> 00000187EF7DDE30
[21:47:19.075] err:   	11c56 -> 00000187EF7DF140
[21:47:19.075] err:   	11c5f -> 00000187EF7DCB20
[21:47:19.075] err:   	11c71 -> 00000187EF7E0450
[21:47:19.075] err:   	11c83 -> 00000187EF7E5090
[21:47:19.075] err:   	11c9f -> 00000187EF7E63A0
[21:47:19.075] err:   	11ca9 -> 00000187B8343110
[21:47:19.075] err:   	11cbc -> 00000187E93BC3A0
[21:47:19.075] err:   	11cc5 -> 00000187E93BFCD0
[21:47:19.075] err:   	11ce4 -> 00000187E93C3600
[21:47:19.075] err:   	11ced -> 00000187E93C4910
[21:47:19.075] err:   	11cf6 -> 00000187E93C22F0
[21:47:19.075] err:   	11cff -> 00000187E93C9550
[21:47:19.075] err:   	11d08 -> 00000187E93C8240
[21:47:19.075] err:   	11d11 -> 00000187E93C6F30
[21:47:19.075] err:   	11d1a -> 00000187E93C5C20
[21:47:19.075] err:   	11d2d -> 00000187E93CE190
[21:47:19.075] err:   	11d48 -> 00000187E93CF4A0
[21:47:19.075] err:   	11d5b -> 00000187E93D2DD0
[21:47:19.075] err:   	11d6e -> 00000187E93D1AC0
[21:47:19.075] err:   	11d8a -> 00000187E93D53F0
[21:47:19.075] err:   	11d9c -> 00000187E93D8D20
[21:47:19.075] err:   	11da5 -> 00000187E93DB340
[21:47:19.075] err:   	11dae -> 00000187E93DA030
[21:47:19.075] err:   	11db7 -> 00000187E93DD960
[21:47:19.075] err:   	11dd4 -> 00000187E93DFF80
[21:47:19.075] err:   	11dfb -> 00000187E93E9800
[21:47:19.075] err:   	11e0e -> 00000187E93E84F0
[21:47:19.075] err:   	11e18 -> 00000187E93EAB10
[21:47:19.075] err:   	11e53 -> 00000187E93F1D70
[21:47:19.075] err:   	11e5b -> 00000187E93EE440
[21:47:19.075] err:   	11e63 -> 00000187E93F69B0
[21:47:19.075] err:   	11e6d -> 00000187E93F3080
[21:47:19.075] err:   	11e77 -> 00000187E93F7CC0
[21:47:19.075] err:   	11e95 -> 00000187E93F56A0
[21:47:19.075] err:   	11e9f -> 00000187E93FA2E0
[21:47:19.075] err:   	11eb3 -> 00000187B8087070
[21:47:19.075] err:   	11ee3 -> 00000187B808F5E0
[21:47:19.075] err:   	11eec -> 00000187B808BCB0
[21:47:19.075] err:   	11ef5 -> 00000187B80908F0
[21:47:19.075] err:   	11eff -> 00000187B808E2D0
[21:47:19.075] err:   	11f09 -> 00000187B8094220
[21:47:19.075] err:   	11f13 -> 00000187B8091C00
[21:47:19.075] err:   	11f1d -> 00000187B8092F10
[21:47:19.075] err:   	11f45 -> 00000187B809B480
[21:47:19.075] err:   	11f58 -> 00000187B809DAA0
[21:47:19.075] err:   	11f62 -> 00000187B80A00C0
[21:47:19.075] err:   	11f6c -> 00000187B809EDB0
[21:47:19.075] err:   	11f80 -> 00000187B80A13D0
[21:47:19.075] err:   	11f9e -> 00000187B80A39F0
[21:47:19.075] err:   	11fa8 -> 00000187B80A8630
[21:47:19.075] err:   	11fbc -> 00000187B80A9940
[21:47:19.075] err:   	11fee -> 00000187B80AAC50
[21:47:19.075] err:   	12002 -> 00000187B80B44D0
[21:47:19.075] err:   	1200c -> 00000187B80B0BA0
[21:47:19.075] err:   	1201f -> 00000187B80B1EB0
[21:47:19.075] err:   	12029 -> 00000187B80B6AF0
[21:47:19.075] err:   	12032 -> 00000187B80B31C0
[21:47:19.075] err:   	1203a -> 00000187B80BB730
[21:47:19.075] err:   	12044 -> 00000187B80B7E00
[21:47:19.075] err:   	1204e -> 00000187B80BA420
[21:47:19.075] err:   	12058 -> 00000187B80BCA40
[21:47:19.075] err:   	12062 -> 00000187B80B9110
[21:47:19.075] err:   	1206c -> 00000187B80BDD50
[21:47:19.075] err:   	12076 -> 00000187B80BF060
[21:47:19.075] err:   	1208d -> 00000187B80C0370
[21:47:19.075] err:   	12097 -> 00000187B80C2990
[21:47:19.075] err:   	120a1 -> 00000187B80C62C0
[21:47:19.075] err:   	120ab -> 00000187B80C4FB0
[21:47:19.075] err:   	120b5 -> 00000187E93C0FE0
[21:47:19.075] err:   	120bf -> 00000187DA1EBB60
[21:47:19.075] err:   	120c9 -> 00000187DA1ECE70
[21:47:19.075] err:   	120d3 -> 00000187DA1EA850
[21:47:19.075] err:   	120dd -> 00000187DA1F07A0
[21:47:19.075] err:   	120e7 -> 00000187DA1F1AB0
[21:47:19.075] err:   	120f1 -> 00000187DA1EE180
[21:47:19.075] err:   	120fb -> 00000187DA1F2DC0
[21:47:19.075] err:   	12105 -> 00000187DA1EF490
[21:47:19.075] err:   	12119 -> 00000187DA1F53E0
[21:47:19.075] err:   	12121 -> 00000187DA1F7A00
[21:47:19.075] err:   	1212a -> 00000187DA1F40D0
[21:47:19.075] err:   	12134 -> 00000187DA1FB330
[21:47:19.075] err:   	1213e -> 00000187DA1F8D10
[21:47:19.075] err:   	12148 -> 00000187DA1FC640
[21:47:19.075] err:   	1214b -> 00000187DA1FD950
[21:47:19.075] err:   	12155 -> 00000187DA1FA020
[21:47:19.075] err:   	1215f -> 00000187DA1FFF70
[21:47:19.075] err:   	12169 -> 00000187DA202590
[21:47:19.075] err:   	12172 -> 00000187DA201280
[21:47:19.075] err:   	12184 -> 00000187DA2038A0
[21:47:19.075] err:   	1218d -> 00000187DA2071D0
[21:47:19.075] err:   	12196 -> 00000187DA2084E0
[21:47:19.075] err:   	1219f -> 00000187DA204BB0
[21:47:19.075] err:   	121a8 -> 00000187DA2097F0
[21:47:19.075] err:   	121b1 -> 00000187DA205EC0
[21:47:19.075] err:   	121ba -> 00000187DA20E430
[21:47:19.075] err:   	121cc -> 00000187DA20F740
[21:47:19.075] err:   	121d5 -> 00000187DA20BE10
[21:47:19.075] err:   	121de -> 00000187DA210A50
[21:47:19.075] err:   	121f0 -> 00000187DA215690
[21:47:19.075] err:   	121f9 -> 00000187DA214380
[21:47:19.075] err:   	12203 -> 00000187DA211D60
[21:47:19.075] err:   	1220d -> 00000187DA2169A0
[21:47:19.075] err:   	12215 -> 00000187DA213070
[21:47:19.075] err:   	1221f -> 00000187DA21B5E0
[21:47:19.075] err:   	12228 -> 00000187DA218FC0
[21:47:19.075] err:   	12232 -> 00000187DA21A2D0
[21:47:19.075] err:   	1223a -> 00000187DA217CB0
[21:47:19.075] err:   	12242 -> 00000187DA21C8F0
[21:47:19.075] err:   	1224b -> 00000187DA220220
[21:47:19.075] err:   	12254 -> 00000187DA221530
[21:47:19.075] err:   	12266 -> 00000187DA222840
[21:47:19.075] err:   	1226f -> 00000187DA21EF10
[21:47:19.075] err:   	12278 -> 00000187DA227480
[21:47:19.075] err:   	12281 -> 00000187DA223B50
[21:47:19.075] err:   	1229c -> 00000187DA226170
[21:47:19.075] err:   	122a5 -> 00000187B8097B50
[21:47:19.075] err:   	122ad -> 00000187E56E6370
[21:47:19.075] err:   	122b6 -> 00000187E56E5060
[21:47:19.075] err:   	122ce -> 00000187E56E8990
[21:47:19.075] err:   	122d7 -> 00000187E56E9CA0
[21:47:19.075] err:   	122df -> 00000187E56EFBF0
[21:47:19.075] err:   	122ef -> 00000187E56EE8E0
[21:47:19.075] err:   	122f8 -> 00000187E56ED5D0
[21:47:19.075] err:   	12308 -> 00000187E56F2210
[21:47:19.075] err:   	12319 -> 00000187E56F4830
[21:47:19.075] err:   	12321 -> 00000187E56F9470
[21:47:19.075] err:   	12332 -> 00000187E56F6E50
[21:47:19.075] err:   	1233a -> 00000187E56FBA90
[21:47:19.075] err:   	1234b -> 00000187E56FA780
[21:47:19.075] err:   	12365 -> 00000187E56FCDA0
[21:47:19.075] err:   	12375 -> 00000187E5704000
[21:47:19.075] err:   	12386 -> 00000187E5706620
[21:47:19.075] err:   	1238e -> 00000187E5702CF0
[21:47:19.075] err:   	12396 -> 00000187E5707930
[21:47:19.075] err:   	1239e -> 00000187E5709F50
[21:47:19.075] err:   	123a6 -> 00000187E5708C40
[21:47:19.075] err:   	123ae -> 00000187E570B260
[21:47:19.075] err:   	123b6 -> 00000187E570D880
[21:47:19.075] err:   	123c8 -> 00000187E57124C0
[21:47:19.075] err:   	123d2 -> 00000187E570FEA0
[21:47:19.075] err:   	123e3 -> 00000187E57111B0
[21:47:19.075] err:   	123ec -> 00000187E5717100
[21:47:19.075] err:   	123f4 -> 00000187E5715DF0
[21:47:19.075] err:   	123fc -> 00000187E57137D0
[21:47:19.075] err:   	12406 -> 00000187E5714AE0
[21:47:19.075] err:   	1240e -> 00000187E571BD40
[21:47:19.075] err:   	12417 -> 00000187E5718410
[21:47:19.075] err:   	12428 -> 00000187E571D050
[21:47:19.075] err:   	12431 -> 00000187E5719720
[21:47:19.075] err:   	1243a -> 00000187E571E360
[21:47:19.075] err:   	12443 -> 00000187E5720980
[21:47:19.075] err:   	1244c -> 00000187E571F670
[21:47:19.075] err:   	12455 -> 00000187E5721C90
[21:47:19.075] err:   	1245e -> 00000187E57242B0
[21:47:19.075] err:   	12466 -> 00000187E5722FA0
[21:47:19.075] err:   	1246d -> 00000187DA1E9540
[21:47:19.075] err:   	12475 -> 00000187A58073A0
[21:47:19.075] err:   	1247e -> 00000187A5806090
[21:47:19.075] err:   	1248f -> 00000187A58099C0
[21:47:19.075] err:   	12498 -> 00000187A580F910
[21:47:19.075] err:   	124a0 -> 00000187A58086B0
[21:47:19.075] err:   	124af -> 00000187A5810C20
[21:47:19.075] err:   	124bf -> 00000187A5813240
[21:47:19.075] err:   	124c7 -> 00000187A5814550
[21:47:19.075] err:   	124d1 -> 00000187A5815860
[21:47:19.075] err:   	124d9 -> 00000187A5811F30
[21:47:19.075] err:   	124e3 -> 00000187A581A4A0
[21:47:19.075] err:   	124ed -> 00000187A5816B70
[21:47:19.075] err:   	124f5 -> 00000187A581B7B0
[21:47:19.075] err:   	124fd -> 00000187A5817E80
[21:47:19.075] err:   	12505 -> 00000187A581CAC0
[21:47:19.075] err:   	1250d -> 00000187A5819190
[21:47:19.075] err:   	12515 -> 00000187A5821700
[21:47:19.075] err:   	12525 -> 00000187A581DDD0
[21:47:19.075] err:   	1253e -> 00000187A5823D20
[21:47:19.075] err:   	12547 -> 00000187A5827650
[21:47:19.076] err:   	1254f -> 00000187A5825030
[21:47:19.076] err:   	12558 -> 00000187A5826340
[21:47:19.076] err:   	12560 -> 00000187A5829C70
[21:47:19.076] err:   	12569 -> 00000187A582C290
[21:47:19.076] err:   	12571 -> 00000187A5828960
[21:47:19.076] err:   	12582 -> 00000187A582E8B0
[21:47:19.076] err:   	1258a -> 00000187A582AF80
[21:47:19.076] err:   	12592 -> 00000187A58321E0
[21:47:19.076] err:   	1259a -> 00000187A58334F0
[21:47:19.076] err:   	125a3 -> 00000187A582FBC0
[21:47:19.076] err:   	125ab -> 00000187A5830ED0
[21:47:19.076] err:   	125b3 -> 00000187A5835B10
[21:47:19.076] err:   	125c3 -> 00000187A5839440
[21:47:19.076] err:   	125d3 -> 00000187A583A750
[21:47:19.076] err:   	125dc -> 00000187A583BA60
[21:47:19.076] err:   	125e5 -> 00000187A5838130
[21:47:19.076] err:   	125ee -> 00000187A58406A0
[21:47:19.076] err:   	125f6 -> 00000187A583CD70
[21:47:19.076] err:   	125fe -> 00000187A583E080
[21:47:19.076] err:   	12606 -> 00000187A58419B0
[21:47:19.076] err:   	1260e -> 00000187A5842CC0
[21:47:19.076] err:   	12616 -> 00000187A583F390
[21:47:19.076] err:   	1261e -> 00000187A5843FD0
[21:47:19.076] err:   	12626 -> 00000187A58452E0
[21:47:19.076] err:   	1262e -> 00000187E56F5B40
[21:47:19.076] err:   	12636 -> 00000187AC132190
[21:47:19.076] err:   	1263e -> 00000187AC1347B0
[21:47:19.076] err:   	12646 -> 00000187AC135AC0
[21:47:19.076] err:   	12657 -> 00000187AC130E80
[21:47:19.076] err:   	1265f -> 00000187AC13BA10
[21:47:19.076] err:   	12667 -> 00000187AC1380E0
[21:47:19.076] err:   	12677 -> 00000187AC13CD20
[21:47:19.076] err:   	12687 -> 00000187AC13E030
[21:47:19.076] err:   	1268f -> 00000187AC13F340
[21:47:19.076] err:   	12697 -> 00000187AC141960
[21:47:19.076] err:   	126a9 -> 00000187AC142C70
[21:47:19.076] err:   	126d1 -> 00000187AC148BC0
[21:47:19.076] err:   	126db -> 00000187AC145290
[21:47:19.076] err:   	126e5 -> 00000187AC149ED0
[21:47:19.076] err:   	126ef -> 00000187AC14EB10
[21:47:19.076] err:   	126f8 -> 00000187AC14B1E0
[21:47:19.076] err:   	1270c -> 00000187AC14C4F0
[21:47:19.076] err:   	12716 -> 00000187AC14D800
[21:47:19.076] err:   	12720 -> 00000187AC152440
[21:47:19.076] err:   	1272a -> 00000187AC154A60
[21:47:19.076] err:   	12734 -> 00000187AC151130
[21:47:19.076] err:   	1273e -> 00000187AC155D70
[21:47:19.076] err:   	12748 -> 00000187AC157080
[21:47:19.076] err:   	12751 -> 00000187AC153750
[21:47:19.076] err:   	1275a -> 00000187AC15BCC0
[21:47:19.076] err:   	12764 -> 00000187AC15A9B0
[21:47:19.076] err:   	1276e -> 00000187AC158390
[21:47:19.076] err:   	12778 -> 00000187AC15CFD0
[21:47:19.076] err:   	12781 -> 00000187AC1596A0
[21:47:19.076] err:   	1278b -> 00000187AC15F5F0
[21:47:19.076] err:   	12794 -> 00000187AC15E2E0
[21:47:19.076] err:   	1279e -> 00000187AC162F20
[21:47:19.076] err:   	127a7 -> 00000187AC164230
[21:47:19.076] err:   	127b1 -> 00000187AC160900
[21:47:19.076] err:   	127d9 -> 00000187AC168E70
[21:47:19.076] err:   	127e3 -> 00000187AC16A180
[21:47:19.076] err:   	127ed -> 00000187AC16B490
[21:47:19.076] err:   	12801 -> 00000187AC16EDC0
[21:47:19.076] err:   	12815 -> 00000187AC16DAB0
[21:47:19.076] err:   	1281f -> 00000187A580BFE0
[21:47:19.076] err:   	12829 -> 00000187E3AB00F0
[21:47:19.076] err:   	12833 -> 00000187E3AB6040
[21:47:19.076] err:   	12847 -> 00000187E3AB1400
[21:47:19.076] err:   	12865 -> 00000187E3ABAC80
[21:47:19.076] err:   	1286f -> 00000187E3AB8660
[21:47:19.076] err:   	12879 -> 00000187E3AB9970
[21:47:19.076] err:   	12883 -> 00000187E3ABF8C0
[21:47:19.076] err:   	1288d -> 00000187E3ABBF90
[21:47:19.076] err:   	12897 -> 00000187E3AC0BD0
[21:47:19.076] err:   	128b5 -> 00000187E3AC1EE0
[21:47:19.076] err:   	128bf -> 00000187E3AC31F0
[21:47:19.076] err:   	128c9 -> 00000187E3AC7E30
[21:47:19.076] err:   	128d3 -> 00000187E3AC4500
[21:47:19.076] err:   	128dd -> 00000187E3AC5810
[21:47:19.076] err:   	128e7 -> 00000187E3AC6B20
[21:47:19.076] err:   	128f1 -> 00000187E3ACB760
[21:47:19.076] err:   	128fb -> 00000187E3ACCA70
[21:47:19.076] err:   	1290f -> 00000187E3ACDD80
[21:47:19.076] err:   	1292d -> 00000187E3AD29C0
[21:47:19.076] err:   	12937 -> 00000187E3ACF090
[21:47:19.076] err:   	12941 -> 00000187E3AD3CD0
[21:47:19.076] err:   	1294b -> 00000187E3AD03A0
[21:47:19.076] err:   	12955 -> 00000187E3AD4FE0
[21:47:19.076] err:   	1295f -> 00000187E3AD7600
[21:47:19.076] err:   	12973 -> 00000187E3AD62F0
[21:47:19.076] err:   	1297d -> 00000187E3ADAF30
[21:47:19.076] err:   	12987 -> 00000187E3ADC240
[21:47:19.076] err:   	12991 -> 00000187E3AD9C20
[21:47:19.076] err:   	129a5 -> 00000187E3AE0E80
[21:47:19.076] err:   	129af -> 00000187E3ADD550
[21:47:19.076] err:   	129b9 -> 00000187E3AE2190
[21:47:19.076] err:   	129c3 -> 00000187E3ADE860
[21:47:19.076] err:   	129cc -> 00000187E3AE6DD0
[21:47:19.076] err:   	129df -> 00000187E3AE80E0
[21:47:19.076] err:   	129fd -> 00000187E3AE93F0
[21:47:19.076] err:   	12a07 -> 00000187E3AEBA10
[21:47:19.076] err:   	12a11 -> 00000187E3AEE030
[21:47:19.076] err:   	12a25 -> 00000187E3AEA700
[21:47:19.076] err:   	12a2f -> 00000187E3AEF340
[21:47:19.076] err:   	12a39 -> 00000187AC1334A0
[21:47:19.076] err:   	12a43 -> 00000187D96D8EE0
[21:47:19.076] err:   	12a4d -> 00000187D96DA1F0
[21:47:19.076] err:   	12a61 -> 00000187D96DDB20
[21:47:19.076] err:   	12a75 -> 00000187D96DB500
[21:47:19.076] err:   	12a7f -> 00000187D96E0140
[21:47:19.076] err:   	12a89 -> 00000187D96DC810
[21:47:19.076] err:   	12a93 -> 00000187D96E2760
[21:47:19.076] err:   	12aa7 -> 00000187D96E4D80
[21:47:19.076] err:   	12ab1 -> 00000187D96E1450
[21:47:19.076] err:   	12abb -> 00000187D96E73A0
[21:47:19.076] err:   	12ac5 -> 00000187D96E86B0
[21:47:19.076] err:   	12ad9 -> 00000187D96E6090
[21:47:19.076] err:   	12ae3 -> 00000187D96EE600
[21:47:19.076] err:   	12aed -> 00000187D96EACD0
[21:47:19.076] err:   	12af7 -> 00000187D96EBFE0
[21:47:19.076] err:   	12b01 -> 00000187D96F0C20
[21:47:19.076] err:   	12b0b -> 00000187D96ED2F0
[21:47:19.076] err:   	12b15 -> 00000187D96F1F30
[21:47:19.076] err:   	12b1f -> 00000187D96F3240
[21:47:19.076] err:   	12b3d -> 00000187D96F4550
[21:47:19.076] err:   	12b51 -> 00000187D96F5860
[21:47:19.076] err:   	12b5a -> 00000187D96FCAC0
[21:47:19.076] err:   	12b64 -> 00000187D96FB7B0
[21:47:19.076] err:   	12b6e -> 00000187D96F9190
[21:47:19.076] err:   	12b78 -> 00000187D96FA4A0
[21:47:19.076] err:   	12b82 -> 00000187D96FDDD0
[21:47:19.076] err:   	12b8c -> 00000187D96FF0E0
[21:47:19.076] err:   	12b96 -> 00000187D9702A10
[21:47:19.076] err:   	12ba0 -> 00000187D9703D20
[21:47:19.076] err:   	12bb3 -> 00000187D9705030
[21:47:19.076] err:   	12bc7 -> 00000187D9709C70
[21:47:19.076] err:   	12bda -> 00000187D9707650
[21:47:19.076] err:   	12be4 -> 00000187D970AF80
[21:47:19.076] err:   	12bec -> 00000187D970C290
[21:47:19.076] err:   	12bf6 -> 00000187D9708960
[21:47:19.076] err:   	12bff -> 00000187D970FBC0
[21:47:19.076] err:   	12c09 -> 00000187D970D5A0
[21:47:19.076] err:   	12c12 -> 00000187D970E8B0
[21:47:19.076] err:   	12c1b -> 00000187D97134F0
[21:47:19.076] err:   	12c36 -> 00000187D9714800
[21:47:19.076] err:   	12c3f -> 00000187D97121E0
[21:47:19.076] err:   	12c49 -> 00000187E3AB3A20
[21:47:19.076] err:   	12c53 -> 00000187B85D0140
[21:47:19.076] err:   	12c5d -> 00000187B85D4D80
[21:47:19.076] err:   	12c66 -> 00000187B85D1450
[21:47:19.076] err:   	12c6f -> 00000187B85D2760
[21:47:19.076] err:   	12c78 -> 00000187B85D73A0
[21:47:19.076] err:   	12c82 -> 00000187B85D3A70
[21:47:19.076] err:   	12c8b -> 00000187B85D6090
[21:47:19.076] err:   	12ca2 -> 00000187B85D99C0
[21:47:19.076] err:   	12cac -> 00000187B85D86B0
[21:47:19.076] err:   	12cb6 -> 00000187B85DACD0
[21:47:19.076] err:   	12cc0 -> 00000187B85DF910
[21:47:19.076] err:   	12cca -> 00000187B85E1F30
[21:47:19.076] err:   	12cd4 -> 00000187B85E3240
[21:47:19.076] err:   	12cde -> 00000187B85DE600
[21:47:19.076] err:   	12ce6 -> 00000187B85E0C20
[21:47:19.076] err:   	12cf6 -> 00000187B85E4550
[21:47:19.076] err:   	12cf9 -> 00000187B85E9190
[21:47:19.076] err:   	12cfc -> 00000187B85E5860
[21:47:19.076] err:   	12d09 -> 00000187B85EDDD0
[21:47:19.076] err:   	12d13 -> 00000187B85EA4A0
[21:47:19.076] err:   	12d1d -> 00000187B85ECAC0
[21:47:19.076] err:   	12d27 -> 00000187B85F2A10
[21:47:19.076] err:   	12d43 -> 00000187B85F1700
[21:47:19.076] err:   	12d4c -> 00000187B85F6340
[21:47:19.076] err:   	12d68 -> 00000187B85F8960
[21:47:19.076] err:   	12d71 -> 00000187B85F5030
[21:47:19.076] err:   	12d7b -> 00000187B85F9C70
[21:47:19.076] err:   	12d98 -> 00000187B85FFBC0
[21:47:19.076] err:   	12da2 -> 00000187B85FC290
[21:47:19.076] err:   	12dab -> 00000187B8600ED0
[21:47:19.076] err:   	12dae -> 00000187B85FD5A0
[21:47:19.076] err:   	12db8 -> 00000187B86021E0
[21:47:19.076] err:   	12dc2 -> 00000187B86034F0
[21:47:19.076] err:   	12dcc -> 00000187B8605B10
[21:47:19.076] err:   	12dd5 -> 00000187B8606E20
[21:47:19.076] err:   	12dde -> 00000187B8608130
[21:47:19.076] err:   	12df2 -> 00000187B8609440
[21:47:19.076] err:   	12dfc -> 00000187B860BA60
[21:47:19.076] err:   	12e06 -> 00000187B860A750
[21:47:19.076] err:   	12e19 -> 00000187B860E080
[21:47:19.076] err:   	12e23 -> 00000187B860F390
[21:47:19.076] err:   	12e2c -> 00000187D96D68C0
[21:47:19.076] err:   	12e36 -> 00000187E50FC990
[21:47:19.076] err:   	12e40 -> 00000187E50FA370
[21:47:19.076] err:   	12e4a -> 00000187E50F9060
[21:47:19.076] err:   	12e54 -> 00000187E50FEFB0
[21:47:19.076] err:   	12e70 -> 00000187E51015D0
[21:47:19.076] err:   	12e79 -> 00000187E50FDCA0
[21:47:19.076] err:   	12e8a -> 00000187E5106210
[21:47:19.076] err:   	12e93 -> 00000187E5103BF0
[21:47:19.076] err:   	12e9c -> 00000187E5104F00
[21:47:19.076] err:   	12eb7 -> 00000187E5107520
[21:47:19.076] err:   	12ec9 -> 00000187E510AE50
[21:47:19.076] err:   	12ed3 -> 00000187E510D470
[21:47:19.076] err:   	12edd -> 00000187E510C160
[21:47:19.076] err:   	12ee7 -> 00000187E5110DA0
[21:47:19.076] err:   	12efb -> 00000187E510FA90
[21:47:19.076] err:   	12f0f -> 00000187E51146D0
[21:47:19.076] err:   	12f2d -> 00000187E511A620
[21:47:19.076] err:   	12f37 -> 00000187E511B930
[21:47:19.076] err:   	12f41 -> 00000187E5118000
[21:47:19.076] err:   	12f4b -> 00000187E511DF50
[21:47:19.076] err:   	12f56 -> 00000187E511F260
[21:47:19.076] err:   	12f60 -> 00000187E5120570
[21:47:19.076] err:   	12f6a -> 00000187E511CC40
[21:47:19.076] err:   	12f72 -> 00000187E5123EA0
[21:47:19.076] err:   	12f7c -> 00000187E5122B90
[21:47:19.076] err:   	12f86 -> 00000187E51251B0
[21:47:19.076] err:   	12fad -> 00000187E51264C0
[21:47:19.076] err:   	12fb7 -> 00000187E512B100
[21:47:19.076] err:   	12fc1 -> 00000187E512C410
[21:47:19.076] err:   	12fd5 -> 00000187E512EA30
[21:47:19.076] err:   	12fdf -> 00000187E512D720
[21:47:19.076] err:   	12ffd -> 00000187E5132360
[21:47:19.076] err:   	13007 -> 00000187E5131050
[21:47:19.076] err:   	13025 -> 00000187E5134980
[21:47:19.076] err:   	1302f -> 00000187E51382B0
[21:47:19.076] err:   	1304d -> 00000187E43EC990
[21:47:19.076] err:   	13057 -> 00000187E43E9060
[21:47:19.076] err:   	13061 -> 00000187E43EB680
[21:47:19.076] err:   	1306b -> 00000187E43F15D0
[21:47:19.076] err:   	13075 -> 00000187E43F02C0
[21:47:19.076] err:   	1307f -> 00000187E43F28E0
[21:47:19.076] err:   	13089 -> 00000187E43EEFB0
[21:47:19.076] err:   	13093 -> 00000187E43F6210
[21:47:19.076] err:   	1309d -> 00000187E43F3BF0
[21:47:19.076] err:   	130a7 -> 00000187E43F8830
[21:47:19.076] err:   	130b1 -> 00000187E43F4F00
[21:47:19.076] err:   	130bb -> 00000187E43F9B40
[21:47:19.076] err:   	130c5 -> 00000187E43F7520
[21:47:19.076] err:   	130d9 -> 00000187E43FC160
[21:47:19.076] err:   	130ed -> 00000187E4400DA0
[21:47:19.076] err:   	130f7 -> 00000187E43FE780
[21:47:19.076] err:   	13115 -> 00000187E44059E0
[21:47:19.076] err:   	13133 -> 00000187E44033C0
[21:47:19.076] err:   	1313d -> 00000187E440B930
[21:47:19.076] err:   	13147 -> 00000187E440A620
[21:47:19.076] err:   	13151 -> 00000187E4408000
[21:47:19.076] err:   	1315b -> 00000187E4409310
[21:47:19.076] err:   	13165 -> 00000187E440CC40
[21:47:19.076] err:   	1316f -> 00000187E440DF50
[21:47:19.076] err:   	13179 -> 00000187E4411880
[21:47:19.076] err:   	13183 -> 00000187E4412B90
[21:47:19.076] err:   	1318d -> 00000187E440F260
[21:47:19.076] err:   	13196 -> 00000187E4413EA0
[21:47:19.076] err:   	1319f -> 00000187E4410570
[21:47:19.076] err:   	131bd -> 00000187E44164C0
[21:47:19.076] err:   	131c7 -> 00000187E44177D0
[21:47:19.076] err:   	131d1 -> 00000187E4419DF0
[21:47:19.076] err:   	131db -> 00000187E441B100
[21:47:19.076] err:   	131e5 -> 00000187E441C410
[21:47:19.076] err:   	131ef -> 00000187E441FD40
[21:47:19.076] err:   	131f8 -> 00000187E4421050
[21:47:19.076] err:   	13202 -> 00000187E441D720
[21:47:19.076] err:   	1320c -> 00000187E4422360
[21:47:19.076] err:   	1321e -> 00000187E4424980
[21:47:19.076] err:   	13228 -> 00000187E4425C90
[21:47:19.076] err:   	13232 -> 00000187E4423670
[21:47:19.076] err:   	1323c -> 00000187E4426FA0
[21:47:19.076] err:   	13245 -> 00000187E44282B0
[21:47:19.076] err:   	13261 -> 00000187A6BF3BC0
[21:47:19.076] err:   	13269 -> 00000187A6BF4ED0
[21:47:19.076] err:   	13279 -> 00000187A6BF0290
[21:47:19.076] err:   	1328b -> 00000187A6BF61E0
[21:47:19.076] err:   	13293 -> 00000187A6BFAE20
[21:47:19.076] err:   	132bb -> 00000187A6BF74F0
[21:47:19.076] err:   	14a23 -> 00000187B86AAB40
[21:47:19.076] err:   	14a33 -> 00000187B86AD160
[21:47:19.076] err:   	149d1 -> 00000187B86A25D0
[21:47:19.076] err:   	149da -> 00000187B86A12C0
[21:47:19.076] err:   	14928 -> 00000187F75B2110
[21:47:19.076] err:   	14932 -> 00000187F75AE7E0
[21:47:19.076] err:   	14861 -> 00000187F75990C0
[21:47:19.076] err:   	14875 -> 00000187F759A3D0
[21:47:19.076] err:   	1487f -> 00000187F759DD00
[21:47:19.076] err:   	14889 -> 00000187F759F010
[21:47:19.076] err:   	14893 -> 00000187F75A0320
[21:47:19.076] err:   	1489d -> 00000187F759C9F0
[21:47:19.076] err:   	148a7 -> 00000187F75A3C50
[21:47:19.076] err:   	148b1 -> 00000187F75A4F60
[21:47:19.076] err:   	148bb -> 00000187F75A1630
[21:47:19.076] err:   	148ce -> 00000187F75A9BA0
[21:47:19.076] err:   	148d8 -> 00000187F75A7580
[21:47:19.076] err:   	148e2 -> 00000187F75A6270
[21:47:19.076] err:   	148ec -> 00000187F75AAEB0
[21:47:19.076] err:   	148f6 -> 00000187F75AC1C0
[21:47:19.076] err:   	14900 -> 00000187F75A8890
[21:47:19.076] err:   	1490a -> 00000187F75B0E00
[21:47:19.076] err:   	14914 -> 00000187F75AFAF0
[21:47:19.076] err:   	1491e -> 00000187F75AD4D0
[21:47:19.076] err:   	1493c -> 00000187F75B6D50
[21:47:19.076] err:   	14945 -> 00000187F75B5A40
[21:47:19.076] err:   	1494e -> 00000187F75B3420
[21:47:19.076] err:   	14957 -> 00000187F75B8060
[21:47:19.076] err:   	14961 -> 00000187F75B4730
[21:47:19.076] err:   	1496a -> 00000187F75B9370
[21:47:19.076] err:   	14974 -> 00000187F75BA680
[21:47:19.076] err:   	1497c -> 00000187F75BF2C0
[21:47:19.076] err:   	14984 -> 00000187F75BB990
[21:47:19.076] err:   	1498d -> 00000187F75BCCA0
[21:47:19.076] err:   	14997 -> 00000187F75BDFB0
[21:47:19.076] err:   	149a1 -> 00000187B869A060
[21:47:19.076] err:   	149aa -> 00000187B869ECA0
[21:47:19.076] err:   	149b4 -> 00000187B869FFB0
[21:47:19.076] err:   	149bc -> 00000187B869C680
[21:47:19.076] err:   	149bf -> 00000187B869B370
[21:47:19.076] err:   	149c9 -> 00000187B869D990
[21:47:19.076] err:   	149e2 -> 00000187B86A7210
[21:47:19.076] err:   	149eb -> 00000187B86A38E0
[21:47:19.076] err:   	149f3 -> 00000187B86A4BF0
[21:47:19.076] err:   	149fb -> 00000187B86A5F00
[21:47:19.076] err:   	14a03 -> 00000187B86A8520
[21:47:19.076] err:   	14a0b -> 00000187B86A9830
[21:47:19.076] err:   	14a13 -> 00000187B86AE470
[21:47:19.076] err:   	14a1b -> 00000187B86ABE50
[21:47:19.076] err:   	14a2b -> 00000187B86B0A90
[21:47:19.076] err:   	14a3b -> 00000187B86AF780
[21:47:19.076] err:   	14a45 -> 00000187B86B30B0
[21:47:19.076] err:   	14a4f -> 00000187B86B43C0
[21:47:19.076] err:   	14a59 -> 00000187B86B1DA0
[21:47:19.076] err:   	14a63 -> 00000187B86B56D0
[21:47:19.076] err:   	14a6d -> 00000187B86B7CF0
[21:47:19.076] err:   	14a77 -> 00000187B86BB620
[21:47:19.076] err:   	14a81 -> 00000187B86BA310
[21:47:19.076] err:   	14a89 -> 00000187B86B69E0
[21:47:19.076] err:   24 objects discovered in Vertex Declaration map at Direct3D module eviction:
[21:47:19.076] err:   	1b05 -> 00000144F9C64190
[21:47:19.076] err:   	1b06 -> 00000144F9C64320
[21:47:19.076] err:   	3cce -> 00000144FD2DC0F0
[21:47:19.076] err:   	ba18 -> 000001878632C4E0
[21:47:19.076] err:   	1b07 -> 00000144F9C65040
[21:47:19.076] err:   	3ccd -> 00000144FD2DBC90
[21:47:19.076] err:   	1b08 -> 00000144F9C64A00
[21:47:19.076] err:   	3ccb -> 00000144FD2DB1F0
[21:47:19.076] err:   	3ccc -> 00000144FD2DBEC0
[21:47:19.076] err:   	6d83 -> 000001878632C670
[21:47:19.076] err:   	6d84 -> 000001878632C620
[21:47:19.076] err:   	6d85 -> 000001878632CA80
[21:47:19.076] err:   	6d86 -> 000001878632C580
[21:47:19.076] err:   	ba19 -> 000001878632BFE0
[21:47:19.076] err:   	ba1a -> 000001878632CA30
[21:47:19.076] err:   	ba1b -> 000001878632C170
[21:47:19.076] err:   	fa93 -> 000001878632B900
[21:47:19.076] err:   	1335a -> 00000187863FD3A0
[21:47:19.076] err:   	fa94 -> 000001878632C2B0
[21:47:19.076] err:   	fa95 -> 000001878632BE50
[21:47:19.077] err:   	fa96 -> 000001878632BF40
[21:47:19.077] err:   	13358 -> 00000187863FD0D0
[21:47:19.077] err:   	13359 -> 00000187863FD2B0
[21:47:19.077] err:   	1335b -> 00000187863FD170
[21:47:19.077] err:   1 objects discovered in Swapchain map at Direct3D module eviction:
[21:47:19.077] err:   	4 -> 00000144F978DFA0
[21:47:19.077] err:   1 objects discovered in Device map at Direct3D module eviction:
[21:47:19.077] err:   	3 -> 00000144F48DF040
[21:47:19.077] info:  Command processing loop finished, cleaning up and exiting...
[21:47:19.077] info:  Shutdown cleanup successful, exiting now!
[21:47:19.077] info:  [Uptime]: 870s
