time	role	roleBits	draw	drawCount	primitiveType	primitiveCount	vertexCount	texture	rtxTextureHash	width	height	format	levels	usage	pool	fvf	fvfRhw	declPositionT	shaderActive	unknownLayout	rt0	rtWidth	rtHeight	rtFormat	rtFromTexture	zEnable	zWriteEnable	alphaBlendEnable	alphaTestEnable	lighting	fogEnable	overlayState	frameDrawIndex	projOrtho	worldDrawn
2026-06-02 17:55:51.522	ui_candidate	0x00000001	DrawPrimitive	2	6	2	0	1475FD30	0x093C29F27ECFCF21	16	16	DXT1	5	0x00000000	1	0x00000144	1	0	0	0	14743D90	2560	1440	X8R8G8B8	0	0	1	1	1	0	0	1	2	0	0
2026-06-02 17:55:51.663	video_candidate	0x00000002	DrawPrimitive	8	6	2	0	1480B0D8	0x58C257EC34473599	640	360	A8R8G8B8	1	0x00000000	1	0x00000144	1	0	0	0	14743D90	2560	1440	X8R8G8B8	0	0	1	0	1	0	0	1	4	0	0
2026-06-02 17:55:51.694	video_candidate	0x00000002	DrawPrimitive	12	6	2	0	1480B0D8	0xD358C269241BF51D	640	360	A8R8G8B8	1	0x00000000	1	0x00000144	1	0	0	0	14743D90	2560	1440	X8R8G8B8	0	0	1	0	1	0	0	1	4	0	0
2026-06-02 17:55:51.725	video_candidate	0x00000002	DrawPrimitive	16	6	2	0	1480B0D8	0xB38676B2A53A875E	640	360	A8R8G8B8	1	0x00000000	1	0x00000144	1	0	0	0	14743D90	2560	1440	X8R8G8B8	0	0	1	0	1	0	0	1	4	0	0
2026-06-02 17:55:51.760	video_candidate	0x00000002	DrawPrimitive	20	6	2	0	1480B0D8	0x07229C4C78F76382	640	360	A8R8G8B8	1	0x00000000	1	0x00000144	1	0	0	0	14743D90	2560	1440	X8R8G8B8	0	0	1	0	1	0	0	1	4	0	0
2026-06-02 17:55:51.790	video_candidate	0x00000002	DrawPrimitive	24	6	2	0	1480B0D8	0x8C4C1A61C7E5D2DC	640	360	A8R8G8B8	1	0x00000000	1	0x00000144	1	0	0	0	14743D90	2560	1440	X8R8G8B8	0	0	1	0	1	0	0	1	4	0	0
2026-06-02 17:55:51.825	video_candidate	0x00000002	DrawPrimitive	28	6	2	0	1480B0D8	0xB2E9872D102DD695	640	360	A8R8G8B8	1	0x00000000	1	0x00000144	1	0	0	0	14743D90	2560	1440	X8R8G8B8	0	0	1	0	1	0	0	1	4	0	0
2026-06-02 17:55:51.857	video_candidate	0x00000002	DrawPrimitive	32	6	2	0	1480B0D8	0x36C88CE5EAF51702	640	360	A8R8G8B8	1	0x00000000	1	0x00000144	1	0	0	0	14743D90	2560	1440	X8R8G8B8	0	0	1	0	1	0	0	1	4	0	0
2026-06-02 17:55:51.890	video_candidate	0x00000002	DrawPrimitive	36	6	2	0	1480B0D8	0x6E49FC3BAB480014	640	360	A8R8G8B8	1	0x00000000	1	0x00000144	1	0	0	0	14743D90	2560	1440	X8R8G8B8	0	0	1	0	1	0	0	1	4	0	0
2026-06-02 17:55:51.923	video_candidate	0x00000002	DrawPrimitive	40	6	2	0	1480B0D8	0x11A7F17E2B0E5313	640	360	A8R8G8B8	1	0x00000000	1	0x00000144	1	0	0	0	14743D90	2560	1440	X8R8G8B8	0	0	1	0	1	0	0	1	4	0	0
2026-06-02 17:55:51.956	video_candidate	0x00000002	DrawPrimitive	44	6	2	0	1480B0D8	0xD0B780BA94CAECA4	640	360	A8R8G8B8	1	0x00000000	1	0x00000144	1	0	0	0	14743D90	2560	1440	X8R8G8B8	0	0	1	0	1	0	0	1	4	0	0
2026-06-02 17:55:51.990	video_candidate	0x00000002	DrawPrimitive	48	6	2	0	1480B0D8	0x2A5A532833BB6793	640	360	A8R8G8B8	1	0x00000000	1	0x00000144	1	0	0	0	14743D90	2560	1440	X8R8G8B8	0	0	1	0	1	0	0	1	4	0	0
2026-06-02 17:55:52.024	video_candidate	0x00000002	DrawPrimitive	52	6	2	0	1480B0D8	0xA6EC0F5CDE2B56D8	640	360	A8R8G8B8	1	0x00000000	1	0x00000144	1	0	0	0	14743D90	2560	1440	X8R8G8B8	0	0	1	0	1	0	0	1	4	0	0
2026-06-02 17:55:52.056	video_candidate	0x00000002	DrawPrimitive	56	6	2	0	1480B0D8	0x78E66C58E2B0D16A	640	360	A8R8G8B8	1	0x00000000	1	0x00000144	1	0	0	0	14743D90	2560	1440	X8R8G8B8	0	0	1	0	1	0	0	1	4	0	0
2026-06-02 17:55:52.090	video_candidate	0x00000002	DrawPrimitive	60	6	2	0	1480B0D8	0xEC043DC6C80E2F51	640	360	A8R8G8B8	1	0x00000000	1	0x00000144	1	0	0	0	14743D90	2560	1440	X8R8G8B8	0	0	1	0	1	0	0	1	4	0	0
2026-06-02 17:55:52.124	video_candidate	0x00000002	DrawPrimitive	64	6	2	0	1480B0D8	0x617CD795745EDBF7	640	360	A8R8G8B8	1	0x00000000	1	0x00000144	1	0	0	0	14743D90	2560	1440	X8R8G8B8	0	0	1	0	1	0	0	1	4	0	0
2026-06-02 17:55:52.157	video_candidate	0x00000002	DrawPrimitive	68	6	2	0	1480B0D8	0x24ADFF6EC51C68D0	640	360	A8R8G8B8	1	0x00000000	1	0x00000144	1	0	0	0	14743D90	2560	1440	X8R8G8B8	0	0	1	0	1	0	0	1	4	0	0
2026-06-02 17:55:52.189	video_candidate	0x00000002	DrawPrimitive	72	6	2	0	1480B0D8	0xE731B3F430981E14	640	360	A8R8G8B8	1	0x00000000	1	0x00000144	1	0	0	0	14743D90	2560	1440	X8R8G8B8	0	0	1	0	1	0	0	1	4	0	0
2026-06-02 17:55:52.223	video_candidate	0x00000002	DrawPrimitive	76	6	2	0	1480B0D8	0x7EC670A1327779FB	640	360	A8R8G8B8	1	0x00000000	1	0x00000144	1	0	0	0	14743D90	2560	1440	X8R8G8B8	0	0	1	0	1	0	0	1	4	0	0
2026-06-02 17:55:52.256	video_candidate	0x00000002	DrawPrimitive	80	6	2	0	1480B0D8	0xDD72798F6C32AC31	640	360	A8R8G8B8	1	0x00000000	1	0x00000144	1	0	0	0	14743D90	2560	1440	X8R8G8B8	0	0	1	0	1	0	0	1	4	0	0
2026-06-02 17:55:52.289	video_candidate	0x00000002	DrawPrimitive	84	6	2	0	1480B0D8	0xB968F702FFE62EA4	640	360	A8R8G8B8	1	0x00000000	1	0x00000144	1	0	0	0	14743D90	2560	1440	X8R8G8B8	0	0	1	0	1	0	0	1	4	0	0
2026-06-02 17:55:52.322	video_candidate	0x00000002	DrawPrimitive	88	6	2	0	1480B0D8	0x0C70E4FA4373B5D1	640	360	A8R8G8B8	1	0x00000000	1	0x00000144	1	0	0	0	14743D90	2560	1440	X8R8G8B8	0	0	1	0	1	0	0	1	4	0	0
2026-06-02 17:55:52.356	video_candidate	0x00000002	DrawPrimitive	92	6	2	0	1480B0D8	0x814E2D575CC1E36C	640	360	A8R8G8B8	1	0x00000000	1	0x00000144	1	0	0	0	14743D90	2560	1440	X8R8G8B8	0	0	1	0	1	0	0	1	4	0	0
2026-06-02 17:55:52.390	video_candidate	0x00000002	DrawPrimitive	96	6	2	0	1480B0D8	0x9EABAACED2E03130	640	360	A8R8G8B8	1	0x00000000	1	0x00000144	1	0	0	0	14743D90	2560	1440	X8R8G8B8	0	0	1	0	1	0	0	1	4	0	0
2026-06-02 17:55:52.422	video_candidate	0x00000002	DrawPrimitive	100	6	2	0	1480B0D8	0xB146723E443E7B11	640	360	A8R8G8B8	1	0x00000000	1	0x00000144	1	0	0	0	14743D90	2560	1440	X8R8G8B8	0	0	1	0	1	0	0	1	4	0	0
2026-06-02 17:55:52.455	video_candidate	0x00000002	DrawPrimitive	104	6	2	0	1480B0D8	0x02BAB2BEFC65F24A	640	360	A8R8G8B8	1	0x00000000	1	0x00000144	1	0	0	0	14743D90	2560	1440	X8R8G8B8	0	0	1	0	1	0	0	1	4	0	0
2026-06-02 17:55:52.489	video_candidate	0x00000002	DrawPrimitive	108	6	2	0	1480B0D8	0x34EE12AF7FFE2B42	640	360	A8R8G8B8	1	0x00000000	1	0x00000144	1	0	0	0	14743D90	2560	1440	X8R8G8B8	0	0	1	0	1	0	0	1	4	0	0
2026-06-02 17:55:52.523	video_candidate	0x00000002	DrawPrimitive	112	6	2	0	1480B0D8	0x15F17A7351F70D24	640	360	A8R8G8B8	1	0x00000000	1	0x00000144	1	0	0	0	14743D90	2560	1440	X8R8G8B8	0	0	1	0	1	0	0	1	4	0	0
2026-06-02 17:55:52.556	video_candidate	0x00000002	DrawPrimitive	116	6	2	0	1480B0D8	0xCB5604A665E33026	640	360	A8R8G8B8	1	0x00000000	1	0x00000144	1	0	0	0	14743D90	2560	1440	X8R8G8B8	0	0	1	0	1	0	0	1	4	0	0
2026-06-02 17:55:52.589	video_candidate	0x00000002	DrawPrimitive	120	6	2	0	1480B0D8	0x6F23DD06FE877699	640	360	A8R8G8B8	1	0x00000000	1	0x00000144	1	0	0	0	14743D90	2560	1440	X8R8G8B8	0	0	1	0	1	0	0	1	4	0	0
2026-06-02 17:55:52.622	video_candidate	0x00000002	DrawPrimitive	124	6	2	0	1480B0D8	0x5CDC6AD3593ED63E	640	360	A8R8G8B8	1	0x00000000	1	0x00000144	1	0	0	0	14743D90	2560	1440	X8R8G8B8	0	0	1	0	1	0	0	1	4	0	0
2026-06-02 17:55:52.655	video_candidate	0x00000002	DrawPrimitive	128	6	2	0	1480B0D8	0xAB0F0F7D047C5031	640	360	A8R8G8B8	1	0x00000000	1	0x00000144	1	0	0	0	14743D90	2560	1440	X8R8G8B8	0	0	1	0	1	0	0	1	4	0	0
2026-06-02 17:55:52.689	video_candidate	0x00000002	DrawPrimitive	132	6	2	0	1480B0D8	0x776F340CD18589B5	640	360	A8R8G8B8	1	0x00000000	1	0x00000144	1	0	0	0	14743D90	2560	1440	X8R8G8B8	0	0	1	0	1	0	0	1	4	0	0
2026-06-02 17:55:52.723	video_candidate	0x00000002	DrawPrimitive	136	6	2	0	1480B0D8	0xEE5FF8F875E5204C	640	360	A8R8G8B8	1	0x00000000	1	0x00000144	1	0	0	0	14743D90	2560	1440	X8R8G8B8	0	0	1	0	1	0	0	1	4	0	0
2026-06-02 17:55:52.756	video_candidate	0x00000002	DrawPrimitive	140	6	2	0	1480B0D8	0xC6FF290D5D26E2C2	640	360	A8R8G8B8	1	0x00000000	1	0x00000144	1	0	0	0	14743D90	2560	1440	X8R8G8B8	0	0	1	0	1	0	0	1	4	0	0
2026-06-02 17:55:52.789	video_candidate	0x00000002	DrawPrimitive	144	6	2	0	1480B0D8	0xD977EEA27052BA62	640	360	A8R8G8B8	1	0x00000000	1	0x00000144	1	0	0	0	14743D90	2560	1440	X8R8G8B8	0	0	1	0	1	0	0	1	4	0	0
2026-06-02 17:55:52.823	video_candidate	0x00000002	DrawPrimitive	148	6	2	0	1480B0D8	0xD1259E5F78BEAD1C	640	360	A8R8G8B8	1	0x00000000	1	0x00000144	1	0	0	0	14743D90	2560	1440	X8R8G8B8	0	0	1	0	1	0	0	1	4	0	0
2026-06-02 17:55:52.855	video_candidate	0x00000002	DrawPrimitive	152	6	2	0	1480B0D8	0xF71D8DB3E4AFB377	640	360	A8R8G8B8	1	0x00000000	1	0x00000144	1	0	0	0	14743D90	2560	1440	X8R8G8B8	0	0	1	0	1	0	0	1	4	0	0
2026-06-02 17:55:52.887	video_candidate	0x00000002	DrawPrimitive	156	6	2	0	1480B0D8	0xAC671B6C68CAFFE0	640	360	A8R8G8B8	1	0x00000000	1	0x00000144	1	0	0	0	14743D90	2560	1440	X8R8G8B8	0	0	1	0	1	0	0	1	4	0	0
2026-06-02 17:55:52.921	video_candidate	0x00000002	DrawPrimitive	160	6	2	0	1480B0D8	0x7E9B97DC502BA706	640	360	A8R8G8B8	1	0x00000000	1	0x00000144	1	0	0	0	14743D90	2560	1440	X8R8G8B8	0	0	1	0	1	0	0	1	4	0	0
2026-06-02 17:55:52.954	video_candidate	0x00000002	DrawPrimitive	164	6	2	0	1480B0D8	0xCFFFF9C5E5A393B5	640	360	A8R8G8B8	1	0x00000000	1	0x00000144	1	0	0	0	14743D90	2560	1440	X8R8G8B8	0	0	1	0	1	0	0	1	4	0	0
2026-06-02 17:55:52.989	video_candidate	0x00000002	DrawPrimitive	168	6	2	0	1480B0D8	0xAA003D8B06C11536	640	360	A8R8G8B8	1	0x00000000	1	0x00000144	1	0	0	0	14743D90	2560	1440	X8R8G8B8	0	0	1	0	1	0	0	1	4	0	0
2026-06-02 17:55:53.022	video_candidate	0x00000002	DrawPrimitive	172	6	2	0	1480B0D8	0x3B4C6104DAC39F27	640	360	A8R8G8B8	1	0x00000000	1	0x00000144	1	0	0	0	14743D90	2560	1440	X8R8G8B8	0	0	1	0	1	0	0	1	4	0	0
2026-06-02 17:55:53.055	video_candidate	0x00000002	DrawPrimitive	176	6	2	0	1480B0D8	0xE2732917E3AFD797	640	360	A8R8G8B8	1	0x00000000	1	0x00000144	1	0	0	0	14743D90	2560	1440	X8R8G8B8	0	0	1	0	1	0	0	1	4	0	0
2026-06-02 17:55:53.088	video_candidate	0x00000002	DrawPrimitive	180	6	2	0	1480B0D8	0x245938B81075F6FA	640	360	A8R8G8B8	1	0x00000000	1	0x00000144	1	0	0	0	14743D90	2560	1440	X8R8G8B8	0	0	1	0	1	0	0	1	4	0	0
2026-06-02 17:55:53.122	video_candidate	0x00000002	DrawPrimitive	184	6	2	0	1480B0D8	0xC217D708F1374FD2	640	360	A8R8G8B8	1	0x00000000	1	0x00000144	1	0	0	0	14743D90	2560	1440	X8R8G8B8	0	0	1	0	1	0	0	1	4	0	0
2026-06-02 17:55:53.155	video_candidate	0x00000002	DrawPrimitive	188	6	2	0	1480B0D8	0xA57179D8E1AE2711	640	360	A8R8G8B8	1	0x00000000	1	0x00000144	1	0	0	0	14743D90	2560	1440	X8R8G8B8	0	0	1	0	1	0	0	1	4	0	0
2026-06-02 17:55:53.188	video_candidate	0x00000002	DrawPrimitive	192	6	2	0	1480B0D8	0x7A369FDC5366E1D7	640	360	A8R8G8B8	1	0x00000000	1	0x00000144	1	0	0	0	14743D90	2560	1440	X8R8G8B8	0	0	1	0	1	0	0	1	4	0	0
2026-06-02 17:55:53.222	video_candidate	0x00000002	DrawPrimitive	196	6	2	0	1480B0D8	0x642B60E447331A5B	640	360	A8R8G8B8	1	0x00000000	1	0x00000144	1	0	0	0	14743D90	2560	1440	X8R8G8B8	0	0	1	0	1	0	0	1	4	0	0
2026-06-02 17:55:53.255	video_candidate	0x00000002	DrawPrimitive	200	6	2	0	1480B0D8	0x3DFE8AEC3FBBAEC1	640	360	A8R8G8B8	1	0x00000000	1	0x00000144	1	0	0	0	14743D90	2560	1440	X8R8G8B8	0	0	1	0	1	0	0	1	4	0	0
2026-06-02 17:55:53.287	video_candidate	0x00000002	DrawPrimitive	204	6	2	0	1480B0D8	0x87AE120E14460392	640	360	A8R8G8B8	1	0x00000000	1	0x00000144	1	0	0	0	14743D90	2560	1440	X8R8G8B8	0	0	1	0	1	0	0	1	4	0	0
2026-06-02 17:55:53.322	video_candidate	0x00000002	DrawPrimitive	208	6	2	0	1480B0D8	0x62CECC1E37EFB75C	640	360	A8R8G8B8	1	0x00000000	1	0x00000144	1	0	0	0	14743D90	2560	1440	X8R8G8B8	0	0	1	0	1	0	0	1	4	0	0
2026-06-02 17:55:53.355	video_candidate	0x00000002	DrawPrimitive	212	6	2	0	1480B0D8	0x86DFEECF21E5D289	640	360	A8R8G8B8	1	0x00000000	1	0x00000144	1	0	0	0	14743D90	2560	1440	X8R8G8B8	0	0	1	0	1	0	0	1	4	0	0
2026-06-02 17:55:53.388	video_candidate	0x00000002	DrawPrimitive	216	6	2	0	1480B0D8	0x65546093CAB59E58	640	360	A8R8G8B8	1	0x00000000	1	0x00000144	1	0	0	0	14743D90	2560	1440	X8R8G8B8	0	0	1	0	1	0	0	1	4	0	0
2026-06-02 17:55:53.422	video_candidate	0x00000002	DrawPrimitive	220	6	2	0	1480B0D8	0xDD9AEFFBE6A38CCA	640	360	A8R8G8B8	1	0x00000000	1	0x00000144	1	0	0	0	14743D90	2560	1440	X8R8G8B8	0	0	1	0	1	0	0	1	4	0	0
2026-06-02 17:55:53.455	video_candidate	0x00000002	DrawPrimitive	224	6	2	0	1480B0D8	0x9D92550556D409EB	640	360	A8R8G8B8	1	0x00000000	1	0x00000144	1	0	0	0	14743D90	2560	1440	X8R8G8B8	0	0	1	0	1	0	0	1	4	0	0
2026-06-02 17:55:53.487	video_candidate	0x00000002	DrawPrimitive	228	6	2	0	1480B0D8	0xF27B54E1E255155A	640	360	A8R8G8B8	1	0x00000000	1	0x00000144	1	0	0	0	14743D90	2560	1440	X8R8G8B8	0	0	1	0	1	0	0	1	4	0	0
2026-06-02 17:55:53.522	video_candidate	0x00000002	DrawPrimitive	232	6	2	0	1480B0D8	0x9D71C26EA98BFC6A	640	360	A8R8G8B8	1	0x00000000	1	0x00000144	1	0	0	0	14743D90	2560	1440	X8R8G8B8	0	0	1	0	1	0	0	1	4	0	0
2026-06-02 17:55:53.555	video_candidate	0x00000002	DrawPrimitive	236	6	2	0	1480B0D8	0x9BC372D4BC2D050D	640	360	A8R8G8B8	1	0x00000000	1	0x00000144	1	0	0	0	14743D90	2560	1440	X8R8G8B8	0	0	1	0	1	0	0	1	4	0	0
2026-06-02 17:55:53.587	video_candidate	0x00000002	DrawPrimitive	240	6	2	0	1480B0D8	0x8A4825B9EA7DBD6B	640	360	A8R8G8B8	1	0x00000000	1	0x00000144	1	0	0	0	14743D90	2560	1440	X8R8G8B8	0	0	1	0	1	0	0	1	4	0	0
2026-06-02 17:55:53.622	video_candidate	0x00000002	DrawPrimitive	244	6	2	0	1480B0D8	0x36BD385B36CD45B6	640	360	A8R8G8B8	1	0x00000000	1	0x00000144	1	0	0	0	14743D90	2560	1440	X8R8G8B8	0	0	1	0	1	0	0	1	4	0	0
2026-06-02 17:55:53.657	video_candidate	0x00000002	DrawPrimitive	248	6	2	0	1480B0D8	0x56991A2E0D6009C3	640	360	A8R8G8B8	1	0x00000000	1	0x00000144	1	0	0	0	14743D90	2560	1440	X8R8G8B8	0	0	1	0	1	0	0	1	4	0	0
2026-06-02 17:55:53.688	video_candidate	0x00000002	DrawPrimitive	252	6	2	0	1480B0D8	0xD37C6B50D3657E76	640	360	A8R8G8B8	1	0x00000000	1	0x00000144	1	0	0	0	14743D90	2560	1440	X8R8G8B8	0	0	1	0	1	0	0	1	4	0	0
2026-06-02 17:55:53.722	video_candidate	0x00000002	DrawPrimitive	256	6	2	0	1480B0D8	0x607C0759B3326C30	640	360	A8R8G8B8	1	0x00000000	1	0x00000144	1	0	0	0	14743D90	2560	1440	X8R8G8B8	0	0	1	0	1	0	0	1	4	0	0
2026-06-02 17:55:53.756	video_candidate	0x00000002	DrawPrimitive	260	6	2	0	1480B0D8	0xEC2CCD621723E008	640	360	A8R8G8B8	1	0x00000000	1	0x00000144	1	0	0	0	14743D90	2560	1440	X8R8G8B8	0	0	1	0	1	0	0	1	4	0	0
2026-06-02 17:55:53.788	video_candidate	0x00000002	DrawPrimitive	264	6	2	0	1480B0D8	0x3AF5DB2387C4BCEB	640	360	A8R8G8B8	1	0x00000000	1	0x00000144	1	0	0	0	14743D90	2560	1440	X8R8G8B8	0	0	1	0	1	0	0	1	4	0	0
2026-06-02 17:55:53.822	video_candidate	0x00000002	DrawPrimitive	268	6	2	0	1480B0D8	0x27A4D958A8267919	640	360	A8R8G8B8	1	0x00000000	1	0x00000144	1	0	0	0	14743D90	2560	1440	X8R8G8B8	0	0	1	0	1	0	0	1	4	0	0
2026-06-02 17:55:53.855	video_candidate	0x00000002	DrawPrimitive	272	6	2	0	1480B0D8	0x13E080BB33A6B0C0	640	360	A8R8G8B8	1	0x00000000	1	0x00000144	1	0	0	0	14743D90	2560	1440	X8R8G8B8	0	0	1	0	1	0	0	1	4	0	0
2026-06-02 17:55:53.888	video_candidate	0x00000002	DrawPrimitive	276	6	2	0	1480B0D8	0x167270F5D3517F0E	640	360	A8R8G8B8	1	0x00000000	1	0x00000144	1	0	0	0	14743D90	2560	1440	X8R8G8B8	0	0	1	0	1	0	0	1	4	0	0
2026-06-02 17:55:53.922	video_candidate	0x00000002	DrawPrimitive	280	6	2	0	1480B0D8	0xCD1B24085834362B	640	360	A8R8G8B8	1	0x00000000	1	0x00000144	1	0	0	0	14743D90	2560	1440	X8R8G8B8	0	0	1	0	1	0	0	1	4	0	0
2026-06-02 17:55:53.955	video_candidate	0x00000002	DrawPrimitive	284	6	2	0	1480B0D8	0xD0983086E198ADC8	640	360	A8R8G8B8	1	0x00000000	1	0x00000144	1	0	0	0	14743D90	2560	1440	X8R8G8B8	0	0	1	0	1	0	0	1	4	0	0
2026-06-02 17:55:53.989	video_candidate	0x00000002	DrawPrimitive	288	6	2	0	1480B0D8	0x84D5A98FD1F8AD11	640	360	A8R8G8B8	1	0x00000000	1	0x00000144	1	0	0	0	14743D90	2560	1440	X8R8G8B8	0	0	1	0	1	0	0	1	4	0	0
2026-06-02 17:55:54.022	video_candidate	0x00000002	DrawPrimitive	292	6	2	0	1480B0D8	0x01707D22F1C0312A	640	360	A8R8G8B8	1	0x00000000	1	0x00000144	1	0	0	0	14743D90	2560	1440	X8R8G8B8	0	0	1	0	1	0	0	1	4	0	0
2026-06-02 17:55:54.055	video_candidate	0x00000002	DrawPrimitive	296	6	2	0	1480B0D8	0x3C9DB1A35DED3EAD	640	360	A8R8G8B8	1	0x00000000	1	0x00000144	1	0	0	0	14743D90	2560	1440	X8R8G8B8	0	0	1	0	1	0	0	1	4	0	0
2026-06-02 17:55:54.088	video_candidate	0x00000002	DrawPrimitive	300	6	2	0	1480B0D8	0x9D45AB538F35CD5D	640	360	A8R8G8B8	1	0x00000000	1	0x00000144	1	0	0	0	14743D90	2560	1440	X8R8G8B8	0	0	1	0	1	0	0	1	4	0	0
2026-06-02 17:55:54.122	video_candidate	0x00000002	DrawPrimitive	304	6	2	0	1480B0D8	0x6D69EFC4260A411D	640	360	A8R8G8B8	1	0x00000000	1	0x00000144	1	0	0	0	14743D90	2560	1440	X8R8G8B8	0	0	1	0	1	0	0	1	4	0	0
2026-06-02 17:55:54.155	video_candidate	0x00000002	DrawPrimitive	308	6	2	0	1480B0D8	0x5F0D3EA84BDBD70E	640	360	A8R8G8B8	1	0x00000000	1	0x00000144	1	0	0	0	14743D90	2560	1440	X8R8G8B8	0	0	1	0	1	0	0	1	4	0	0
2026-06-02 17:55:54.188	video_candidate	0x00000002	DrawPrimitive	312	6	2	0	1480B0D8	0x0473B8C19F0E8B09	640	360	A8R8G8B8	1	0x00000000	1	0x00000144	1	0	0	0	14743D90	2560	1440	X8R8G8B8	0	0	1	0	1	0	0	1	4	0	0
2026-06-02 17:55:54.222	video_candidate	0x00000002	DrawPrimitive	316	6	2	0	1480B0D8	0x7A755712D28FD7B0	640	360	A8R8G8B8	1	0x00000000	1	0x00000144	1	0	0	0	14743D90	2560	1440	X8R8G8B8	0	0	1	0	1	0	0	1	4	0	0
2026-06-02 17:55:54.255	video_candidate	0x00000002	DrawPrimitive	320	6	2	0	1480B0D8	0x4902AF6D6E957487	640	360	A8R8G8B8	1	0x00000000	1	0x00000144	1	0	0	0	14743D90	2560	1440	X8R8G8B8	0	0	1	0	1	0	0	1	4	0	0
2026-06-02 17:55:54.288	video_candidate	0x00000002	DrawPrimitive	324	6	2	0	1480B0D8	0xB842F4D706F6AA9B	640	360	A8R8G8B8	1	0x00000000	1	0x00000144	1	0	0	0	14743D90	2560	1440	X8R8G8B8	0	0	1	0	1	0	0	1	4	0	0
2026-06-02 17:55:54.322	video_candidate	0x00000002	DrawPrimitive	328	6	2	0	1480B0D8	0xB05C1FC461E601E2	640	360	A8R8G8B8	1	0x00000000	1	0x00000144	1	0	0	0	14743D90	2560	1440	X8R8G8B8	0	0	1	0	1	0	0	1	4	0	0
2026-06-02 17:55:54.355	video_candidate	0x00000002	DrawPrimitive	332	6	2	0	1480B0D8	0x7FCBBFD5548D3257	640	360	A8R8G8B8	1	0x00000000	1	0x00000144	1	0	0	0	14743D90	2560	1440	X8R8G8B8	0	0	1	0	1	0	0	1	4	0	0
2026-06-02 17:55:54.387	video_candidate	0x00000002	DrawPrimitive	336	6	2	0	1480B0D8	0xFB7AD6832F1E7CE3	640	360	A8R8G8B8	1	0x00000000	1	0x00000144	1	0	0	0	14743D90	2560	1440	X8R8G8B8	0	0	1	0	1	0	0	1	4	0	0
2026-06-02 17:55:54.421	video_candidate	0x00000002	DrawPrimitive	340	6	2	0	1480B0D8	0xCC64DB175375D7B5	640	360	A8R8G8B8	1	0x00000000	1	0x00000144	1	0	0	0	14743D90	2560	1440	X8R8G8B8	0	0	1	0	1	0	0	1	4	0	0
2026-06-02 17:55:54.454	video_candidate	0x00000002	DrawPrimitive	344	6	2	0	1480B0D8	0xE0355D0E12688EE3	640	360	A8R8G8B8	1	0x00000000	1	0x00000144	1	0	0	0	14743D90	2560	1440	X8R8G8B8	0	0	1	0	1	0	0	1	4	0	0
2026-06-02 17:55:54.487	video_candidate	0x00000002	DrawPrimitive	348	6	2	0	1480B0D8	0x265B6C1336986566	640	360	A8R8G8B8	1	0x00000000	1	0x00000144	1	0	0	0	14743D90	2560	1440	X8R8G8B8	0	0	1	0	1	0	0	1	4	0	0
2026-06-02 17:55:54.521	video_candidate	0x00000002	DrawPrimitive	352	6	2	0	1480B0D8	0x803AA1D668E18725	640	360	A8R8G8B8	1	0x00000000	1	0x00000144	1	0	0	0	14743D90	2560	1440	X8R8G8B8	0	0	1	0	1	0	0	1	4	0	0
2026-06-02 17:55:54.554	video_candidate	0x00000002	DrawPrimitive	356	6	2	0	1480B0D8	0xE49CC42BBC8EC8BE	640	360	A8R8G8B8	1	0x00000000	1	0x00000144	1	0	0	0	14743D90	2560	1440	X8R8G8B8	0	0	1	0	1	0	0	1	4	0	0
2026-06-02 17:55:54.587	video_candidate	0x00000002	DrawPrimitive	360	6	2	0	1480B0D8	0xBE5CAD2D62954CA7	640	360	A8R8G8B8	1	0x00000000	1	0x00000144	1	0	0	0	14743D90	2560	1440	X8R8G8B8	0	0	1	0	1	0	0	1	4	0	0
2026-06-02 17:55:54.622	video_candidate	0x00000002	DrawPrimitive	364	6	2	0	1480B0D8	0xF7F9A02AE3AC27E9	640	360	A8R8G8B8	1	0x00000000	1	0x00000144	1	0	0	0	14743D90	2560	1440	X8R8G8B8	0	0	1	0	1	0	0	1	4	0	0
2026-06-02 17:55:54.655	video_candidate	0x00000002	DrawPrimitive	368	6	2	0	1480B0D8	0x756EC3AB16226958	640	360	A8R8G8B8	1	0x00000000	1	0x00000144	1	0	0	0	14743D90	2560	1440	X8R8G8B8	0	0	1	0	1	0	0	1	4	0	0
2026-06-02 17:55:54.687	video_candidate	0x00000002	DrawPrimitive	372	6	2	0	1480B0D8	0x09CFD88CE33B5ADA	640	360	A8R8G8B8	1	0x00000000	1	0x00000144	1	0	0	0	14743D90	2560	1440	X8R8G8B8	0	0	1	0	1	0	0	1	4	0	0
2026-06-02 17:55:54.721	video_candidate	0x00000002	DrawPrimitive	376	6	2	0	1480B0D8	0x6A82C8135B35FEA1	640	360	A8R8G8B8	1	0x00000000	1	0x00000144	1	0	0	0	14743D90	2560	1440	X8R8G8B8	0	0	1	0	1	0	0	1	4	0	0
2026-06-02 17:55:54.754	video_candidate	0x00000002	DrawPrimitive	380	6	2	0	1480B0D8	0x332A4D59E6924CEF	640	360	A8R8G8B8	1	0x00000000	1	0x00000144	1	0	0	0	14743D90	2560	1440	X8R8G8B8	0	0	1	0	1	0	0	1	4	0	0
2026-06-02 17:55:54.787	video_candidate	0x00000002	DrawPrimitive	384	6	2	0	1480B0D8	0x3FDF0690D8A72F0F	640	360	A8R8G8B8	1	0x00000000	1	0x00000144	1	0	0	0	14743D90	2560	1440	X8R8G8B8	0	0	1	0	1	0	0	1	4	0	0
2026-06-02 17:55:54.822	video_candidate	0x00000002	DrawPrimitive	388	6	2	0	1480B0D8	0xACEA6FC9206B715F	640	360	A8R8G8B8	1	0x00000000	1	0x00000144	1	0	0	0	14743D90	2560	1440	X8R8G8B8	0	0	1	0	1	0	0	1	4	0	0
2026-06-02 17:55:54.854	video_candidate	0x00000002	DrawPrimitive	392	6	2	0	1480B0D8	0x054B064AAB05EE8D	640	360	A8R8G8B8	1	0x00000000	1	0x00000144	1	0	0	0	14743D90	2560	1440	X8R8G8B8	0	0	1	0	1	0	0	1	4	0	0
2026-06-02 17:55:54.888	video_candidate	0x00000002	DrawPrimitive	396	6	2	0	1480B0D8	0x8382DC0947DF178A	640	360	A8R8G8B8	1	0x00000000	1	0x00000144	1	0	0	0	14743D90	2560	1440	X8R8G8B8	0	0	1	0	1	0	0	1	4	0	0
2026-06-02 17:55:54.922	video_candidate	0x00000002	DrawPrimitive	400	6	2	0	1480B0D8	0x47AEF3BB93A224B9	640	360	A8R8G8B8	1	0x00000000	1	0x00000144	1	0	0	0	14743D90	2560	1440	X8R8G8B8	0	0	1	0	1	0	0	1	4	0	0
2026-06-02 17:55:54.955	video_candidate	0x00000002	DrawPrimitive	404	6	2	0	1480B0D8	0x9E26DA91F8BA9FE6	640	360	A8R8G8B8	1	0x00000000	1	0x00000144	1	0	0	0	14743D90	2560	1440	X8R8G8B8	0	0	1	0	1	0	0	1	4	0	0
2026-06-02 17:55:54.987	video_candidate	0x00000002	DrawPrimitive	408	6	2	0	1480B0D8	0x16CFBFB446BD40FB	640	360	A8R8G8B8	1	0x00000000	1	0x00000144	1	0	0	0	14743D90	2560	1440	X8R8G8B8	0	0	1	0	1	0	0	1	4	0	0
2026-06-02 17:55:55.021	video_candidate	0x00000002	DrawPrimitive	412	6	2	0	1480B0D8	0x57E7FD8950E6ACED	640	360	A8R8G8B8	1	0x00000000	1	0x00000144	1	0	0	0	14743D90	2560	1440	X8R8G8B8	0	0	1	0	1	0	0	1	4	0	0
2026-06-02 17:55:55.054	video_candidate	0x00000002	DrawPrimitive	416	6	2	0	1480B0D8	0xECABFAC0C229C850	640	360	A8R8G8B8	1	0x00000000	1	0x00000144	1	0	0	0	14743D90	2560	1440	X8R8G8B8	0	0	1	0	1	0	0	1	4	0	0
2026-06-02 17:55:55.087	video_candidate	0x00000002	DrawPrimitive	420	6	2	0	1480B0D8	0x7F64D903A916C1F3	640	360	A8R8G8B8	1	0x00000000	1	0x00000144	1	0	0	0	14743D90	2560	1440	X8R8G8B8	0	0	1	0	1	0	0	1	4	0	0
2026-06-02 17:55:55.121	video_candidate	0x00000002	DrawPrimitive	424	6	2	0	1480B0D8	0xB7B0554E33644D3F	640	360	A8R8G8B8	1	0x00000000	1	0x00000144	1	0	0	0	14743D90	2560	1440	X8R8G8B8	0	0	1	0	1	0	0	1	4	0	0
2026-06-02 17:55:55.154	video_candidate	0x00000002	DrawPrimitive	428	6	2	0	1480B0D8	0x44B5DA26B0572102	640	360	A8R8G8B8	1	0x00000000	1	0x00000144	1	0	0	0	14743D90	2560	1440	X8R8G8B8	0	0	1	0	1	0	0	1	4	0	0
2026-06-02 17:55:55.188	video_candidate	0x00000002	DrawPrimitive	432	6	2	0	1480B0D8	0x46800772CD29A60F	640	360	A8R8G8B8	1	0x00000000	1	0x00000144	1	0	0	0	14743D90	2560	1440	X8R8G8B8	0	0	1	0	1	0	0	1	4	0	0
2026-06-02 17:55:55.222	video_candidate	0x00000002	DrawPrimitive	436	6	2	0	1480B0D8	0xE723EEA64D0AC69C	640	360	A8R8G8B8	1	0x00000000	1	0x00000144	1	0	0	0	14743D90	2560	1440	X8R8G8B8	0	0	1	0	1	0	0	1	4	0	0
2026-06-02 17:55:55.255	video_candidate	0x00000002	DrawPrimitive	440	6	2	0	1480B0D8	0x11C28311F343E9C3	640	360	A8R8G8B8	1	0x00000000	1	0x00000144	1	0	0	0	14743D90	2560	1440	X8R8G8B8	0	0	1	0	1	0	0	1	4	0	0
2026-06-02 17:55:55.288	video_candidate	0x00000002	DrawPrimitive	444	6	2	0	1480B0D8	0x89CADD58207287AE	640	360	A8R8G8B8	1	0x00000000	1	0x00000144	1	0	0	0	14743D90	2560	1440	X8R8G8B8	0	0	1	0	1	0	0	1	4	0	0
2026-06-02 17:55:55.322	video_candidate	0x00000002	DrawPrimitive	448	6	2	0	1480B0D8	0x06F31CA40C6A489A	640	360	A8R8G8B8	1	0x00000000	1	0x00000144	1	0	0	0	14743D90	2560	1440	X8R8G8B8	0	0	1	0	1	0	0	1	4	0	0
2026-06-02 17:55:55.355	video_candidate	0x00000002	DrawPrimitive	452	6	2	0	1480B0D8	0x00ABAF895A08EA54	640	360	A8R8G8B8	1	0x00000000	1	0x00000144	1	0	0	0	14743D90	2560	1440	X8R8G8B8	0	0	1	0	1	0	0	1	4	0	0
2026-06-02 17:55:55.387	video_candidate	0x00000002	DrawPrimitive	456	6	2	0	1480B0D8	0x1A6A0E399B587458	640	360	A8R8G8B8	1	0x00000000	1	0x00000144	1	0	0	0	14743D90	2560	1440	X8R8G8B8	0	0	1	0	1	0	0	1	4	0	0
2026-06-02 17:55:55.422	video_candidate	0x00000002	DrawPrimitive	460	6	2	0	1480B0D8	0x3C51B8FEF1097472	640	360	A8R8G8B8	1	0x00000000	1	0x00000144	1	0	0	0	14743D90	2560	1440	X8R8G8B8	0	0	1	0	1	0	0	1	4	0	0
2026-06-02 17:55:55.455	video_candidate	0x00000002	DrawPrimitive	464	6	2	0	1480B0D8	0x4CEFCF4DDB57898E	640	360	A8R8G8B8	1	0x00000000	1	0x00000144	1	0	0	0	14743D90	2560	1440	X8R8G8B8	0	0	1	0	1	0	0	1	4	0	0
2026-06-02 17:55:55.487	video_candidate	0x00000002	DrawPrimitive	468	6	2	0	1480B0D8	0x53F3549A4A32C18C	640	360	A8R8G8B8	1	0x00000000	1	0x00000144	1	0	0	0	14743D90	2560	1440	X8R8G8B8	0	0	1	0	1	0	0	1	4	0	0
2026-06-02 17:55:55.522	video_candidate	0x00000002	DrawPrimitive	472	6	2	0	1480B0D8	0x69AC56155328C02C	640	360	A8R8G8B8	1	0x00000000	1	0x00000144	1	0	0	0	14743D90	2560	1440	X8R8G8B8	0	0	1	0	1	0	0	1	4	0	0
2026-06-02 17:55:55.554	video_candidate	0x00000002	DrawPrimitive	476	6	2	0	1480B0D8	0x235CACB85F68033A	640	360	A8R8G8B8	1	0x00000000	1	0x00000144	1	0	0	0	14743D90	2560	1440	X8R8G8B8	0	0	1	0	1	0	0	1	4	0	0
2026-06-02 17:55:55.588	video_candidate	0x00000002	DrawPrimitive	480	6	2	0	1480B0D8	0x8AC8DBA796BD4A40	640	360	A8R8G8B8	1	0x00000000	1	0x00000144	1	0	0	0	14743D90	2560	1440	X8R8G8B8	0	0	1	0	1	0	0	1	4	0	0
2026-06-02 17:55:55.622	video_candidate	0x00000002	DrawPrimitive	484	6	2	0	1480B0D8	0x3FA838C8495B39C7	640	360	A8R8G8B8	1	0x00000000	1	0x00000144	1	0	0	0	14743D90	2560	1440	X8R8G8B8	0	0	1	0	1	0	0	1	4	0	0
2026-06-02 17:55:55.655	video_candidate	0x00000002	DrawPrimitive	488	6	2	0	1480B0D8	0xB5C11790A47E6ABD	640	360	A8R8G8B8	1	0x00000000	1	0x00000144	1	0	0	0	14743D90	2560	1440	X8R8G8B8	0	0	1	0	1	0	0	1	4	0	0
2026-06-02 17:55:55.687	video_candidate	0x00000002	DrawPrimitive	492	6	2	0	1480B0D8	0x6240CFA1F8A20EF1	640	360	A8R8G8B8	1	0x00000000	1	0x00000144	1	0	0	0	14743D90	2560	1440	X8R8G8B8	0	0	1	0	1	0	0	1	4	0	0
2026-06-02 17:55:55.721	video_candidate	0x00000002	DrawPrimitive	496	6	2	0	1480B0D8	0x0C48C91469F26252	640	360	A8R8G8B8	1	0x00000000	1	0x00000144	1	0	0	0	14743D90	2560	1440	X8R8G8B8	0	0	1	0	1	0	0	1	4	0	0
2026-06-02 17:55:55.754	video_candidate	0x00000002	DrawPrimitive	500	6	2	0	1480B0D8	0x5996A49CA9A0C848	640	360	A8R8G8B8	1	0x00000000	1	0x00000144	1	0	0	0	14743D90	2560	1440	X8R8G8B8	0	0	1	0	1	0	0	1	4	0	0
2026-06-02 17:55:55.788	video_candidate	0x00000002	DrawPrimitive	504	6	2	0	1480B0D8	0xF1F192D60AEC440E	640	360	A8R8G8B8	1	0x00000000	1	0x00000144	1	0	0	0	14743D90	2560	1440	X8R8G8B8	0	0	1	0	1	0	0	1	4	0	0
2026-06-02 17:55:55.822	video_candidate	0x00000002	DrawPrimitive	508	6	2	0	1480B0D8	0x93B94435A6D67AD4	640	360	A8R8G8B8	1	0x00000000	1	0x00000144	1	0	0	0	14743D90	2560	1440	X8R8G8B8	0	0	1	0	1	0	0	1	4	0	0
2026-06-02 17:55:55.855	video_candidate	0x00000002	DrawPrimitive	512	6	2	0	1480B0D8	0x5D828B5876844377	640	360	A8R8G8B8	1	0x00000000	1	0x00000144	1	0	0	0	14743D90	2560	1440	X8R8G8B8	0	0	1	0	1	0	0	1	4	0	0
2026-06-02 17:55:55.887	video_candidate	0x00000002	DrawPrimitive	516	6	2	0	1480B0D8	0xCB86BF571E7ED153	640	360	A8R8G8B8	1	0x00000000	1	0x00000144	1	0	0	0	14743D90	2560	1440	X8R8G8B8	0	0	1	0	1	0	0	1	4	0	0
2026-06-02 17:55:55.921	video_candidate	0x00000002	DrawPrimitive	520	6	2	0	1480B0D8	0x2AA28D94C46D0A6C	640	360	A8R8G8B8	1	0x00000000	1	0x00000144	1	0	0	0	14743D90	2560	1440	X8R8G8B8	0	0	1	0	1	0	0	1	4	0	0
2026-06-02 17:55:55.955	video_candidate	0x00000002	DrawPrimitive	524	6	2	0	1480B0D8	0xC898481EFDB70AC4	640	360	A8R8G8B8	1	0x00000000	1	0x00000144	1	0	0	0	14743D90	2560	1440	X8R8G8B8	0	0	1	0	1	0	0	1	4	0	0
2026-06-02 17:55:55.987	video_candidate	0x00000002	DrawPrimitive	528	6	2	0	1480B0D8	0x513AFAD4450CD3C2	640	360	A8R8G8B8	1	0x00000000	1	0x00000144	1	0	0	0	14743D90	2560	1440	X8R8G8B8	0	0	1	0	1	0	0	1	4	0	0
2026-06-02 17:55:56.021	video_candidate	0x00000002	DrawPrimitive	532	6	2	0	1480B0D8	0x9F0695201BAF7ACF	640	360	A8R8G8B8	1	0x00000000	1	0x00000144	1	0	0	0	14743D90	2560	1440	X8R8G8B8	0	0	1	0	1	0	0	1	4	0	0
2026-06-02 17:55:56.054	video_candidate	0x00000002	DrawPrimitive	536	6	2	0	1480B0D8	0x61248257446FFEEB	640	360	A8R8G8B8	1	0x00000000	1	0x00000144	1	0	0	0	14743D90	2560	1440	X8R8G8B8	0	0	1	0	1	0	0	1	4	0	0
2026-06-02 17:55:56.088	video_candidate	0x00000002	DrawPrimitive	540	6	2	0	1480B0D8	0x971AF436B19D57C4	640	360	A8R8G8B8	1	0x00000000	1	0x00000144	1	0	0	0	14743D90	2560	1440	X8R8G8B8	0	0	1	0	1	0	0	1	4	0	0
2026-06-02 17:55:56.122	video_candidate	0x00000002	DrawPrimitive	544	6	2	0	1480B0D8	0x324620C51BFC4F42	640	360	A8R8G8B8	1	0x00000000	1	0x00000144	1	0	0	0	14743D90	2560	1440	X8R8G8B8	0	0	1	0	1	0	0	1	4	0	0
2026-06-02 17:55:56.155	video_candidate	0x00000002	DrawPrimitive	548	6	2	0	1480B0D8	0x77A2078436CA474C	640	360	A8R8G8B8	1	0x00000000	1	0x00000144	1	0	0	0	14743D90	2560	1440	X8R8G8B8	0	0	1	0	1	0	0	1	4	0	0
2026-06-02 17:55:56.187	video_candidate	0x00000002	DrawPrimitive	552	6	2	0	1480B0D8	0xD0514B9FD47D6517	640	360	A8R8G8B8	1	0x00000000	1	0x00000144	1	0	0	0	14743D90	2560	1440	X8R8G8B8	0	0	1	0	1	0	0	1	4	0	0
2026-06-02 17:55:56.221	video_candidate	0x00000002	DrawPrimitive	556	6	2	0	1480B0D8	0xBF15716E8E953505	640	360	A8R8G8B8	1	0x00000000	1	0x00000144	1	0	0	0	14743D90	2560	1440	X8R8G8B8	0	0	1	0	1	0	0	1	4	0	0
2026-06-02 17:55:56.254	video_candidate	0x00000002	DrawPrimitive	560	6	2	0	1480B0D8	0x9B4302BC9157645C	640	360	A8R8G8B8	1	0x00000000	1	0x00000144	1	0	0	0	14743D90	2560	1440	X8R8G8B8	0	0	1	0	1	0	0	1	4	0	0
2026-06-02 17:55:56.288	video_candidate	0x00000002	DrawPrimitive	564	6	2	0	1480B0D8	0xB3929563A3ACF136	640	360	A8R8G8B8	1	0x00000000	1	0x00000144	1	0	0	0	14743D90	2560	1440	X8R8G8B8	0	0	1	0	1	0	0	1	4	0	0
2026-06-02 17:55:56.322	video_candidate	0x00000002	DrawPrimitive	568	6	2	0	1480B0D8	0x85F3A96165F29C15	640	360	A8R8G8B8	1	0x00000000	1	0x00000144	1	0	0	0	14743D90	2560	1440	X8R8G8B8	0	0	1	0	1	0	0	1	4	0	0
2026-06-02 17:55:56.355	video_candidate	0x00000002	DrawPrimitive	572	6	2	0	1480B0D8	0x1DE4E45F07B65C47	640	360	A8R8G8B8	1	0x00000000	1	0x00000144	1	0	0	0	14743D90	2560	1440	X8R8G8B8	0	0	1	0	1	0	0	1	4	0	0
2026-06-02 17:55:56.387	video_candidate	0x00000002	DrawPrimitive	576	6	2	0	1480B0D8	0x22F779594F3F7599	640	360	A8R8G8B8	1	0x00000000	1	0x00000144	1	0	0	0	14743D90	2560	1440	X8R8G8B8	0	0	1	0	1	0	0	1	4	0	0
2026-06-02 17:55:56.421	video_candidate	0x00000002	DrawPrimitive	580	6	2	0	1480B0D8	0x3A303206343EA90C	640	360	A8R8G8B8	1	0x00000000	1	0x00000144	1	0	0	0	14743D90	2560	1440	X8R8G8B8	0	0	1	0	1	0	0	1	4	0	0
2026-06-02 17:55:56.454	video_candidate	0x00000002	DrawPrimitive	584	6	2	0	1480B0D8	0x56685AB0BF088307	640	360	A8R8G8B8	1	0x00000000	1	0x00000144	1	0	0	0	14743D90	2560	1440	X8R8G8B8	0	0	1	0	1	0	0	1	4	0	0
2026-06-02 17:55:56.487	video_candidate	0x00000002	DrawPrimitive	588	6	2	0	1480B0D8	0xC3AC0182F28CB274	640	360	A8R8G8B8	1	0x00000000	1	0x00000144	1	0	0	0	14743D90	2560	1440	X8R8G8B8	0	0	1	0	1	0	0	1	4	0	0
2026-06-02 17:55:56.522	video_candidate	0x00000002	DrawPrimitive	592	6	2	0	1480B0D8	0x4B19D5900AEA2597	640	360	A8R8G8B8	1	0x00000000	1	0x00000144	1	0	0	0	14743D90	2560	1440	X8R8G8B8	0	0	1	0	1	0	0	1	4	0	0
2026-06-02 17:55:56.555	video_candidate	0x00000002	DrawPrimitive	596	6	2	0	1480B0D8	0x05295C451353FD1B	640	360	A8R8G8B8	1	0x00000000	1	0x00000144	1	0	0	0	14743D90	2560	1440	X8R8G8B8	0	0	1	0	1	0	0	1	4	0	0
2026-06-02 17:55:56.587	video_candidate	0x00000002	DrawPrimitive	600	6	2	0	1480B0D8	0x21CD57D1BC82EE7E	640	360	A8R8G8B8	1	0x00000000	1	0x00000144	1	0	0	0	14743D90	2560	1440	X8R8G8B8	0	0	1	0	1	0	0	1	4	0	0
2026-06-02 17:55:56.621	video_candidate	0x00000002	DrawPrimitive	604	6	2	0	1480B0D8	0xE89BBAECC4CD1151	640	360	A8R8G8B8	1	0x00000000	1	0x00000144	1	0	0	0	14743D90	2560	1440	X8R8G8B8	0	0	1	0	1	0	0	1	4	0	0
2026-06-02 17:55:56.655	video_candidate	0x00000002	DrawPrimitive	608	6	2	0	1480B0D8	0xCC4FA2729FF43E92	640	360	A8R8G8B8	1	0x00000000	1	0x00000144	1	0	0	0	14743D90	2560	1440	X8R8G8B8	0	0	1	0	1	0	0	1	4	0	0
2026-06-02 17:55:56.687	video_candidate	0x00000002	DrawPrimitive	612	6	2	0	1480B0D8	0x56888A67122540AB	640	360	A8R8G8B8	1	0x00000000	1	0x00000144	1	0	0	0	14743D90	2560	1440	X8R8G8B8	0	0	1	0	1	0	0	1	4	0	0
2026-06-02 17:55:56.721	video_candidate	0x00000002	DrawPrimitive	616	6	2	0	1480B0D8	0x509CD72550B21813	640	360	A8R8G8B8	1	0x00000000	1	0x00000144	1	0	0	0	14743D90	2560	1440	X8R8G8B8	0	0	1	0	1	0	0	1	4	0	0
2026-06-02 17:55:56.754	video_candidate	0x00000002	DrawPrimitive	620	6	2	0	1480B0D8	0x80F31C2B94F2B3F5	640	360	A8R8G8B8	1	0x00000000	1	0x00000144	1	0	0	0	14743D90	2560	1440	X8R8G8B8	0	0	1	0	1	0	0	1	4	0	0
2026-06-02 17:55:56.787	video_candidate	0x00000002	DrawPrimitive	624	6	2	0	1480B0D8	0x5351EB6F98388162	640	360	A8R8G8B8	1	0x00000000	1	0x00000144	1	0	0	0	14743D90	2560	1440	X8R8G8B8	0	0	1	0	1	0	0	1	4	0	0
2026-06-02 17:55:56.821	video_candidate	0x00000002	DrawPrimitive	628	6	2	0	1480B0D8	0x7E554FE77D69A46F	640	360	A8R8G8B8	1	0x00000000	1	0x00000144	1	0	0	0	14743D90	2560	1440	X8R8G8B8	0	0	1	0	1	0	0	1	4	0	0
2026-06-02 17:55:56.854	video_candidate	0x00000002	DrawPrimitive	632	6	2	0	1480B0D8	0xAB99AAAB2F996D77	640	360	A8R8G8B8	1	0x00000000	1	0x00000144	1	0	0	0	14743D90	2560	1440	X8R8G8B8	0	0	1	0	1	0	0	1	4	0	0
2026-06-02 17:55:56.888	video_candidate	0x00000002	DrawPrimitive	636	6	2	0	1480B0D8	0x2C3660E75B45088B	640	360	A8R8G8B8	1	0x00000000	1	0x00000144	1	0	0	0	14743D90	2560	1440	X8R8G8B8	0	0	1	0	1	0	0	1	4	0	0
2026-06-02 17:55:56.921	video_candidate	0x00000002	DrawPrimitive	640	6	2	0	1480B0D8	0x8CF8BB997731234C	640	360	A8R8G8B8	1	0x00000000	1	0x00000144	1	0	0	0	14743D90	2560	1440	X8R8G8B8	0	0	1	0	1	0	0	1	4	0	0
2026-06-02 17:55:56.954	video_candidate	0x00000002	DrawPrimitive	644	6	2	0	1480B0D8	0xA4FBFAB3A7D03E30	640	360	A8R8G8B8	1	0x00000000	1	0x00000144	1	0	0	0	14743D90	2560	1440	X8R8G8B8	0	0	1	0	1	0	0	1	4	0	0
2026-06-02 17:55:56.987	video_candidate	0x00000002	DrawPrimitive	648	6	2	0	1480B0D8	0x120049AA668FF92B	640	360	A8R8G8B8	1	0x00000000	1	0x00000144	1	0	0	0	14743D90	2560	1440	X8R8G8B8	0	0	1	0	1	0	0	1	4	0	0
2026-06-02 17:55:57.021	video_candidate	0x00000002	DrawPrimitive	652	6	2	0	1480B0D8	0xDB6B4AC237A2CDCD	640	360	A8R8G8B8	1	0x00000000	1	0x00000144	1	0	0	0	14743D90	2560	1440	X8R8G8B8	0	0	1	0	1	0	0	1	4	0	0
2026-06-02 17:55:57.054	video_candidate	0x00000002	DrawPrimitive	656	6	2	0	1480B0D8	0x7CA20CC22FA482AF	640	360	A8R8G8B8	1	0x00000000	1	0x00000144	1	0	0	0	14743D90	2560	1440	X8R8G8B8	0	0	1	0	1	0	0	1	4	0	0
2026-06-02 17:55:57.087	video_candidate	0x00000002	DrawPrimitive	660	6	2	0	1480B0D8	0x156AF230FFE38FDF	640	360	A8R8G8B8	1	0x00000000	1	0x00000144	1	0	0	0	14743D90	2560	1440	X8R8G8B8	0	0	1	0	1	0	0	1	4	0	0
2026-06-02 17:55:57.122	video_candidate	0x00000002	DrawPrimitive	664	6	2	0	1480B0D8	0x6A835B2EA36E8807	640	360	A8R8G8B8	1	0x00000000	1	0x00000144	1	0	0	0	14743D90	2560	1440	X8R8G8B8	0	0	1	0	1	0	0	1	4	0	0
2026-06-02 17:55:57.155	video_candidate	0x00000002	DrawPrimitive	668	6	2	0	1480B0D8	0xB81595A6BFBF18B1	640	360	A8R8G8B8	1	0x00000000	1	0x00000144	1	0	0	0	14743D90	2560	1440	X8R8G8B8	0	0	1	0	1	0	0	1	4	0	0
2026-06-02 17:55:57.187	video_candidate	0x00000002	DrawPrimitive	672	6	2	0	1480B0D8	0x1A851F6662087E6A	640	360	A8R8G8B8	1	0x00000000	1	0x00000144	1	0	0	0	14743D90	2560	1440	X8R8G8B8	0	0	1	0	1	0	0	1	4	0	0
2026-06-02 17:55:57.222	video_candidate	0x00000002	DrawPrimitive	676	6	2	0	1480B0D8	0xF44865D491EF607F	640	360	A8R8G8B8	1	0x00000000	1	0x00000144	1	0	0	0	14743D90	2560	1440	X8R8G8B8	0	0	1	0	1	0	0	1	4	0	0
2026-06-02 17:55:57.254	video_candidate	0x00000002	DrawPrimitive	680	6	2	0	1480B0D8	0xBC29A0D08E18FFDE	640	360	A8R8G8B8	1	0x00000000	1	0x00000144	1	0	0	0	14743D90	2560	1440	X8R8G8B8	0	0	1	0	1	0	0	1	4	0	0
2026-06-02 17:55:57.288	video_candidate	0x00000002	DrawPrimitive	684	6	2	0	1480B0D8	0x22CF6EF6671F5543	640	360	A8R8G8B8	1	0x00000000	1	0x00000144	1	0	0	0	14743D90	2560	1440	X8R8G8B8	0	0	1	0	1	0	0	1	4	0	0
2026-06-02 17:55:57.322	video_candidate	0x00000002	DrawPrimitive	688	6	2	0	1480B0D8	0xF91296E6A22E8F56	640	360	A8R8G8B8	1	0x00000000	1	0x00000144	1	0	0	0	14743D90	2560	1440	X8R8G8B8	0	0	1	0	1	0	0	1	4	0	0
2026-06-02 17:55:57.354	video_candidate	0x00000002	DrawPrimitive	692	6	2	0	1480B0D8	0x5597D526446EFAC8	640	360	A8R8G8B8	1	0x00000000	1	0x00000144	1	0	0	0	14743D90	2560	1440	X8R8G8B8	0	0	1	0	1	0	0	1	4	0	0
2026-06-02 17:55:57.387	video_candidate	0x00000002	DrawPrimitive	696	6	2	0	1480B0D8	0x945AD439E33757F3	640	360	A8R8G8B8	1	0x00000000	1	0x00000144	1	0	0	0	14743D90	2560	1440	X8R8G8B8	0	0	1	0	1	0	0	1	4	0	0
2026-06-02 17:55:57.421	video_candidate	0x00000002	DrawPrimitive	700	6	2	0	1480B0D8	0x3D4BFB4293B15C05	640	360	A8R8G8B8	1	0x00000000	1	0x00000144	1	0	0	0	14743D90	2560	1440	X8R8G8B8	0	0	1	0	1	0	0	1	4	0	0
2026-06-02 17:55:57.454	video_candidate	0x00000002	DrawPrimitive	704	6	2	0	1480B0D8	0x3F4755437E62FB2B	640	360	A8R8G8B8	1	0x00000000	1	0x00000144	1	0	0	0	14743D90	2560	1440	X8R8G8B8	0	0	1	0	1	0	0	1	4	0	0
2026-06-02 17:55:57.488	video_candidate	0x00000002	DrawPrimitive	708	6	2	0	1480B0D8	0x1F464CB2A819A8F4	640	360	A8R8G8B8	1	0x00000000	1	0x00000144	1	0	0	0	14743D90	2560	1440	X8R8G8B8	0	0	1	0	1	0	0	1	4	0	0
2026-06-02 17:55:57.521	video_candidate	0x00000002	DrawPrimitive	712	6	2	0	1480B0D8	0x85131CCB7CDE2284	640	360	A8R8G8B8	1	0x00000000	1	0x00000144	1	0	0	0	14743D90	2560	1440	X8R8G8B8	0	0	1	0	1	0	0	1	4	0	0
2026-06-02 17:55:57.554	video_candidate	0x00000002	DrawPrimitive	716	6	2	0	1480B0D8	0x22A8835628DA2262	640	360	A8R8G8B8	1	0x00000000	1	0x00000144	1	0	0	0	14743D90	2560	1440	X8R8G8B8	0	0	1	0	1	0	0	1	4	0	0
2026-06-02 17:55:57.588	video_candidate	0x00000002	DrawPrimitive	720	6	2	0	1480B0D8	0x84496ABE6823944C	640	360	A8R8G8B8	1	0x00000000	1	0x00000144	1	0	0	0	14743D90	2560	1440	X8R8G8B8	0	0	1	0	1	0	0	1	4	0	0
2026-06-02 17:55:57.622	video_candidate	0x00000002	DrawPrimitive	724	6	2	0	1480B0D8	0x0C0482328F210F9C	640	360	A8R8G8B8	1	0x00000000	1	0x00000144	1	0	0	0	14743D90	2560	1440	X8R8G8B8	0	0	1	0	1	0	0	1	4	0	0
2026-06-02 17:55:57.675	video_candidate	0x00000002	DrawPrimitive	731	6	2	0	1480BC38	0xDCDAF79E1F19D32B	640	360	A8R8G8B8	1	0x00000000	1	0x00000144	1	0	0	0	14743D90	2560	1440	X8R8G8B8	0	0	1	0	1	0	0	1	4	0	0
2026-06-02 17:55:57.708	video_candidate	0x00000002	DrawPrimitive	735	6	2	0	1480BC38	0xCBAF210F9D8275B5	640	360	A8R8G8B8	1	0x00000000	1	0x00000144	1	0	0	0	14743D90	2560	1440	X8R8G8B8	0	0	1	0	1	0	0	1	4	0	0
2026-06-02 17:55:57.742	video_candidate	0x00000002	DrawPrimitive	739	6	2	0	1480BC38	0x5B5470B5BFA82B9E	640	360	A8R8G8B8	1	0x00000000	1	0x00000144	1	0	0	0	14743D90	2560	1440	X8R8G8B8	0	0	1	0	1	0	0	1	4	0	0
2026-06-02 17:55:57.775	video_candidate	0x00000002	DrawPrimitive	743	6	2	0	1480BC38	0x28AF7B327FBA7683	640	360	A8R8G8B8	1	0x00000000	1	0x00000144	1	0	0	0	14743D90	2560	1440	X8R8G8B8	0	0	1	0	1	0	0	1	4	0	0
2026-06-02 17:55:57.807	video_candidate	0x00000002	DrawPrimitive	747	6	2	0	1480BC38	0x72EA8553671956A0	640	360	A8R8G8B8	1	0x00000000	1	0x00000144	1	0	0	0	14743D90	2560	1440	X8R8G8B8	0	0	1	0	1	0	0	1	4	0	0
2026-06-02 17:55:57.841	video_candidate	0x00000002	DrawPrimitive	751	6	2	0	1480BC38	0x43D61DD56F7E2B16	640	360	A8R8G8B8	1	0x00000000	1	0x00000144	1	0	0	0	14743D90	2560	1440	X8R8G8B8	0	0	1	0	1	0	0	1	4	0	0
2026-06-02 17:55:57.874	video_candidate	0x00000002	DrawPrimitive	755	6	2	0	1480BC38	0x1C4B066777559B73	640	360	A8R8G8B8	1	0x00000000	1	0x00000144	1	0	0	0	14743D90	2560	1440	X8R8G8B8	0	0	1	0	1	0	0	1	4	0	0
2026-06-02 17:55:57.907	video_candidate	0x00000002	DrawPrimitive	759	6	2	0	1480BC38	0xB6F0C7EBFFBF9F7D	640	360	A8R8G8B8	1	0x00000000	1	0x00000144	1	0	0	0	14743D90	2560	1440	X8R8G8B8	0	0	1	0	1	0	0	1	4	0	0
2026-06-02 17:55:57.941	video_candidate	0x00000002	DrawPrimitive	763	6	2	0	1480BC38	0xDE5F3AF0350D4A55	640	360	A8R8G8B8	1	0x00000000	1	0x00000144	1	0	0	0	14743D90	2560	1440	X8R8G8B8	0	0	1	0	1	0	0	1	4	0	0
2026-06-02 17:55:57.974	video_candidate	0x00000002	DrawPrimitive	767	6	2	0	1480BC38	0x6BD11C21628ADDA4	640	360	A8R8G8B8	1	0x00000000	1	0x00000144	1	0	0	0	14743D90	2560	1440	X8R8G8B8	0	0	1	0	1	0	0	1	4	0	0
2026-06-02 17:55:58.008	video_candidate	0x00000002	DrawPrimitive	771	6	2	0	1480BC38	0x1C5D029D5EFD847C	640	360	A8R8G8B8	1	0x00000000	1	0x00000144	1	0	0	0	14743D90	2560	1440	X8R8G8B8	0	0	1	0	1	0	0	1	4	0	0
2026-06-02 17:55:58.041	video_candidate	0x00000002	DrawPrimitive	775	6	2	0	1480BC38	0x587AAE3082C75857	640	360	A8R8G8B8	1	0x00000000	1	0x00000144	1	0	0	0	14743D90	2560	1440	X8R8G8B8	0	0	1	0	1	0	0	1	4	0	0
2026-06-02 17:55:58.074	video_candidate	0x00000002	DrawPrimitive	779	6	2	0	1480BC38	0x89FCDDCBC3D6537A	640	360	A8R8G8B8	1	0x00000000	1	0x00000144	1	0	0	0	14743D90	2560	1440	X8R8G8B8	0	0	1	0	1	0	0	1	4	0	0
2026-06-02 17:55:58.108	video_candidate	0x00000002	DrawPrimitive	783	6	2	0	1480BC38	0xC3C33974779E948C	640	360	A8R8G8B8	1	0x00000000	1	0x00000144	1	0	0	0	14743D90	2560	1440	X8R8G8B8	0	0	1	0	1	0	0	1	4	0	0
2026-06-02 17:55:58.160	video_candidate	0x00000002	DrawPrimitive	789	6	2	0	1480B458	0x3FC29534C6CD04DC	640	360	A8R8G8B8	1	0x00000000	1	0x00000144	1	0	0	0	14743D90	2560	1440	X8R8G8B8	0	0	1	0	1	0	0	1	4	0	0
2026-06-02 17:55:58.193	video_candidate	0x00000002	DrawPrimitive	793	6	2	0	1480B458	0x767C3D11E50751FF	640	360	A8R8G8B8	1	0x00000000	1	0x00000144	1	0	0	0	14743D90	2560	1440	X8R8G8B8	0	0	1	0	1	0	0	1	4	0	0
2026-06-02 17:55:58.226	video_candidate	0x00000002	DrawPrimitive	797	6	2	0	1480B458	0x3DEAB265820F7A90	640	360	A8R8G8B8	1	0x00000000	1	0x00000144	1	0	0	0	14743D90	2560	1440	X8R8G8B8	0	0	1	0	1	0	0	1	4	0	0
2026-06-02 17:55:58.260	video_candidate	0x00000002	DrawPrimitive	801	6	2	0	1480B458	0xC8F857A0EC7EC7BD	640	360	A8R8G8B8	1	0x00000000	1	0x00000144	1	0	0	0	14743D90	2560	1440	X8R8G8B8	0	0	1	0	1	0	0	1	4	0	0
2026-06-02 17:55:58.292	video_candidate	0x00000002	DrawPrimitive	805	6	2	0	1480B458	0x1AAF101FE0C50E91	640	360	A8R8G8B8	1	0x00000000	1	0x00000144	1	0	0	0	14743D90	2560	1440	X8R8G8B8	0	0	1	0	1	0	0	1	4	0	0
2026-06-02 17:55:58.327	video_candidate	0x00000002	DrawPrimitive	809	6	2	0	1480B458	0xED70B6F7A884492F	640	360	A8R8G8B8	1	0x00000000	1	0x00000144	1	0	0	0	14743D90	2560	1440	X8R8G8B8	0	0	1	0	1	0	0	1	4	0	0
2026-06-02 17:55:58.359	video_candidate	0x00000002	DrawPrimitive	813	6	2	0	1480B458	0xFA6EA6DF302BD73C	640	360	A8R8G8B8	1	0x00000000	1	0x00000144	1	0	0	0	14743D90	2560	1440	X8R8G8B8	0	0	1	0	1	0	0	1	4	0	0
2026-06-02 17:55:58.393	video_candidate	0x00000002	DrawPrimitive	817	6	2	0	1480B458	0x70D80D102F0107B1	640	360	A8R8G8B8	1	0x00000000	1	0x00000144	1	0	0	0	14743D90	2560	1440	X8R8G8B8	0	0	1	0	1	0	0	1	4	0	0
2026-06-02 17:55:58.426	video_candidate	0x00000002	DrawPrimitive	821	6	2	0	1480B458	0x78B5F3B17F4AF89E	640	360	A8R8G8B8	1	0x00000000	1	0x00000144	1	0	0	0	14743D90	2560	1440	X8R8G8B8	0	0	1	0	1	0	0	1	4	0	0
2026-06-02 17:55:58.460	video_candidate	0x00000002	DrawPrimitive	825	6	2	0	1480B458	0x61D98D7947ABF612	640	360	A8R8G8B8	1	0x00000000	1	0x00000144	1	0	0	0	14743D90	2560	1440	X8R8G8B8	0	0	1	0	1	0	0	1	4	0	0
2026-06-02 17:55:58.492	video_candidate	0x00000002	DrawPrimitive	829	6	2	0	1480B458	0xB1C08163DEF25ACA	640	360	A8R8G8B8	1	0x00000000	1	0x00000144	1	0	0	0	14743D90	2560	1440	X8R8G8B8	0	0	1	0	1	0	0	1	4	0	0
2026-06-02 17:55:58.527	video_candidate	0x00000002	DrawPrimitive	833	6	2	0	1480B458	0xC4A253ECABE828E8	640	360	A8R8G8B8	1	0x00000000	1	0x00000144	1	0	0	0	14743D90	2560	1440	X8R8G8B8	0	0	1	0	1	0	0	1	4	0	0
2026-06-02 17:55:58.559	video_candidate	0x00000002	DrawPrimitive	837	6	2	0	1480B458	0x71B0536BDF69B994	640	360	A8R8G8B8	1	0x00000000	1	0x00000144	1	0	0	0	14743D90	2560	1440	X8R8G8B8	0	0	1	0	1	0	0	1	4	0	0
2026-06-02 17:55:58.593	video_candidate	0x00000002	DrawPrimitive	841	6	2	0	1480B458	0xBDF5DBB1889EA149	640	360	A8R8G8B8	1	0x00000000	1	0x00000144	1	0	0	0	14743D90	2560	1440	X8R8G8B8	0	0	1	0	1	0	0	1	4	0	0
2026-06-02 17:55:58.626	video_candidate	0x00000002	DrawPrimitive	845	6	2	0	1480B458	0xA61F480C81BDA688	640	360	A8R8G8B8	1	0x00000000	1	0x00000144	1	0	0	0	14743D90	2560	1440	X8R8G8B8	0	0	1	0	1	0	0	1	4	0	0
2026-06-02 17:55:58.642	ui_candidate	0x00000001	DrawPrimitive	848	6	2	0	1475F7F0	0xA46C307BB6FFCB19	1024	512	DXT1	1	0x00000000	1	0x00000144	1	0	0	0	14743D90	2560	1440	X8R8G8B8	0	0	1	1	1	0	0	1	3	0	0
2026-06-02 17:55:58.644	ui_candidate	0x00000001	DrawPrimitive	849	4	38	0	1475FA90	0xD84E0241FB4E93F6	1024	128	A8R8G8B8	1	0x00000000	1	0x00000144	1	0	0	0	14743D90	2560	1440	X8R8G8B8	0	0	1	1	0	0	0	1	4	0	0
2026-06-02 17:55:58.646	video_candidate	0x00000002	DrawPrimitive	851	4	82	0	1475F9B0	0x6AC6C7AE4BEFB2B8	512	512	A8R8G8B8	1	0x00000000	1	0x00000144	1	0	0	0	14743D90	2560	1440	X8R8G8B8	0	0	1	1	0	0	0	1	6	0	0
2026-06-02 17:55:59.051	ui_candidate	0x00000001	DrawPrimitive	1063	6	2	0	1480B378	0x6A7D03854206B78E	1024	1024	DXT1	1	0x00000000	1	0x00000144	1	0	0	0	14743D90	2560	1440	X8R8G8B8	0	0	1	1	1	0	0	1	1	0	0
2026-06-02 17:55:59.102	ui_candidate	0x00000001	DrawPrimitive	1069	6	2	0	1475F390	0x2164293A60D148AC	8	8	A8R8G8B8	1	0x00000000	1	0x00000144	1	0	0	0	14743D90	2560	1440	X8R8G8B8	0	0	1	0	1	0	0	1	1	0	0
2026-06-02 17:55:59.294	ui_candidate	0x00000001	DrawPrimitive	1094	6	2	0	1475AE08	0x660C22E6992AEE0B	64	64	A8R8G8B8	1	0x00000000	1	0x00000144	1	0	0	0	14743D90	2560	1440	X8R8G8B8	0	0	1	0	1	0	0	1	2	0	0
2026-06-02 17:55:59.294	ui_candidate	0x00000001	DrawPrimitive	1095	6	2	0	1475FFF0	0xCDB5E25E85B19E5A	64	64	A8R8G8B8	1	0x00000000	1	0x00000144	1	0	0	0	14743D90	2560	1440	X8R8G8B8	0	0	1	0	1	0	0	1	3	0	0
2026-06-02 17:55:59.296	ui_candidate	0x00000001	DrawPrimitive	1099	6	2	0	147AEAB0	0x3A8E77D53F4545A7	16	16	DXT1	5	0x00000000	1	0x00000144	1	0	0	0	14743D90	2560	1440	X8R8G8B8	0	0	1	0	1	0	0	1	7	0	0
2026-06-02 17:55:59.297	ui_candidate	0x00000001	DrawPrimitive	1100	6	2	0	147AEE30	0xDEECACC870C38231	16	16	DXT1	5	0x00000000	1	0x00000144	1	0	0	0	14743D90	2560	1440	X8R8G8B8	0	0	1	0	1	0	0	1	8	0	0
2026-06-02 17:55:59.297	ui_candidate	0x00000001	DrawPrimitive	1101	6	2	0	147AEC70	0x7F1911D10A4D1638	64	32	A8R8G8B8	7	0x00000000	1	0x00000144	1	0	0	0	14743D90	2560	1440	X8R8G8B8	0	0	1	0	1	0	0	1	9	0	0
2026-06-02 17:55:59.298	ui_candidate	0x00000001	DrawPrimitive	1102	6	2	0	147BB138	0xB9043B114CCB20AE	64	32	A8R8G8B8	7	0x00000000	1	0x00000144	1	0	0	0	14743D90	2560	1440	X8R8G8B8	0	0	1	0	1	0	0	1	10	0	0
2026-06-02 17:55:59.298	ui_candidate	0x00000001	DrawPrimitive	1103	6	2	0	147BAF78	0x2F9880380C4E2FD4	64	32	A8R8G8B8	7	0x00000000	1	0x00000144	1	0	0	0	14743D90	2560	1440	X8R8G8B8	0	0	1	0	1	0	0	1	11	0	0
2026-06-02 17:55:59.299	ui_candidate	0x00000001	DrawPrimitive	1104	6	2	0	147BACD8	0xDC3A7ED6755233E2	64	32	A8R8G8B8	7	0x00000000	1	0x00000144	1	0	0	0	14743D90	2560	1440	X8R8G8B8	0	0	1	0	1	0	0	1	12	0	0
2026-06-02 17:55:59.299	ui_candidate	0x00000001	DrawPrimitive	1105	6	2	0	147BB9F8	0xDCFC02F448184F74	64	32	A8R8G8B8	7	0x00000000	1	0x00000144	1	0	0	0	14743D90	2560	1440	X8R8G8B8	0	0	1	0	1	0	0	1	13	0	0
2026-06-02 17:55:59.300	ui_candidate	0x00000001	DrawPrimitive	1106	6	2	0	147BB218	0x93D1B8996F561373	64	32	A8R8G8B8	7	0x00000000	1	0x00000144	1	0	0	0	14743D90	2560	1440	X8R8G8B8	0	0	1	0	1	0	0	1	14	0	0
2026-06-02 17:55:59.300	ui_candidate	0x00000001	DrawPrimitive	1107	6	2	0	147BB4B8	0xAF4BB367BA2244F2	64	32	A8R8G8B8	7	0x00000000	1	0x00000144	1	0	0	0	14743D90	2560	1440	X8R8G8B8	0	0	1	0	1	0	0	1	15	0	0
2026-06-02 17:55:59.301	ui_candidate	0x00000001	DrawPrimitive	1108	6	2	0	147BB3D8	0x620797930AB0991A	64	32	A8R8G8B8	7	0x00000000	1	0x00000144	1	0	0	0	14743D90	2560	1440	X8R8G8B8	0	0	1	0	1	0	0	1	16	0	0
2026-06-02 17:55:59.302	ui_candidate	0x00000001	DrawPrimitive	1109	6	2	0	14C56A00	0x1AA052D8B0A81324	16	16	DXT1	5	0x00000000	1	0x00000144	1	0	0	0	14743D90	2560	1440	X8R8G8B8	0	0	1	0	1	0	0	1	17	0	0
2026-06-02 17:55:59.303	ui_candidate	0x00000001	DrawPrimitive	1110	6	2	0	14C56760	0x1AA052D8B0A81324	16	16	DXT1	5	0x00000000	1	0x00000144	1	0	0	0	14743D90	2560	1440	X8R8G8B8	0	0	1	0	1	0	0	1	18	0	0
2026-06-02 17:55:59.303	ui_candidate	0x00000001	DrawPrimitive	1111	6	2	0	00D60030	0xC148A26248AED1DD	32	32	DXT1	6	0x00000000	1	0x00000144	1	0	0	0	14743D90	2560	1440	X8R8G8B8	0	0	1	0	1	0	0	1	19	0	0
2026-06-02 17:55:59.304	ui_candidate	0x00000001	DrawPrimitive	1112	6	2	0	00D60570	0x6A50760AF2E2D0C6	32	32	DXT1	6	0x00000000	1	0x00000144	1	0	0	0	14743D90	2560	1440	X8R8G8B8	0	0	1	0	1	0	0	1	20	0	0
2026-06-02 17:55:59.305	ui_candidate	0x00000001	DrawPrimitive	1113	6	2	0	00D60730	0x2C85F1658D4ACA55	32	32	DXT1	6	0x00000000	1	0x00000144	1	0	0	0	14743D90	2560	1440	X8R8G8B8	0	0	1	0	1	0	0	1	21	0	0
2026-06-02 17:55:59.305	ui_candidate	0x00000001	DrawPrimitive	1114	6	2	0	00D60AB0	0xD755FEFC17D23563	32	32	DXT1	6	0x00000000	1	0x00000144	1	0	0	0	14743D90	2560	1440	X8R8G8B8	0	0	1	0	1	0	0	1	22	0	0
2026-06-02 17:55:59.306	ui_candidate	0x00000001	DrawPrimitive	1115	6	2	0	00D60C70	0x860C908AA5DF20CA	64	64	DXT1	7	0x00000000	1	0x00000144	1	0	0	0	14743D90	2560	1440	X8R8G8B8	0	0	1	0	1	0	0	1	23	0	0
2026-06-02 17:55:59.306	ui_candidate	0x00000001	DrawPrimitive	1116	6	2	0	00D609D0	0xE99F05406EED8DC2	32	32	DXT1	6	0x00000000	1	0x00000144	1	0	0	0	14743D90	2560	1440	X8R8G8B8	0	0	1	0	1	0	0	1	24	0	0
2026-06-02 17:55:59.307	ui_candidate	0x00000001	DrawPrimitive	1117	6	2	0	00D5FE70	0xBF73D3FB1818F2A4	64	64	DXT1	7	0x00000000	1	0x00000144	1	0	0	0	14743D90	2560	1440	X8R8G8B8	0	0	1	0	1	0	0	1	25	0	0
2026-06-02 17:55:59.307	ui_candidate	0x00000001	DrawPrimitive	1118	6	2	0	00D603B0	0x43D1645B5C3DEECF	32	64	A8R8G8B8	7	0x00000000	1	0x00000144	1	0	0	0	14743D90	2560	1440	X8R8G8B8	0	0	1	0	1	0	0	1	26	0	0
2026-06-02 17:55:59.308	ui_candidate	0x00000001	DrawPrimitive	1119	6	2	0	147CFA08	0xB6C9BFE1B58FDDB0	64	64	DXT1	7	0x00000000	1	0x00000144	1	0	0	0	14743D90	2560	1440	X8R8G8B8	0	0	1	0	1	0	0	1	27	0	0
2026-06-02 17:55:59.308	ui_candidate	0x00000001	DrawPrimitive	1120	6	2	0	147CF4C8	0x43D1645B5C3DEECF	32	64	A8R8G8B8	7	0x00000000	1	0x00000144	1	0	0	0	14743D90	2560	1440	X8R8G8B8	0	0	1	0	1	0	0	1	28	0	0
2026-06-02 17:55:59.310	ui_candidate	0x00000001	DrawPrimitive	1121	6	2	0	147CF848	0x1B115F986A887E01	64	64	A8R8G8B8	7	0x00000000	1	0x00000144	1	0	0	0	14743D90	2560	1440	X8R8G8B8	0	0	1	0	1	0	0	1	29	0	0
2026-06-02 17:55:59.311	ui_candidate	0x00000001	DrawPrimitive	1122	6	2	0	147CF768	0xE4FBA3ECAC4D2630	64	64	DXT1	7	0x00000000	1	0x00000144	1	0	0	0	14743D90	2560	1440	X8R8G8B8	0	0	1	0	1	0	0	1	30	0	0
2026-06-02 17:55:59.312	ui_candidate	0x00000001	DrawPrimitive	1123	6	2	0	14CFA8C8	0xC148A26248AED1DD	32	32	DXT1	6	0x00000000	1	0x00000144	1	0	0	0	14743D90	2560	1440	X8R8G8B8	0	0	1	0	1	0	0	1	31	0	0
2026-06-02 17:55:59.312	ui_candidate	0x00000001	DrawPrimitive	1124	6	2	0	14CFBB28	0x6A50760AF2E2D0C6	32	32	DXT1	6	0x00000000	1	0x00000144	1	0	0	0	14743D90	2560	1440	X8R8G8B8	0	0	1	0	1	0	0	1	32	0	0
2026-06-02 17:55:59.313	ui_candidate	0x00000001	DrawPrimitive	1125	6	2	0	14CFBA48	0xD755FEFC17D23563	32	32	DXT1	6	0x00000000	1	0x00000144	1	0	0	0	14743D90	2560	1440	X8R8G8B8	0	0	1	0	1	0	0	1	33	0	0
2026-06-02 17:55:59.314	ui_candidate	0x00000001	DrawPrimitive	1126	6	2	0	14CFA008	0x2C85F1658D4ACA55	32	32	DXT1	6	0x00000000	1	0x00000144	1	0	0	0	14743D90	2560	1440	X8R8G8B8	0	0	1	0	1	0	0	1	34	0	0
2026-06-02 17:55:59.315	ui_candidate	0x00000001	DrawPrimitive	1127	6	2	0	14CFA1C8	0x860C908AA5DF20CA	64	64	DXT1	7	0x00000000	1	0x00000144	1	0	0	0	14743D90	2560	1440	X8R8G8B8	0	0	1	0	1	0	0	1	35	0	0
2026-06-02 17:55:59.315	ui_candidate	0x00000001	DrawPrimitive	1128	6	2	0	14CFA7E8	0xE99F05406EED8DC2	32	32	DXT1	6	0x00000000	1	0x00000144	1	0	0	0	14743D90	2560	1440	X8R8G8B8	0	0	1	0	1	0	0	1	36	0	0
2026-06-02 17:55:59.316	ui_candidate	0x00000001	DrawPrimitive	1129	6	2	0	14CFAEE8	0xBF73D3FB1818F2A4	64	64	DXT1	7	0x00000000	1	0x00000144	1	0	0	0	14743D90	2560	1440	X8R8G8B8	0	0	1	0	1	0	0	1	37	0	0
2026-06-02 17:55:59.316	ui_candidate	0x00000001	DrawPrimitive	1130	6	2	0	14CFA388	0x43D1645B5C3DEECF	32	64	A8R8G8B8	7	0x00000000	1	0x00000144	1	0	0	0	14743D90	2560	1440	X8R8G8B8	0	0	1	0	1	0	0	1	38	0	0
2026-06-02 17:55:59.317	ui_candidate	0x00000001	DrawPrimitive	1131	6	2	0	14CFB7A8	0xB6C9BFE1B58FDDB0	64	64	DXT1	7	0x00000000	1	0x00000144	1	0	0	0	14743D90	2560	1440	X8R8G8B8	0	0	1	0	1	0	0	1	39	0	0
2026-06-02 17:55:59.317	ui_candidate	0x00000001	DrawPrimitive	1132	6	2	0	14CFA548	0x43D1645B5C3DEECF	32	64	A8R8G8B8	7	0x00000000	1	0x00000144	1	0	0	0	14743D90	2560	1440	X8R8G8B8	0	0	1	0	1	0	0	1	40	0	0
2026-06-02 17:55:59.318	ui_candidate	0x00000001	DrawPrimitive	1133	6	2	0	14D1DBF0	0xEB7FD5A3B59BAE19	128	128	DXT1	8	0x00000000	1	0x00000144	1	0	0	0	14743D90	2560	1440	X8R8G8B8	0	0	1	0	1	0	0	1	41	0	0
2026-06-02 17:55:59.318	ui_candidate	0x00000001	DrawPrimitive	1134	6	2	0	14D40728	0x54ECA31344409BFF	16	16	A8R8G8B8	5	0x00000000	1	0x00000144	1	0	0	0	14743D90	2560	1440	X8R8G8B8	0	0	1	0	1	0	0	1	42	0	0
2026-06-02 17:55:59.319	ui_candidate	0x00000001	DrawPrimitive	1135	6	2	0	14D416E8	0x2E5322A96966F31A	16	16	DXT1	5	0x00000000	1	0x00000144	1	0	0	0	14743D90	2560	1440	X8R8G8B8	0	0	1	0	1	0	0	1	43	0	0
2026-06-02 17:55:59.319	ui_candidate	0x00000001	DrawPrimitive	1136	6	2	0	14D417C8	0x27D5D6C10C75A51A	16	32	A8R8G8B8	6	0x00000000	1	0x00000144	1	0	0	0	14743D90	2560	1440	X8R8G8B8	0	0	1	0	1	0	0	1	44	0	0
2026-06-02 17:55:59.320	ui_candidate	0x00000001	DrawPrimitive	1137	6	2	0	14D42168	0xB873E1E3756BEA14	32	32	A8R8G8B8	6	0x00000000	1	0x00000144	1	0	0	0	14743D90	2560	1440	X8R8G8B8	0	0	1	0	1	0	0	1	45	0	0
2026-06-02 17:55:59.321	ui_candidate	0x00000001	DrawPrimitive	1138	6	2	0	14D410C8	0x63099FB75D605AD0	32	32	A8R8G8B8	6	0x00000000	1	0x00000144	1	0	0	0	14743D90	2560	1440	X8R8G8B8	0	0	1	0	1	0	0	1	46	0	0
2026-06-02 17:55:59.321	ui_candidate	0x00000001	DrawPrimitive	1139	6	2	0	14D40B88	0x1A9445604A1C9F2D	32	32	A8R8G8B8	6	0x00000000	1	0x00000144	1	0	0	0	14743D90	2560	1440	X8R8G8B8	0	0	1	0	1	0	0	1	47	0	0
2026-06-02 17:55:59.322	ui_candidate	0x00000001	DrawPrimitive	1140	6	2	0	14D40C68	0x6BBB2A52DFF3FA22	128	128	A8R8G8B8	8	0x00000000	1	0x00000144	1	0	0	0	14743D90	2560	1440	X8R8G8B8	0	0	1	0	1	0	0	1	48	0	0
2026-06-02 17:55:59.322	ui_candidate	0x00000001	DrawPrimitive	1141	6	2	0	14D41448	0x95BDAE3C19FA37FF	32	32	DXT1	6	0x00000000	1	0x00000144	1	0	0	0	14743D90	2560	1440	X8R8G8B8	0	0	1	0	1	0	0	1	49	0	0
2026-06-02 17:55:59.323	ui_candidate	0x00000001	DrawPrimitive	1142	6	2	0	14D42328	0x3B64BBF1E4228ECD	128	32	A8R8G8B8	8	0x00000000	1	0x00000144	1	0	0	0	14743D90	2560	1440	X8R8G8B8	0	0	1	0	1	0	0	1	50	0	0
2026-06-02 17:55:59.323	ui_candidate	0x00000001	DrawPrimitive	1143	6	2	0	14D42408	0xAD008145CF75F9AE	128	64	A8R8G8B8	8	0x00000000	1	0x00000144	1	0	0	0	14743D90	2560	1440	X8R8G8B8	0	0	1	0	1	0	0	1	51	0	0
2026-06-02 17:55:59.324	ui_candidate	0x00000001	DrawPrimitive	1144	6	2	0	14D424E8	0x04B07303157B7DD7	128	128	DXT1	8	0x00000000	1	0x00000144	1	0	0	0	14743D90	2560	1440	X8R8G8B8	0	0	1	0	1	0	0	1	52	0	0
2026-06-02 17:55:59.325	ui_candidate	0x00000001	DrawPrimitive	1145	6	2	0	14D85218	0xE35C79468627E2FA	64	256	A8R8G8B8	9	0x00000000	1	0x00000144	1	0	0	0	14743D90	2560	1440	X8R8G8B8	0	0	1	0	1	0	0	1	53	0	0
2026-06-02 17:55:59.326	ui_candidate	0x00000001	DrawPrimitive	1146	6	2	0	14D83A78	0xB52D9D013F1965B0	32	128	A8R8G8B8	8	0x00000000	1	0x00000144	1	0	0	0	14743D90	2560	1440	X8R8G8B8	0	0	1	0	1	0	0	1	54	0	0
2026-06-02 17:55:59.327	ui_candidate	0x00000001	DrawPrimitive	1147	6	2	0	14D83998	0x2A5C1A3FC0079E2C	64	64	A8R8G8B8	7	0x00000000	1	0x00000144	1	0	0	0	14743D90	2560	1440	X8R8G8B8	0	0	1	0	1	0	0	1	55	0	0
2026-06-02 17:55:59.328	ui_candidate	0x00000001	DrawPrimitive	1148	6	2	0	14D84E98	0x4872DED9DC5CBB55	128	128	A8R8G8B8	8	0x00000000	1	0x00000144	1	0	0	0	14743D90	2560	1440	X8R8G8B8	0	0	1	0	1	0	0	1	56	0	0
2026-06-02 17:55:59.329	ui_candidate	0x00000001	DrawPrimitive	1149	6	2	0	14D84418	0x76B2B258EFCD373F	32	32	DXT1	6	0x00000000	1	0x00000144	1	0	0	0	14743D90	2560	1440	X8R8G8B8	0	0	1	0	1	0	0	1	57	0	0
2026-06-02 17:55:59.331	ui_candidate	0x00000001	DrawPrimitive	1150	6	2	0	14D83FB8	0xF4BDF86E0CD3CEC9	32	32	DXT1	6	0x00000000	1	0x00000144	1	0	0	0	14743D90	2560	1440	X8R8G8B8	0	0	1	0	1	0	0	1	58	0	0
2026-06-02 17:55:59.332	ui_candidate	0x00000001	DrawPrimitive	1151	6	2	0	14D85058	0x03ABB8F1D43F3565	64	32	DXT1	7	0x00000000	1	0x00000144	1	0	0	0	14743D90	2560	1440	X8R8G8B8	0	0	1	0	1	0	0	1	59	0	0
2026-06-02 17:55:59.333	ui_candidate	0x00000001	DrawPrimitive	1152	6	2	0	14D85138	0xB735B1B4AF950E92	128	64	DXT1	8	0x00000000	1	0x00000144	1	0	0	0	14743D90	2560	1440	X8R8G8B8	0	0	1	0	1	0	0	1	60	0	0
2026-06-02 17:55:59.334	ui_candidate	0x00000001	DrawPrimitive	1153	6	2	0	14D85598	0xC665385F202C5ABB	64	64	A8R8G8B8	7	0x00000000	1	0x00000144	1	0	0	0	14743D90	2560	1440	X8R8G8B8	0	0	1	0	1	0	0	1	61	0	0
2026-06-02 17:55:59.336	ui_candidate	0x00000001	DrawPrimitive	1154	6	2	0	14D85758	0x7DBDFABF4F07C75B	64	64	A8R8G8B8	7	0x00000000	1	0x00000144	1	0	0	0	14743D90	2560	1440	X8R8G8B8	0	0	1	0	1	0	0	1	62	0	0
2026-06-02 17:55:59.337	ui_candidate	0x00000001	DrawPrimitive	1155	6	2	0	14D85918	0x38E211383797B3E5	32	32	DXT1	6	0x00000000	1	0x00000144	1	0	0	0	14743D90	2560	1440	X8R8G8B8	0	0	1	0	1	0	0	1	63	0	0
2026-06-02 17:55:59.338	ui_candidate	0x00000001	DrawPrimitive	1156	6	2	0	14D83378	0x6C283B7D25346BAA	16	16	DXT1	5	0x00000000	1	0x00000144	1	0	0	0	14743D90	2560	1440	X8R8G8B8	0	0	1	0	1	0	0	1	64	0	0
2026-06-02 17:55:59.339	ui_candidate	0x00000001	DrawPrimitive	1157	6	2	0	14D829D8	0x6184A19A8665A822	32	32	A8R8G8B8	6	0x00000000	1	0x00000144	1	0	0	0	14743D90	2560	1440	X8R8G8B8	0	0	1	0	1	0	0	1	65	0	0
2026-06-02 17:55:59.340	ui_candidate	0x00000001	DrawPrimitive	1158	6	2	0	14D81CB8	0xF42FB743E9E245A4	32	32	A8R8G8B8	6	0x00000000	1	0x00000144	1	0	0	0	14743D90	2560	1440	X8R8G8B8	0	0	1	0	1	0	0	1	66	0	0
2026-06-02 17:55:59.341	ui_candidate	0x00000001	DrawPrimitive	1159	6	2	0	14D82498	0xFA12C0763EFC4A6C	64	64	A8R8G8B8	7	0x00000000	1	0x00000144	1	0	0	0	14743D90	2560	1440	X8R8G8B8	0	0	1	0	1	0	0	1	67	0	0
2026-06-02 17:55:59.342	ui_candidate	0x00000001	DrawPrimitive	1160	6	2	0	14D82E38	0x4154034DDAA14554	64	32	A8R8G8B8	7	0x00000000	1	0x00000144	1	0	0	0	14743D90	2560	1440	X8R8G8B8	0	0	1	0	1	0	0	1	68	0	0
2026-06-02 17:55:59.342	ui_candidate	0x00000001	DrawPrimitive	1161	6	2	0	14D821F8	0xFC6E18A75BD3066F	64	32	A8R8G8B8	7	0x00000000	1	0x00000144	1	0	0	0	14743D90	2560	1440	X8R8G8B8	0	0	1	0	1	0	0	1	69	0	0
2026-06-02 17:55:59.343	ui_candidate	0x00000001	DrawPrimitive	1162	6	2	0	14D81E78	0xB7A36426C2B4ADF8	32	32	A8R8G8B8	6	0x00000000	1	0x00000144	1	0	0	0	14743D90	2560	1440	X8R8G8B8	0	0	1	0	1	0	0	1	70	0	0
2026-06-02 17:55:59.344	ui_candidate	0x00000001	DrawPrimitive	1163	6	2	0	14D83458	0x360F86BB8C18E04C	32	32	A8R8G8B8	6	0x00000000	1	0x00000144	1	0	0	0	14743D90	2560	1440	X8R8G8B8	0	0	1	0	1	0	0	1	71	0	0
2026-06-02 17:55:59.344	ui_candidate	0x00000001	DrawPrimitive	1164	6	2	0	14D82658	0x165FCC30FE993ACB	64	128	DXT1	8	0x00000000	1	0x00000144	1	0	0	0	14743D90	2560	1440	X8R8G8B8	0	0	1	0	1	0	0	1	72	0	0
2026-06-02 17:55:59.345	ui_candidate	0x00000001	DrawPrimitive	1165	6	2	0	14D82C78	0x3F1A7468D6745743	64	128	A8R8G8B8	8	0x00000000	1	0x00000144	1	0	0	0	14743D90	2560	1440	X8R8G8B8	0	0	1	0	1	0	0	1	73	0	0
2026-06-02 17:55:59.346	ui_candidate	0x00000001	DrawPrimitive	1166	6	2	0	14D831B8	0xDE722DC112B3B209	128	128	DXT1	8	0x00000000	1	0x00000144	1	0	0	0	14743D90	2560	1440	X8R8G8B8	0	0	1	0	1	0	0	1	74	0	0
2026-06-02 17:55:59.346	ui_candidate	0x00000001	DrawPrimitive	1167	6	2	0	1571F4C8	0x6AE61823F1B84DD1	32	16	DXT1	6	0x00000000	1	0x00000144	1	0	0	0	14743D90	2560	1440	X8R8G8B8	0	0	1	0	1	0	0	1	75	0	0
2026-06-02 17:55:59.348	ui_candidate	0x00000001	DrawPrimitive	1168	6	2	0	1571DD28	0x9D89D2DA94056C57	128	128	A8R8G8B8	8	0x00000000	1	0x00000144	1	0	0	0	14743D90	2560	1440	X8R8G8B8	0	0	1	0	1	0	0	1	76	0	0
2026-06-02 17:55:59.348	ui_candidate	0x00000001	DrawPrimitive	1169	6	2	0	1571EDC8	0x41D34F3BC1FA3152	64	32	DXT1	7	0x00000000	1	0x00000144	1	0	0	0	14743D90	2560	1440	X8R8G8B8	0	0	1	0	1	0	0	1	77	0	0
2026-06-02 17:55:59.349	ui_candidate	0x00000001	DrawPrimitive	1170	6	2	0	1571E428	0xC600750D89F8087A	64	64	A8R8G8B8	7	0x00000000	1	0x00000144	1	0	0	0	14743D90	2560	1440	X8R8G8B8	0	0	1	0	1	0	0	1	78	0	0
2026-06-02 17:55:59.349	ui_candidate	0x00000001	DrawPrimitive	1171	6	2	0	1571E888	0x108A228A566BE2CB	64	64	A8R8G8B8	7	0x00000000	1	0x00000144	1	0	0	0	14743D90	2560	1440	X8R8G8B8	0	0	1	0	1	0	0	1	79	0	0
2026-06-02 17:55:59.350	ui_candidate	0x00000001	DrawPrimitive	1172	6	2	0	1571E5E8	0x0D56D1EA6DE78FC0	64	64	A8R8G8B8	7	0x00000000	1	0x00000144	1	0	0	0	14743D90	2560	1440	X8R8G8B8	0	0	1	0	1	0	0	1	80	0	0
2026-06-02 17:55:59.350	ui_candidate	0x00000001	DrawPrimitive	1173	6	2	0	1571F068	0x5729B4776F25AF6D	64	64	A8R8G8B8	7	0x00000000	1	0x00000144	1	0	0	0	14743D90	2560	1440	X8R8G8B8	0	0	1	0	1	0	0	1	81	0	0
2026-06-02 17:55:59.351	ui_candidate	0x00000001	DrawPrimitive	1174	6	2	0	1571EB28	0x63C7A77D8D23E18A	64	64	A8R8G8B8	7	0x00000000	1	0x00000144	1	0	0	0	14743D90	2560	1440	X8R8G8B8	0	0	1	0	1	0	0	1	82	0	0
2026-06-02 17:55:59.351	ui_candidate	0x00000001	DrawPrimitive	1175	6	2	0	1571E7A8	0xD4C43EBD92D0A51D	64	64	A8R8G8B8	7	0x00000000	1	0x00000144	1	0	0	0	14743D90	2560	1440	X8R8G8B8	0	0	1	0	1	0	0	1	83	0	0
2026-06-02 17:55:59.352	ui_candidate	0x00000001	DrawPrimitive	1176	6	2	0	1571F5A8	0x10271FB7E65B8AF5	64	64	A8R8G8B8	7	0x00000000	1	0x00000144	1	0	0	0	14743D90	2560	1440	X8R8G8B8	0	0	1	0	1	0	0	1	84	0	0
2026-06-02 17:55:59.352	ui_candidate	0x00000001	DrawPrimitive	1177	6	2	0	1571EF88	0x71EF75D786C1E1F6	64	64	A8R8G8B8	7	0x00000000	1	0x00000144	1	0	0	0	14743D90	2560	1440	X8R8G8B8	0	0	1	0	1	0	0	1	85	0	0
2026-06-02 17:55:59.352	ui_candidate	0x00000001	DrawPrimitive	1178	6	2	0	1571F148	0x093C29F27ECFCF21	16	16	DXT1	5	0x00000000	1	0x00000144	1	0	0	0	14743D90	2560	1440	X8R8G8B8	0	0	1	0	1	0	0	1	86	0	0
2026-06-02 17:55:59.353	ui_candidate	0x00000001	DrawPrimitive	1179	6	2	0	1571F308	0x9772ED1594FACE57	64	64	A8R8G8B8	7	0x00000000	1	0x00000144	1	0	0	0	14743D90	2560	1440	X8R8G8B8	0	0	1	0	1	0	0	1	87	0	0
2026-06-02 17:55:59.353	ui_candidate	0x00000001	DrawPrimitive	1180	6	2	0	1571DE08	0x98F15734C6C3F0A3	128	128	A8R8G8B8	8	0x00000000	1	0x00000144	1	0	0	0	14743D90	2560	1440	X8R8G8B8	0	0	1	0	1	0	0	1	88	0	0
2026-06-02 17:55:59.353	ui_candidate	0x00000001	DrawPrimitive	1181	6	2	0	1571FAE8	0x7E2BB1C9A6A67C34	128	128	A8R8G8B8	8	0x00000000	1	0x00000144	1	0	0	0	14743D90	2560	1440	X8R8G8B8	0	0	1	0	1	0	0	1	89	0	0
2026-06-02 17:55:59.354	ui_candidate	0x00000001	DrawPrimitive	1182	6	2	0	1571FBC8	0xCC1ADB58FB7508DB	64	128	A8R8G8B8	8	0x00000000	1	0x00000144	1	0	0	0	14743D90	2560	1440	X8R8G8B8	0	0	1	0	1	0	0	1	90	0	0
2026-06-02 17:55:59.354	ui_candidate	0x00000001	DrawPrimitive	1183	6	2	0	1571FA08	0x0A9777FC85BD3ACA	64	64	A8R8G8B8	7	0x00000000	1	0x00000144	1	0	0	0	14743D90	2560	1440	X8R8G8B8	0	0	1	0	1	0	0	1	91	0	0
2026-06-02 17:55:59.355	ui_candidate	0x00000001	DrawPrimitive	1184	6	2	0	1571F848	0x1B1E4B3D9380FC5D	128	128	A8R8G8B8	8	0x00000000	1	0x00000144	1	0	0	0	14743D90	2560	1440	X8R8G8B8	0	0	1	0	1	0	0	1	92	0	0
2026-06-02 17:55:59.355	ui_candidate	0x00000001	DrawPrimitive	1185	6	2	0	1571F928	0x10364FA255BE4BC7	128	128	A8R8G8B8	8	0x00000000	1	0x00000144	1	0	0	0	14743D90	2560	1440	X8R8G8B8	0	0	1	0	1	0	0	1	93	0	0
2026-06-02 17:55:59.355	ui_candidate	0x00000001	DrawPrimitive	1186	6	2	0	1571FCA8	0x708EA5C4698AD3B4	128	128	A8R8G8B8	8	0x00000000	1	0x00000144	1	0	0	0	14743D90	2560	1440	X8R8G8B8	0	0	1	0	1	0	0	1	94	0	0
2026-06-02 17:55:59.356	ui_candidate	0x00000001	DrawPrimitive	1187	6	2	0	1571FD88	0xDC909C4EC4ED7827	128	128	A8R8G8B8	8	0x00000000	1	0x00000144	1	0	0	0	14743D90	2560	1440	X8R8G8B8	0	0	1	0	1	0	0	1	95	0	0
2026-06-02 17:55:59.356	ui_candidate	0x00000001	DrawPrimitive	1188	6	2	0	1571F768	0x29DF06B222B1A97C	32	32	A8R8G8B8	6	0x00000000	1	0x00000144	1	0	0	0	14743D90	2560	1440	X8R8G8B8	0	0	1	0	1	0	0	1	96	0	0
2026-06-02 17:55:59.357	ui_candidate	0x00000001	DrawPrimitive	1189	6	2	0	1571C2E8	0xA5CC9F61F5C7F182	16	16	A8R8G8B8	5	0x00000000	1	0x00000144	1	0	0	0	14743D90	2560	1440	X8R8G8B8	0	0	1	0	1	0	0	1	97	0	0
2026-06-02 17:55:59.357	ui_candidate	0x00000001	DrawPrimitive	1190	6	2	0	1571C3C8	0x0DD5EB45A1DB5A09	16	16	A8R8G8B8	5	0x00000000	1	0x00000144	1	0	0	0	14743D90	2560	1440	X8R8G8B8	0	0	1	0	1	0	0	1	98	0	0
2026-06-02 17:55:59.358	ui_candidate	0x00000001	DrawPrimitive	1191	6	2	0	1571DA88	0x52C17A57AF0EA316	16	16	A8R8G8B8	5	0x00000000	1	0x00000144	1	0	0	0	14743D90	2560	1440	X8R8G8B8	0	0	1	0	1	0	0	1	99	0	0
2026-06-02 17:55:59.358	ui_candidate	0x00000001	DrawPrimitive	1192	6	2	0	1571C128	0xCFB04ABDD8BE0EE8	16	16	A8R8G8B8	5	0x00000000	1	0x00000144	1	0	0	0	14743D90	2560	1440	X8R8G8B8	0	0	1	0	1	0	0	1	100	0	0
2026-06-02 17:55:59.358	ui_candidate	0x00000001	DrawPrimitive	1193	6	2	0	1571C9E8	0xC75EC5277D618DCC	16	16	A8R8G8B8	5	0x00000000	1	0x00000144	1	0	0	0	14743D90	2560	1440	X8R8G8B8	0	0	1	0	1	0	0	1	101	0	0
2026-06-02 17:55:59.359	ui_candidate	0x00000001	DrawPrimitive	1194	6	2	0	1571D7E8	0x1C122696C2B7D850	16	16	A8R8G8B8	5	0x00000000	1	0x00000144	1	0	0	0	14743D90	2560	1440	X8R8G8B8	0	0	1	0	1	0	0	1	102	0	0
2026-06-02 17:55:59.359	ui_candidate	0x00000001	DrawPrimitive	1195	6	2	0	1571BF68	0xEE97E2A99003CA8B	16	16	A8R8G8B8	5	0x00000000	1	0x00000144	1	0	0	0	14743D90	2560	1440	X8R8G8B8	0	0	1	0	1	0	0	1	103	0	0
2026-06-02 17:55:59.360	ui_candidate	0x00000001	DrawPrimitive	1196	6	2	0	1571C4A8	0x49002C6EB6BFC77A	16	16	A8R8G8B8	5	0x00000000	1	0x00000144	1	0	0	0	14743D90	2560	1440	X8R8G8B8	0	0	1	0	1	0	0	1	104	0	0
2026-06-02 17:55:59.360	ui_candidate	0x00000001	DrawPrimitive	1197	6	2	0	1571C588	0xB02476DF9E3B053D	16	16	A8R8G8B8	5	0x00000000	1	0x00000144	1	0	0	0	14743D90	2560	1440	X8R8G8B8	0	0	1	0	1	0	0	1	105	0	0
2026-06-02 17:55:59.360	ui_candidate	0x00000001	DrawPrimitive	1198	6	2	0	1571CD68	0x4E7CBD9D21FE04D0	16	16	A8R8G8B8	5	0x00000000	1	0x00000144	1	0	0	0	14743D90	2560	1440	X8R8G8B8	0	0	1	0	1	0	0	1	106	0	0
2026-06-02 17:55:59.361	ui_candidate	0x00000001	DrawPrimitive	1199	6	2	0	1571CE48	0xD06D698DF12939D0	16	16	A8R8G8B8	5	0x00000000	1	0x00000144	1	0	0	0	14743D90	2560	1440	X8R8G8B8	0	0	1	0	1	0	0	1	107	0	0
2026-06-02 17:55:59.361	ui_candidate	0x00000001	DrawPrimitive	1200	6	2	0	1571C048	0x82BE5FD08FAFDFAE	16	16	A8R8G8B8	5	0x00000000	1	0x00000144	1	0	0	0	14743D90	2560	1440	X8R8G8B8	0	0	1	0	1	0	0	1	108	0	0
2026-06-02 17:55:59.362	ui_candidate	0x00000001	DrawPrimitive	1201	6	2	0	1571D9A8	0xD75471210AA38A42	128	128	DXT1	8	0x00000000	1	0x00000144	1	0	0	0	14743D90	2560	1440	X8R8G8B8	0	0	1	0	1	0	0	1	109	0	0
2026-06-02 17:55:59.362	ui_candidate	0x00000001	DrawPrimitive	1202	6	2	0	1571D708	0x43264B6907090BE1	128	128	DXT1	8	0x00000000	1	0x00000144	1	0	0	0	14743D90	2560	1440	X8R8G8B8	0	0	1	0	1	0	0	1	110	0	0
2026-06-02 17:55:59.362	ui_candidate	0x00000001	DrawPrimitive	1203	6	2	0	1571D388	0x24555F1FA16B490C	128	128	DXT1	8	0x00000000	1	0x00000144	1	0	0	0	14743D90	2560	1440	X8R8G8B8	0	0	1	0	1	0	0	1	111	0	0
2026-06-02 17:55:59.363	ui_candidate	0x00000001	DrawPrimitive	1204	6	2	0	1571D628	0xA89C25AD1F4993B8	128	128	DXT1	8	0x00000000	1	0x00000144	1	0	0	0	14743D90	2560	1440	X8R8G8B8	0	0	1	0	1	0	0	1	112	0	0
2026-06-02 17:55:59.363	ui_candidate	0x00000001	DrawPrimitive	1205	6	2	0	1571CAC8	0xC92080E6518CBA09	128	128	DXT1	8	0x00000000	1	0x00000144	1	0	0	0	14743D90	2560	1440	X8R8G8B8	0	0	1	0	1	0	0	1	113	0	0
2026-06-02 17:55:59.363	ui_candidate	0x00000001	DrawPrimitive	1206	6	2	0	1571CF28	0x3FE1799DE281BF2D	128	128	DXT1	8	0x00000000	1	0x00000144	1	0	0	0	14743D90	2560	1440	X8R8G8B8	0	0	1	0	1	0	0	1	114	0	0
2026-06-02 17:55:59.364	ui_candidate	0x00000001	DrawPrimitive	1207	6	2	0	1571D8C8	0x31A31D2D6C1CB55A	128	128	DXT1	8	0x00000000	1	0x00000144	1	0	0	0	14743D90	2560	1440	X8R8G8B8	0	0	1	0	1	0	0	1	115	0	0
2026-06-02 17:55:59.364	ui_candidate	0x00000001	DrawPrimitive	1208	6	2	0	1571C668	0xC00F672C3399D3BB	128	128	DXT1	8	0x00000000	1	0x00000144	1	0	0	0	14743D90	2560	1440	X8R8G8B8	0	0	1	0	1	0	0	1	116	0	0
2026-06-02 17:55:59.364	ui_candidate	0x00000001	DrawPrimitive	1209	6	2	0	1571C208	0x60C3D563BCFE39C8	128	128	DXT1	8	0x00000000	1	0x00000144	1	0	0	0	14743D90	2560	1440	X8R8G8B8	0	0	1	0	1	0	0	1	117	0	0
2026-06-02 17:55:59.365	ui_candidate	0x00000001	DrawPrimitive	1210	6	2	0	1571C748	0x705E9E7B74DEB250	128	128	DXT1	8	0x00000000	1	0x00000144	1	0	0	0	14743D90	2560	1440	X8R8G8B8	0	0	1	0	1	0	0	1	118	0	0
2026-06-02 17:55:59.365	ui_candidate	0x00000001	DrawPrimitive	1211	6	2	0	1571C828	0xEABE7C1780FBCC1E	128	128	DXT1	8	0x00000000	1	0x00000144	1	0	0	0	14743D90	2560	1440	X8R8G8B8	0	0	1	0	1	0	0	1	119	0	0
2026-06-02 17:55:59.365	ui_candidate	0x00000001	DrawPrimitive	1212	6	2	0	1571D008	0xFA7C3DD63F263A0A	128	64	DXT1	8	0x00000000	1	0x00000144	1	0	0	0	14743D90	2560	1440	X8R8G8B8	0	0	1	0	1	0	0	1	120	0	0
2026-06-02 17:55:59.366	ui_candidate	0x00000001	DrawPrimitive	1213	6	2	0	1571CC88	0x65B63A3787BD199E	128	64	DXT1	8	0x00000000	1	0x00000144	1	0	0	0	14743D90	2560	1440	X8R8G8B8	0	0	1	0	1	0	0	1	121	0	0
2026-06-02 17:55:59.366	ui_candidate	0x00000001	DrawPrimitive	1214	6	2	0	1571CBA8	0xC18D1925017DA1AB	128	64	DXT1	8	0x00000000	1	0x00000144	1	0	0	0	14743D90	2560	1440	X8R8G8B8	0	0	1	0	1	0	0	1	122	0	0
2026-06-02 17:55:59.366	ui_candidate	0x00000001	DrawPrimitive	1215	6	2	0	1571C908	0x811F2A9A48102DD0	128	64	DXT1	8	0x00000000	1	0x00000144	1	0	0	0	14743D90	2560	1440	X8R8G8B8	0	0	1	0	1	0	0	1	123	0	0
2026-06-02 17:55:59.367	ui_candidate	0x00000001	DrawPrimitive	1216	6	2	0	1571D0E8	0x042A122E7A616099	128	64	DXT1	8	0x00000000	1	0x00000144	1	0	0	0	14743D90	2560	1440	X8R8G8B8	0	0	1	0	1	0	0	1	124	0	0
2026-06-02 17:55:59.368	ui_candidate	0x00000001	DrawPrimitive	1217	6	2	0	1571D1C8	0x9343A759DE3BD0A5	128	64	DXT1	8	0x00000000	1	0x00000144	1	0	0	0	14743D90	2560	1440	X8R8G8B8	0	0	1	0	1	0	0	1	125	0	0
2026-06-02 17:55:59.368	ui_candidate	0x00000001	DrawPrimitive	1218	6	2	0	1571D2A8	0x4BF22126C1801E04	128	64	DXT1	8	0x00000000	1	0x00000144	1	0	0	0	14743D90	2560	1440	X8R8G8B8	0	0	1	0	1	0	0	1	126	0	0
2026-06-02 17:55:59.368	ui_candidate	0x00000001	DrawPrimitive	1219	6	2	0	1571D468	0xD9B93228FE8DDF0D	128	64	DXT1	8	0x00000000	1	0x00000144	1	0	0	0	14743D90	2560	1440	X8R8G8B8	0	0	1	0	1	0	0	1	127	0	0
2026-06-02 17:55:59.369	ui_candidate	0x00000001	DrawPrimitive	1220	6	2	0	1571D548	0x841795FDD7E6DACC	128	64	DXT1	8	0x00000000	1	0x00000144	1	0	0	0	14743D90	2560	1440	X8R8G8B8	0	0	1	0	1	0	0	1	128	0	0
2026-06-02 17:55:59.369	ui_candidate	0x00000001	DrawPrimitive	1221	6	2	0	1585A420	0xE5078FC0646A3DAA	128	64	DXT1	8	0x00000000	1	0x00000144	1	0	0	0	14743D90	2560	1440	X8R8G8B8	0	0	1	0	1	0	0	1	129	0	0
2026-06-02 17:55:59.369	ui_candidate	0x00000001	DrawPrimitive	1222	6	2	0	1585A500	0x99A95182B8A078AD	128	64	DXT1	8	0x00000000	1	0x00000144	1	0	0	0	14743D90	2560	1440	X8R8G8B8	0	0	1	0	1	0	0	1	130	0	0
2026-06-02 17:55:59.370	ui_candidate	0x00000001	DrawPrimitive	1223	6	2	0	158592A0	0x428F34BE2EB76265	128	64	DXT1	8	0x00000000	1	0x00000144	1	0	0	0	14743D90	2560	1440	X8R8G8B8	0	0	1	0	1	0	0	1	131	0	0
2026-06-02 17:55:59.370	ui_candidate	0x00000001	DrawPrimitive	1224	6	2	0	158590E0	0x3D289558290CF38F	128	64	DXT1	8	0x00000000	1	0x00000144	1	0	0	0	14743D90	2560	1440	X8R8G8B8	0	0	1	0	1	0	0	1	132	0	0
2026-06-02 17:55:59.371	ui_candidate	0x00000001	DrawPrimitive	1225	6	2	0	15859EE0	0x51C7DB861A9E1E8D	128	64	DXT1	8	0x00000000	1	0x00000144	1	0	0	0	14743D90	2560	1440	X8R8G8B8	0	0	1	0	1	0	0	1	133	0	0
2026-06-02 17:55:59.371	ui_candidate	0x00000001	DrawPrimitive	1226	6	2	0	1585AB20	0xB750573D88F77498	128	256	DXT1	9	0x00000000	1	0x00000144	1	0	0	0	14743D90	2560	1440	X8R8G8B8	0	0	1	0	1	0	0	1	134	0	0
2026-06-02 17:55:59.372	ui_candidate	0x00000001	DrawPrimitive	1227	6	2	0	1585AC00	0x52BAEFC53C865139	64	128	DXT1	8	0x00000000	1	0x00000144	1	0	0	0	14743D90	2560	1440	X8R8G8B8	0	0	1	0	1	0	0	1	135	0	0
2026-06-02 17:55:59.372	ui_candidate	0x00000001	DrawPrimitive	1228	6	2	0	158591C0	0x28CF3A3AB8E048A8	64	128	DXT1	8	0x00000000	1	0x00000144	1	0	0	0	14743D90	2560	1440	X8R8G8B8	0	0	1	0	1	0	0	1	136	0	0
2026-06-02 17:55:59.373	ui_candidate	0x00000001	DrawPrimitive	1229	6	2	0	1585A5E0	0xEEE60A27F58CE826	64	128	DXT1	8	0x00000000	1	0x00000144	1	0	0	0	14743D90	2560	1440	X8R8G8B8	0	0	1	0	1	0	0	1	137	0	0
2026-06-02 17:55:59.373	ui_candidate	0x00000001	DrawPrimitive	1230	6	2	0	15859B60	0x3372E798C40E2CAB	64	128	DXT1	8	0x00000000	1	0x00000144	1	0	0	0	14743D90	2560	1440	X8R8G8B8	0	0	1	0	1	0	0	1	138	0	0
2026-06-02 17:55:59.374	ui_candidate	0x00000001	DrawPrimitive	1231	6	2	0	15859460	0x30A766B0C54ECAA4	64	128	DXT1	8	0x00000000	1	0x00000144	1	0	0	0	14743D90	2560	1440	X8R8G8B8	0	0	1	0	1	0	0	1	139	0	0
2026-06-02 17:55:59.374	ui_candidate	0x00000001	DrawPrimitive	1232	6	2	0	1585A260	0x0DAB29786E24A263	64	128	DXT1	8	0x00000000	1	0x00000144	1	0	0	0	14743D90	2560	1440	X8R8G8B8	0	0	1	0	1	0	0	1	140	0	0
2026-06-02 17:55:59.374	ui_candidate	0x00000001	DrawPrimitive	1233	6	2	0	1585AA40	0x4764C95FB5FEB39B	64	128	DXT1	8	0x00000000	1	0x00000144	1	0	0	0	14743D90	2560	1440	X8R8G8B8	0	0	1	0	1	0	0	1	141	0	0
2026-06-02 17:55:59.375	ui_candidate	0x00000001	DrawPrimitive	1234	6	2	0	1585A180	0xF944A9B0BC743EA8	64	128	DXT1	8	0x00000000	1	0x00000144	1	0	0	0	14743D90	2560	1440	X8R8G8B8	0	0	1	0	1	0	0	1	142	0	0
2026-06-02 17:55:59.375	ui_candidate	0x00000001	DrawPrimitive	1235	6	2	0	158597E0	0xF3AC41B079265135	64	128	DXT1	8	0x00000000	1	0x00000144	1	0	0	0	14743D90	2560	1440	X8R8G8B8	0	0	1	0	1	0	0	1	143	0	0
2026-06-02 17:55:59.376	ui_candidate	0x00000001	DrawPrimitive	1236	6	2	0	1585A340	0x084D1ED4000441ED	64	128	DXT1	8	0x00000000	1	0x00000144	1	0	0	0	14743D90	2560	1440	X8R8G8B8	0	0	1	0	1	0	0	1	144	0	0
2026-06-02 17:55:59.376	ui_candidate	0x00000001	DrawPrimitive	1237	6	2	0	15859FC0	0xBAE852B5CB79CCB6	64	128	DXT1	8	0x00000000	1	0x00000144	1	0	0	0	14743D90	2560	1440	X8R8G8B8	0	0	1	0	1	0	0	1	145	0	0
2026-06-02 17:55:59.377	ui_candidate	0x00000001	DrawPrimitive	1238	6	2	0	15859D20	0xB05018E358FAF640	64	128	DXT1	8	0x00000000	1	0x00000144	1	0	0	0	14743D90	2560	1440	X8R8G8B8	0	0	1	0	1	0	0	1	146	0	0
2026-06-02 17:55:59.377	ui_candidate	0x00000001	DrawPrimitive	1239	6	2	0	15859380	0xEE90DFF9D21641BA	64	128	DXT1	8	0x00000000	1	0x00000144	1	0	0	0	14743D90	2560	1440	X8R8G8B8	0	0	1	0	1	0	0	1	147	0	0
2026-06-02 17:55:59.378	ui_candidate	0x00000001	DrawPrimitive	1240	6	2	0	15859540	0xFC1F63125F0B173E	64	128	DXT1	8	0x00000000	1	0x00000144	1	0	0	0	14743D90	2560	1440	X8R8G8B8	0	0	1	0	1	0	0	1	148	0	0
2026-06-02 17:55:59.378	ui_candidate	0x00000001	DrawPrimitive	1241	6	2	0	15859C40	0x58B9CB9415380186	128	256	DXT1	9	0x00000000	1	0x00000144	1	0	0	0	14743D90	2560	1440	X8R8G8B8	0	0	1	0	1	0	0	1	149	0	0
2026-06-02 17:55:59.378	ui_candidate	0x00000001	DrawPrimitive	1242	6	2	0	15859620	0xDFDCAF0F2C1AA2E2	64	128	DXT1	8	0x00000000	1	0x00000144	1	0	0	0	14743D90	2560	1440	X8R8G8B8	0	0	1	0	1	0	0	1	150	0	0
2026-06-02 17:55:59.379	ui_candidate	0x00000001	DrawPrimitive	1243	6	2	0	15859700	0x094A2AFFB74924BA	64	128	DXT1	8	0x00000000	1	0x00000144	1	0	0	0	14743D90	2560	1440	X8R8G8B8	0	0	1	0	1	0	0	1	151	0	0
2026-06-02 17:55:59.380	ui_candidate	0x00000001	DrawPrimitive	1244	6	2	0	158598C0	0xAC2C5A8A9D784115	64	128	DXT1	8	0x00000000	1	0x00000144	1	0	0	0	14743D90	2560	1440	X8R8G8B8	0	0	1	0	1	0	0	1	152	0	0
2026-06-02 17:55:59.380	ui_candidate	0x00000001	DrawPrimitive	1245	6	2	0	158599A0	0x648D27A214740BE4	64	128	DXT1	8	0x00000000	1	0x00000144	1	0	0	0	14743D90	2560	1440	X8R8G8B8	0	0	1	0	1	0	0	1	153	0	0
2026-06-02 17:55:59.380	ui_candidate	0x00000001	DrawPrimitive	1246	6	2	0	1585A7A0	0x24CF2322F4219DDB	32	32	DXT1	6	0x00000000	1	0x00000144	1	0	0	0	14743D90	2560	1440	X8R8G8B8	0	0	1	0	1	0	0	1	154	0	0
2026-06-02 17:55:59.381	ui_candidate	0x00000001	DrawPrimitive	1247	6	2	0	15859A80	0x29001B6518C630F0	32	32	DXT1	6	0x00000000	1	0x00000144	1	0	0	0	14743D90	2560	1440	X8R8G8B8	0	0	1	0	1	0	0	1	155	0	0
2026-06-02 17:55:59.381	ui_candidate	0x00000001	DrawPrimitive	1248	6	2	0	1585A6C0	0xFF2929B20B3C06BD	32	32	DXT1	6	0x00000000	1	0x00000144	1	0	0	0	14743D90	2560	1440	X8R8G8B8	0	0	1	0	1	0	0	1	156	0	0
2026-06-02 17:55:59.381	ui_candidate	0x00000001	DrawPrimitive	1249	6	2	0	15859E00	0xA7AD5EA707A4176C	32	32	DXT1	6	0x00000000	1	0x00000144	1	0	0	0	14743D90	2560	1440	X8R8G8B8	0	0	1	0	1	0	0	1	157	0	0
2026-06-02 17:55:59.382	ui_candidate	0x00000001	DrawPrimitive	1250	6	2	0	1585A0A0	0xB2987A9D949E807C	32	32	DXT1	6	0x00000000	1	0x00000144	1	0	0	0	14743D90	2560	1440	X8R8G8B8	0	0	1	0	1	0	0	1	158	0	0
2026-06-02 17:55:59.382	ui_candidate	0x00000001	DrawPrimitive	1251	6	2	0	1585A880	0x327DE95B127EA594	32	32	DXT1	6	0x00000000	1	0x00000144	1	0	0	0	14743D90	2560	1440	X8R8G8B8	0	0	1	0	1	0	0	1	159	0	0
2026-06-02 17:55:59.382	ui_candidate	0x00000001	DrawPrimitive	1252	6	2	0	1585A960	0x24CF2322F4219DDB	32	32	DXT1	6	0x00000000	1	0x00000144	1	0	0	0	14743D90	2560	1440	X8R8G8B8	0	0	1	0	1	0	0	1	160	0	0
2026-06-02 17:55:59.383	ui_candidate	0x00000001	DrawPrimitive	1253	6	2	0	1585BE60	0xB1B9E0AEE2AB93A7	128	256	DXT1	9	0x00000000	1	0x00000144	1	0	0	0	14743D90	2560	1440	X8R8G8B8	0	0	1	0	1	0	0	1	161	0	0
2026-06-02 17:55:59.383	ui_candidate	0x00000001	DrawPrimitive	1254	6	2	0	1585BD80	0x4FCFF50F079CC5BE	128	256	DXT1	9	0x00000000	1	0x00000144	1	0	0	0	14743D90	2560	1440	X8R8G8B8	0	0	1	0	1	0	0	1	162	0	0
2026-06-02 17:55:59.383	ui_candidate	0x00000001	DrawPrimitive	1255	6	2	0	1585C720	0x19504D3328A86698	128	256	DXT1	9	0x00000000	1	0x00000144	1	0	0	0	14743D90	2560	1440	X8R8G8B8	0	0	1	0	1	0	0	1	163	0	0
2026-06-02 17:55:59.384	ui_candidate	0x00000001	DrawPrimitive	1256	6	2	0	1585B680	0x33243ED2ED63199C	128	64	DXT1	8	0x00000000	1	0x00000144	1	0	0	0	14743D90	2560	1440	X8R8G8B8	0	0	1	0	1	0	0	1	164	0	0
2026-06-02 17:55:59.384	ui_candidate	0x00000001	DrawPrimitive	1257	6	2	0	1585AF80	0x5DD75DA6614E3D20	32	16	DXT1	6	0x00000000	1	0x00000144	1	0	0	0	14743D90	2560	1440	X8R8G8B8	0	0	1	0	1	0	0	1	165	0	0
2026-06-02 17:55:59.385	ui_candidate	0x00000001	DrawPrimitive	1258	6	2	0	1585BF40	0x11CECE50508E6D2E	16	16	DXT1	5	0x00000000	1	0x00000144	1	0	0	0	14743D90	2560	1440	X8R8G8B8	0	0	1	0	1	0	0	1	166	0	0
2026-06-02 17:55:59.385	ui_candidate	0x00000001	DrawPrimitive	1259	6	2	0	1585BBC0	0x223334581D872753	16	16	DXT1	5	0x00000000	1	0x00000144	1	0	0	0	14743D90	2560	1440	X8R8G8B8	0	0	1	0	1	0	0	1	167	0	0
2026-06-02 17:55:59.385	ui_candidate	0x00000001	DrawPrimitive	1260	6	2	0	1585C560	0xD64650D57B08EE16	64	64	A8R8G8B8	7	0x00000000	1	0x00000144	1	0	0	0	14743D90	2560	1440	X8R8G8B8	0	0	1	0	1	0	0	1	168	0	0
2026-06-02 17:55:59.386	ui_candidate	0x00000001	DrawPrimitive	1261	6	2	0	1585B3E0	0x312BF17E54B001B8	64	64	A8R8G8B8	7	0x00000000	1	0x00000144	1	0	0	0	14743D90	2560	1440	X8R8G8B8	0	0	1	0	1	0	0	1	169	0	0
2026-06-02 17:55:59.386	ui_candidate	0x00000001	DrawPrimitive	1262	6	2	0	1585B4C0	0x01ADCE60E884DA8F	64	64	A8R8G8B8	7	0x00000000	1	0x00000144	1	0	0	0	14743D90	2560	1440	X8R8G8B8	0	0	1	0	1	0	0	1	170	0	0
2026-06-02 17:55:59.386	ui_candidate	0x00000001	DrawPrimitive	1263	6	2	0	1585AEA0	0x0BA0A586BFF55645	64	64	A8R8G8B8	7	0x00000000	1	0x00000144	1	0	0	0	14743D90	2560	1440	X8R8G8B8	0	0	1	0	1	0	0	1	171	0	0
2026-06-02 17:55:59.387	ui_candidate	0x00000001	DrawPrimitive	1264	6	2	0	1585BAE0	0xEA5DB17922C623E2	64	64	A8R8G8B8	7	0x00000000	1	0x00000144	1	0	0	0	14743D90	2560	1440	X8R8G8B8	0	0	1	0	1	0	0	1	172	0	0
2026-06-02 17:55:59.388	ui_candidate	0x00000001	DrawPrimitive	1265	6	2	0	1585B5A0	0x75BF937D52C3AFC3	64	64	A8R8G8B8	7	0x00000000	1	0x00000144	1	0	0	0	14743D90	2560	1440	X8R8G8B8	0	0	1	0	1	0	0	1	173	0	0
2026-06-02 17:55:59.388	ui_candidate	0x00000001	DrawPrimitive	1266	6	2	0	1585B060	0x587D0B466C047160	64	64	A8R8G8B8	7	0x00000000	1	0x00000144	1	0	0	0	14743D90	2560	1440	X8R8G8B8	0	0	1	0	1	0	0	1	174	0	0
2026-06-02 17:55:59.388	ui_candidate	0x00000001	DrawPrimitive	1267	6	2	0	1585C1E0	0x29136144EADCF76C	64	64	A8R8G8B8	7	0x00000000	1	0x00000144	1	0	0	0	14743D90	2560	1440	X8R8G8B8	0	0	1	0	1	0	0	1	175	0	0
2026-06-02 17:55:59.389	ui_candidate	0x00000001	DrawPrimitive	1268	6	2	0	1585BA00	0xCB1585D46C271B85	64	64	A8R8G8B8	7	0x00000000	1	0x00000144	1	0	0	0	14743D90	2560	1440	X8R8G8B8	0	0	1	0	1	0	0	1	176	0	0
2026-06-02 17:55:59.389	ui_candidate	0x00000001	DrawPrimitive	1269	6	2	0	1585C020	0x05C969EAE82AD5D7	64	64	A8R8G8B8	7	0x00000000	1	0x00000144	1	0	0	0	14743D90	2560	1440	X8R8G8B8	0	0	1	0	1	0	0	1	177	0	0
2026-06-02 17:55:59.390	ui_candidate	0x00000001	DrawPrimitive	1270	6	2	0	1585B140	0xD6E1068F3905DE8E	64	64	A8R8G8B8	7	0x00000000	1	0x00000144	1	0	0	0	14743D90	2560	1440	X8R8G8B8	0	0	1	0	1	0	0	1	178	0	0
2026-06-02 17:55:59.390	ui_candidate	0x00000001	DrawPrimitive	1271	6	2	0	1585BCA0	0xBDE14EA7CCC33570	64	64	A8R8G8B8	7	0x00000000	1	0x00000144	1	0	0	0	14743D90	2560	1440	X8R8G8B8	0	0	1	0	1	0	0	1	179	0	0
2026-06-02 17:55:59.391	ui_candidate	0x00000001	DrawPrimitive	1272	6	2	0	1585B840	0x53A995D4F9D6891E	64	64	A8R8G8B8	7	0x00000000	1	0x00000144	1	0	0	0	14743D90	2560	1440	X8R8G8B8	0	0	1	0	1	0	0	1	180	0	0
2026-06-02 17:55:59.392	ui_candidate	0x00000001	DrawPrimitive	1273	6	2	0	1585C100	0xEBF660DD56A557CD	64	64	A8R8G8B8	7	0x00000000	1	0x00000144	1	0	0	0	14743D90	2560	1440	X8R8G8B8	0	0	1	0	1	0	0	1	181	0	0
2026-06-02 17:55:59.392	ui_candidate	0x00000001	DrawPrimitive	1274	6	2	0	1585B220	0x7F3E1B035BE481B1	64	64	A8R8G8B8	7	0x00000000	1	0x00000144	1	0	0	0	14743D90	2560	1440	X8R8G8B8	0	0	1	0	1	0	0	1	182	0	0
2026-06-02 17:55:59.393	ui_candidate	0x00000001	DrawPrimitive	1275	6	2	0	1585B300	0x2E7872FE59A97348	64	64	A8R8G8B8	7	0x00000000	1	0x00000144	1	0	0	0	14743D90	2560	1440	X8R8G8B8	0	0	1	0	1	0	0	1	183	0	0
2026-06-02 17:55:59.393	ui_candidate	0x00000001	DrawPrimitive	1276	6	2	0	1585C640	0xA057271C9071C99D	8	8	DXT1	4	0x00000000	1	0x00000144	1	0	0	0	14743D90	2560	1440	X8R8G8B8	0	0	1	0	1	0	0	1	184	0	0
2026-06-02 17:55:59.393	ui_candidate	0x00000001	DrawPrimitive	1277	6	2	0	1585C800	0x5CC31D5BF6849082	8	8	DXT1	4	0x00000000	1	0x00000144	1	0	0	0	14743D90	2560	1440	X8R8G8B8	0	0	1	0	1	0	0	1	185	0	0
2026-06-02 17:55:59.393	ui_candidate	0x00000001	DrawPrimitive	1278	6	2	0	1585B920	0xBF67FA0E180300C5	64	64	A8R8G8B8	7	0x00000000	1	0x00000144	1	0	0	0	14743D90	2560	1440	X8R8G8B8	0	0	1	0	1	0	0	1	186	0	0
2026-06-02 17:55:59.394	ui_candidate	0x00000001	DrawPrimitive	1279	6	2	0	1585B760	0xF5D6379F873035F1	64	64	A8R8G8B8	7	0x00000000	1	0x00000144	1	0	0	0	14743D90	2560	1440	X8R8G8B8	0	0	1	0	1	0	0	1	187	0	0
2026-06-02 17:55:59.394	ui_candidate	0x00000001	DrawPrimitive	1280	6	2	0	1585C2C0	0x1A809BC8B78A28E1	64	64	A8R8G8B8	7	0x00000000	1	0x00000144	1	0	0	0	14743D90	2560	1440	X8R8G8B8	0	0	1	0	1	0	0	1	188	0	0
2026-06-02 17:55:59.394	ui_candidate	0x00000001	DrawPrimitive	1281	6	2	0	1585C480	0x11FAE234DE1A538C	64	64	A8R8G8B8	7	0x00000000	1	0x00000144	1	0	0	0	14743D90	2560	1440	X8R8G8B8	0	0	1	0	1	0	0	1	189	0	0
2026-06-02 17:55:59.395	ui_candidate	0x00000001	DrawPrimitive	1282	6	2	0	1585C3A0	0xD988CC12A6EB3AF4	64	64	A8R8G8B8	7	0x00000000	1	0x00000144	1	0	0	0	14743D90	2560	1440	X8R8G8B8	0	0	1	0	1	0	0	1	190	0	0
2026-06-02 17:55:59.395	ui_candidate	0x00000001	DrawPrimitive	1283	6	2	0	1585ACE0	0x314F54436AD3A9F7	64	64	A8R8G8B8	7	0x00000000	1	0x00000144	1	0	0	0	14743D90	2560	1440	X8R8G8B8	0	0	1	0	1	0	0	1	191	0	0
2026-06-02 17:55:59.396	ui_candidate	0x00000001	DrawPrimitive	1284	6	2	0	1585ADC0	0xE16D7967E86746EC	64	64	A8R8G8B8	7	0x00000000	1	0x00000144	1	0	0	0	14743D90	2560	1440	X8R8G8B8	0	0	1	0	1	0	0	1	192	0	0
2026-06-02 17:55:59.396	ui_candidate	0x00000001	DrawPrimitive	1285	6	2	0	1585C9C0	0x6842A3653B0F85E8	32	32	DXT1	6	0x00000000	1	0x00000144	1	0	0	0	14743D90	2560	1440	X8R8G8B8	0	0	1	0	1	0	0	1	193	0	0
2026-06-02 17:55:59.396	ui_candidate	0x00000001	DrawPrimitive	1286	6	2	0	1585CC60	0x13EFE16FBCBF1E27	32	32	DXT1	6	0x00000000	1	0x00000144	1	0	0	0	14743D90	2560	1440	X8R8G8B8	0	0	1	0	1	0	0	1	194	0	0
2026-06-02 17:55:59.396	ui_candidate	0x00000001	DrawPrimitive	1287	6	2	0	1585CF00	0xF1AF4B85F62009CA	64	64	A8R8G8B8	7	0x00000000	1	0x00000144	1	0	0	0	14743D90	2560	1440	X8R8G8B8	0	0	1	0	1	0	0	1	195	0	0
2026-06-02 17:55:59.397	ui_candidate	0x00000001	DrawPrimitive	1288	6	2	0	1585CAA0	0xFA059F9DA47BBB2E	16	16	DXT1	5	0x00000000	1	0x00000144	1	0	0	0	14743D90	2560	1440	X8R8G8B8	0	0	1	0	1	0	0	1	196	0	0
2026-06-02 17:55:59.397	ui_candidate	0x00000001	DrawPrimitive	1289	6	2	0	1585CB80	0xAEB5B687E168D6B9	64	64	A8R8G8B8	7	0x00000000	1	0x00000144	1	0	0	0	14743D90	2560	1440	X8R8G8B8	0	0	1	0	1	0	0	1	197	0	0
2026-06-02 17:55:59.398	ui_candidate	0x00000001	DrawPrimitive	1290	6	2	0	1585CD40	0xB7AEB0A737A60697	128	64	A8R8G8B8	8	0x00000000	1	0x00000144	1	0	0	0	14743D90	2560	1440	X8R8G8B8	0	0	1	0	1	0	0	1	198	0	0
2026-06-02 17:55:59.398	ui_candidate	0x00000001	DrawPrimitive	1291	6	2	0	1585CE20	0xF058A911D61E262D	128	64	A8R8G8B8	8	0x00000000	1	0x00000144	1	0	0	0	14743D90	2560	1440	X8R8G8B8	0	0	1	0	1	0	0	1	199	0	0
2026-06-02 17:55:59.398	ui_candidate	0x00000001	DrawPrimitive	1292	6	2	0	1585C8E0	0xEBADF4B4C23B01B7	128	64	A8R8G8B8	8	0x00000000	1	0x00000144	1	0	0	0	14743D90	2560	1440	X8R8G8B8	0	0	1	0	1	0	0	1	200	0	0
2026-06-02 17:55:59.399	ui_candidate	0x00000001	DrawPrimitive	1293	6	2	0	15998100	0xD139E6BCED911EAB	32	16	A8R8G8B8	6	0x00000000	1	0x00000144	1	0	0	0	14743D90	2560	1440	X8R8G8B8	0	0	1	0	1	0	0	1	201	0	0
2026-06-02 17:55:59.399	ui_candidate	0x00000001	DrawPrimitive	1294	6	2	0	159981E0	0x6695641ED70C73ED	32	32	A8R8G8B8	6	0x00000000	1	0x00000144	1	0	0	0	14743D90	2560	1440	X8R8G8B8	0	0	1	0	1	0	0	1	202	0	0
2026-06-02 17:55:59.400	ui_candidate	0x00000001	DrawPrimitive	1295	6	2	0	15997680	0x84766726497A84B6	32	32	A8R8G8B8	6	0x00000000	1	0x00000144	1	0	0	0	14743D90	2560	1440	X8R8G8B8	0	0	1	0	1	0	0	1	203	0	0
2026-06-02 17:55:59.400	ui_candidate	0x00000001	DrawPrimitive	1296	6	2	0	159982C0	0x7229068308428619	32	32	A8R8G8B8	6	0x00000000	1	0x00000144	1	0	0	0	14743D90	2560	1440	X8R8G8B8	0	0	1	0	1	0	0	1	204	0	0
2026-06-02 17:55:59.400	ui_candidate	0x00000001	DrawPrimitive	1297	6	2	0	15997060	0x23E3204F7C4C438F	32	32	A8R8G8B8	6	0x00000000	1	0x00000144	1	0	0	0	14743D90	2560	1440	X8R8G8B8	0	0	1	0	1	0	0	1	205	0	0
2026-06-02 17:55:59.401	ui_candidate	0x00000001	DrawPrimitive	1298	6	2	0	15997300	0xBE9FD3EA95AEB1D9	32	32	A8R8G8B8	6	0x00000000	1	0x00000144	1	0	0	0	14743D90	2560	1440	X8R8G8B8	0	0	1	0	1	0	0	1	206	0	0
2026-06-02 17:55:59.402	ui_candidate	0x00000001	DrawPrimitive	1299	6	2	0	159983A0	0xEA3816B6C3B600C8	32	32	A8R8G8B8	6	0x00000000	1	0x00000144	1	0	0	0	14743D90	2560	1440	X8R8G8B8	0	0	1	0	1	0	0	1	207	0	0
2026-06-02 17:55:59.402	ui_candidate	0x00000001	DrawPrimitive	1300	6	2	0	15997F40	0x2DC9C9471A6DF475	32	32	A8R8G8B8	6	0x00000000	1	0x00000144	1	0	0	0	14743D90	2560	1440	X8R8G8B8	0	0	1	0	1	0	0	1	208	0	0
2026-06-02 17:55:59.402	ui_candidate	0x00000001	DrawPrimitive	1301	6	2	0	15998B80	0x43D2C8C41B596787	32	32	A8R8G8B8	6	0x00000000	1	0x00000144	1	0	0	0	14743D90	2560	1440	X8R8G8B8	0	0	1	0	1	0	0	1	209	0	0
2026-06-02 17:55:59.402	ui_candidate	0x00000001	DrawPrimitive	1302	6	2	0	15998480	0xD8DDF4431D30B2F0	32	32	A8R8G8B8	6	0x00000000	1	0x00000144	1	0	0	0	14743D90	2560	1440	X8R8G8B8	0	0	1	0	1	0	0	1	210	0	0
2026-06-02 17:55:59.403	ui_candidate	0x00000001	DrawPrimitive	1303	6	2	0	15997BC0	0x552A9FECE3BF4227	32	32	A8R8G8B8	6	0x00000000	1	0x00000144	1	0	0	0	14743D90	2560	1440	X8R8G8B8	0	0	1	0	1	0	0	1	211	0	0
2026-06-02 17:55:59.404	ui_candidate	0x00000001	DrawPrimitive	1304	6	2	0	15997A00	0xE1EAAFDC56578650	32	32	A8R8G8B8	6	0x00000000	1	0x00000144	1	0	0	0	14743D90	2560	1440	X8R8G8B8	0	0	1	0	1	0	0	1	212	0	0
2026-06-02 17:55:59.404	ui_candidate	0x00000001	DrawPrimitive	1305	6	2	0	15997E60	0x581ED43D84AE363D	32	32	A8R8G8B8	6	0x00000000	1	0x00000144	1	0	0	0	14743D90	2560	1440	X8R8G8B8	0	0	1	0	1	0	0	1	213	0	0
2026-06-02 17:55:59.404	ui_candidate	0x00000001	DrawPrimitive	1306	6	2	0	15998020	0xE63E59911E0AFCBF	16	32	A8R8G8B8	6	0x00000000	1	0x00000144	1	0	0	0	14743D90	2560	1440	X8R8G8B8	0	0	1	0	1	0	0	1	214	0	0
2026-06-02 17:55:59.405	ui_candidate	0x00000001	DrawPrimitive	1307	6	2	0	15998AA0	0x6EA9880F04C77082	16	32	A8R8G8B8	6	0x00000000	1	0x00000144	1	0	0	0	14743D90	2560	1440	X8R8G8B8	0	0	1	0	1	0	0	1	215	0	0
2026-06-02 17:55:59.405	ui_candidate	0x00000001	DrawPrimitive	1308	6	2	0	15998560	0xE8B425A6EB6249AD	16	32	A8R8G8B8	6	0x00000000	1	0x00000144	1	0	0	0	14743D90	2560	1440	X8R8G8B8	0	0	1	0	1	0	0	1	216	0	0
2026-06-02 17:55:59.406	ui_candidate	0x00000001	DrawPrimitive	1309	6	2	0	15998640	0x68053536F4B78B31	32	32	A8R8G8B8	6	0x00000000	1	0x00000144	1	0	0	0	14743D90	2560	1440	X8R8G8B8	0	0	1	0	1	0	0	1	217	0	0
2026-06-02 17:55:59.406	ui_candidate	0x00000001	DrawPrimitive	1310	6	2	0	15998720	0x97272C2C6AC0F428	32	32	A8R8G8B8	6	0x00000000	1	0x00000144	1	0	0	0	14743D90	2560	1440	X8R8G8B8	0	0	1	0	1	0	0	1	218	0	0
2026-06-02 17:55:59.406	ui_candidate	0x00000001	DrawPrimitive	1311	6	2	0	15997920	0x161210380A082CA6	32	32	A8R8G8B8	6	0x00000000	1	0x00000144	1	0	0	0	14743D90	2560	1440	X8R8G8B8	0	0	1	0	1	0	0	1	219	0	0
2026-06-02 17:55:59.407	ui_candidate	0x00000001	DrawPrimitive	1312	6	2	0	15998800	0xAC067BBCA16CA37D	32	32	A8R8G8B8	6	0x00000000	1	0x00000144	1	0	0	0	14743D90	2560	1440	X8R8G8B8	0	0	1	0	1	0	0	1	220	0	0
2026-06-02 17:55:59.407	ui_candidate	0x00000001	DrawPrimitive	1313	6	2	0	159988E0	0x52509A0562A780D8	32	32	A8R8G8B8	6	0x00000000	1	0x00000144	1	0	0	0	14743D90	2560	1440	X8R8G8B8	0	0	1	0	1	0	0	1	221	0	0
2026-06-02 17:55:59.407	ui_candidate	0x00000001	DrawPrimitive	1314	6	2	0	15997AE0	0xB09CF4AF86025722	32	32	A8R8G8B8	6	0x00000000	1	0x00000144	1	0	0	0	14743D90	2560	1440	X8R8G8B8	0	0	1	0	1	0	0	1	222	0	0
2026-06-02 17:55:59.408	ui_candidate	0x00000001	DrawPrimitive	1315	6	2	0	15997140	0x1E236CA8E4A0E146	32	32	A8R8G8B8	6	0x00000000	1	0x00000144	1	0	0	0	14743D90	2560	1440	X8R8G8B8	0	0	1	0	1	0	0	1	223	0	0
2026-06-02 17:55:59.408	ui_candidate	0x00000001	DrawPrimitive	1316	6	2	0	159989C0	0xDB2145B21AEB04A9	32	32	A8R8G8B8	6	0x00000000	1	0x00000144	1	0	0	0	14743D90	2560	1440	X8R8G8B8	0	0	1	0	1	0	0	1	224	0	0
2026-06-02 17:55:59.408	ui_candidate	0x00000001	DrawPrimitive	1317	6	2	0	15997220	0x166E835645AE8346	32	32	A8R8G8B8	6	0x00000000	1	0x00000144	1	0	0	0	14743D90	2560	1440	X8R8G8B8	0	0	1	0	1	0	0	1	225	0	0
2026-06-02 17:55:59.408	ui_candidate	0x00000001	DrawPrimitive	1318	6	2	0	159973E0	0x91A36D08B095A9C1	32	32	A8R8G8B8	6	0x00000000	1	0x00000144	1	0	0	0	14743D90	2560	1440	X8R8G8B8	0	0	1	0	1	0	0	1	226	0	0
2026-06-02 17:55:59.409	ui_candidate	0x00000001	DrawPrimitive	1319	6	2	0	159974C0	0xA944F7B1E842A1F2	32	32	A8R8G8B8	6	0x00000000	1	0x00000144	1	0	0	0	14743D90	2560	1440	X8R8G8B8	0	0	1	0	1	0	0	1	227	0	0
2026-06-02 17:55:59.409	ui_candidate	0x00000001	DrawPrimitive	1320	6	2	0	159975A0	0x181F799E5633C74A	32	32	A8R8G8B8	6	0x00000000	1	0x00000144	1	0	0	0	14743D90	2560	1440	X8R8G8B8	0	0	1	0	1	0	0	1	228	0	0
2026-06-02 17:55:59.409	ui_candidate	0x00000001	DrawPrimitive	1321	6	2	0	15997760	0x691138FBCF62D029	32	32	A8R8G8B8	6	0x00000000	1	0x00000144	1	0	0	0	14743D90	2560	1440	X8R8G8B8	0	0	1	0	1	0	0	1	229	0	0
2026-06-02 17:55:59.410	ui_candidate	0x00000001	DrawPrimitive	1322	6	2	0	15997840	0x733D6B444EF44DE1	8	16	A8R8G8B8	5	0x00000000	1	0x00000144	1	0	0	0	14743D90	2560	1440	X8R8G8B8	0	0	1	0	1	0	0	1	230	0	0
2026-06-02 17:55:59.410	ui_candidate	0x00000001	DrawPrimitive	1323	6	2	0	15997CA0	0x85BB74000671C246	32	32	A8R8G8B8	6	0x00000000	1	0x00000144	1	0	0	0	14743D90	2560	1440	X8R8G8B8	0	0	1	0	1	0	0	1	231	0	0
2026-06-02 17:55:59.411	ui_candidate	0x00000001	DrawPrimitive	1324	6	2	0	15997D80	0xF38C88E2C4761172	32	32	A8R8G8B8	6	0x00000000	1	0x00000144	1	0	0	0	14743D90	2560	1440	X8R8G8B8	0	0	1	0	1	0	0	1	232	0	0
2026-06-02 17:55:59.411	ui_candidate	0x00000001	DrawPrimitive	1325	6	2	0	15999FA0	0x49C565C8B5A2096B	32	32	A8R8G8B8	6	0x00000000	1	0x00000144	1	0	0	0	14743D90	2560	1440	X8R8G8B8	0	0	1	0	1	0	0	1	233	0	0
2026-06-02 17:55:59.411	ui_candidate	0x00000001	DrawPrimitive	1326	6	2	0	15999280	0x717E1914A6C24EC5	64	64	A8R8G8B8	7	0x00000000	1	0x00000144	1	0	0	0	14743D90	2560	1440	X8R8G8B8	0	0	1	0	1	0	0	1	234	0	0
2026-06-02 17:55:59.412	ui_candidate	0x00000001	DrawPrimitive	1327	6	2	0	15998C60	0xA6DCAC4D9A622D2A	64	64	A8R8G8B8	7	0x00000000	1	0x00000144	1	0	0	0	14743D90	2560	1440	X8R8G8B8	0	0	1	0	1	0	0	1	235	0	0
2026-06-02 17:55:59.412	ui_candidate	0x00000001	DrawPrimitive	1328	6	2	0	15999B40	0x0F5059E38C52F6DA	32	32	A8R8G8B8	6	0x00000000	1	0x00000144	1	0	0	0	14743D90	2560	1440	X8R8G8B8	0	0	1	0	1	0	0	1	236	0	0
2026-06-02 17:55:59.413	ui_candidate	0x00000001	DrawPrimitive	1329	6	2	0	15999C20	0x9B120D17601591C2	32	32	A8R8G8B8	6	0x00000000	1	0x00000144	1	0	0	0	14743D90	2560	1440	X8R8G8B8	0	0	1	0	1	0	0	1	237	0	0
2026-06-02 17:55:59.413	ui_candidate	0x00000001	DrawPrimitive	1330	6	2	0	15999D00	0x2E65A9A5BD6A0CAC	32	32	A8R8G8B8	6	0x00000000	1	0x00000144	1	0	0	0	14743D90	2560	1440	X8R8G8B8	0	0	1	0	1	0	0	1	238	0	0
2026-06-02 17:55:59.414	ui_candidate	0x00000001	DrawPrimitive	1331	6	2	0	15999DE0	0x11D1CFE12372C6F3	32	32	A8R8G8B8	6	0x00000000	1	0x00000144	1	0	0	0	14743D90	2560	1440	X8R8G8B8	0	0	1	0	1	0	0	1	239	0	0
2026-06-02 17:55:59.414	ui_candidate	0x00000001	DrawPrimitive	1332	6	2	0	1599A780	0x88EE34B9CEE77BB1	32	32	A8R8G8B8	6	0x00000000	1	0x00000144	1	0	0	0	14743D90	2560	1440	X8R8G8B8	0	0	1	0	1	0	0	1	240	0	0
2026-06-02 17:55:59.415	ui_candidate	0x00000001	DrawPrimitive	1333	6	2	0	1599A080	0xB2A654BE76EABADF	32	32	A8R8G8B8	6	0x00000000	1	0x00000144	1	0	0	0	14743D90	2560	1440	X8R8G8B8	0	0	1	0	1	0	0	1	241	0	0
2026-06-02 17:55:59.415	ui_candidate	0x00000001	DrawPrimitive	1334	6	2	0	15999360	0x84DD5B61BC83AF7C	32	32	A8R8G8B8	6	0x00000000	1	0x00000144	1	0	0	0	14743D90	2560	1440	X8R8G8B8	0	0	1	0	1	0	0	1	242	0	0
2026-06-02 17:55:59.415	ui_candidate	0x00000001	DrawPrimitive	1335	6	2	0	15998D40	0x3E36158958A3681F	32	32	A8R8G8B8	6	0x00000000	1	0x00000144	1	0	0	0	14743D90	2560	1440	X8R8G8B8	0	0	1	0	1	0	0	1	243	0	0
2026-06-02 17:55:59.416	ui_candidate	0x00000001	DrawPrimitive	1336	6	2	0	159998A0	0xED6C66BE98591D00	32	32	A8R8G8B8	6	0x00000000	1	0x00000144	1	0	0	0	14743D90	2560	1440	X8R8G8B8	0	0	1	0	1	0	0	1	244	0	0
2026-06-02 17:55:59.416	ui_candidate	0x00000001	DrawPrimitive	1337	6	2	0	15998FE0	0x0F4D098021EF52CD	32	32	A8R8G8B8	6	0x00000000	1	0x00000144	1	0	0	0	14743D90	2560	1440	X8R8G8B8	0	0	1	0	1	0	0	1	245	0	0
2026-06-02 17:55:59.417	ui_candidate	0x00000001	DrawPrimitive	1338	6	2	0	15999980	0xB8D2004FA62B5BFA	32	32	A8R8G8B8	6	0x00000000	1	0x00000144	1	0	0	0	14743D90	2560	1440	X8R8G8B8	0	0	1	0	1	0	0	1	246	0	0
2026-06-02 17:55:59.417	ui_candidate	0x00000001	DrawPrimitive	1339	6	2	0	15998F00	0xB69C905CB98520B7	32	32	A8R8G8B8	6	0x00000000	1	0x00000144	1	0	0	0	14743D90	2560	1440	X8R8G8B8	0	0	1	0	1	0	0	1	247	0	0
2026-06-02 17:55:59.418	ui_candidate	0x00000001	DrawPrimitive	1340	6	2	0	15999600	0x3C6BC6607CA30B9B	32	32	A8R8G8B8	6	0x00000000	1	0x00000144	1	0	0	0	14743D90	2560	1440	X8R8G8B8	0	0	1	0	1	0	0	1	248	0	0
2026-06-02 17:55:59.418	ui_candidate	0x00000001	DrawPrimitive	1341	6	2	0	15999EC0	0x7015673954D7F8BC	32	32	A8R8G8B8	6	0x00000000	1	0x00000144	1	0	0	0	14743D90	2560	1440	X8R8G8B8	0	0	1	0	1	0	0	1	249	0	0
2026-06-02 17:55:59.419	ui_candidate	0x00000001	DrawPrimitive	1342	6	2	0	15998E20	0x9FE39E75E44FBB96	128	64	A8R8G8B8	8	0x00000000	1	0x00000144	1	0	0	0	14743D90	2560	1440	X8R8G8B8	0	0	1	0	1	0	0	1	250	0	0
2026-06-02 17:55:59.420	ui_candidate	0x00000001	DrawPrimitive	1343	6	2	0	1599A5C0	0x2B30C2AA9A5E7C1B	32	32	A8R8G8B8	6	0x00000000	1	0x00000144	1	0	0	0	14743D90	2560	1440	X8R8G8B8	0	0	1	0	1	0	0	1	251	0	0
2026-06-02 17:55:59.420	ui_candidate	0x00000001	DrawPrimitive	1344	6	2	0	15999A60	0x699E7EA709F7559F	128	64	A8R8G8B8	8	0x00000000	1	0x00000144	1	0	0	0	14743D90	2560	1440	X8R8G8B8	0	0	1	0	1	0	0	1	252	0	0
2026-06-02 17:55:59.421	ui_candidate	0x00000001	DrawPrimitive	1345	6	2	0	159990C0	0xB123277450E82D48	128	64	A8R8G8B8	8	0x00000000	1	0x00000144	1	0	0	0	14743D90	2560	1440	X8R8G8B8	0	0	1	0	1	0	0	1	253	0	0
2026-06-02 17:55:59.421	ui_candidate	0x00000001	DrawPrimitive	1346	6	2	0	1599A160	0x221E3AE691813F42	128	64	A8R8G8B8	8	0x00000000	1	0x00000144	1	0	0	0	14743D90	2560	1440	X8R8G8B8	0	0	1	0	1	0	0	1	254	0	0
2026-06-02 17:55:59.421	ui_candidate	0x00000001	DrawPrimitive	1347	6	2	0	1599A4E0	0x830C675C11E526B4	128	64	A8R8G8B8	8	0x00000000	1	0x00000144	1	0	0	0	14743D90	2560	1440	X8R8G8B8	0	0	1	0	1	0	0	1	255	0	0
2026-06-02 17:55:59.422	ui_candidate	0x00000001	DrawPrimitive	1348	6	2	0	159991A0	0x7FC8FA12B2E8BA3B	128	64	A8R8G8B8	8	0x00000000	1	0x00000144	1	0	0	0	14743D90	2560	1440	X8R8G8B8	0	0	1	0	1	0	0	1	256	0	0
2026-06-02 17:55:59.422	ui_candidate	0x00000001	DrawPrimitive	1349	6	2	0	1599A240	0x005DE970A83F42BC	32	16	A8R8G8B8	6	0x00000000	1	0x00000144	1	0	0	0	14743D90	2560	1440	X8R8G8B8	0	0	1	0	1	0	0	1	257	0	0
2026-06-02 17:55:59.423	ui_candidate	0x00000001	DrawPrimitive	1350	6	2	0	1599A320	0x76CEF1929D90BDC8	8	32	A8R8G8B8	6	0x00000000	1	0x00000144	1	0	0	0	14743D90	2560	1440	X8R8G8B8	0	0	1	0	1	0	0	1	258	0	0
2026-06-02 17:55:59.423	ui_candidate	0x00000001	DrawPrimitive	1351	6	2	0	1599A6A0	0xBE928CE879426290	32	32	A8R8G8B8	6	0x00000000	1	0x00000144	1	0	0	0	14743D90	2560	1440	X8R8G8B8	0	0	1	0	1	0	0	1	259	0	0
2026-06-02 17:55:59.423	ui_candidate	0x00000001	DrawPrimitive	1352	6	2	0	159996E0	0x14EA60772DDB3C7C	32	16	A8R8G8B8	6	0x00000000	1	0x00000144	1	0	0	0	14743D90	2560	1440	X8R8G8B8	0	0	1	0	1	0	0	1	260	0	0
2026-06-02 17:55:59.424	ui_candidate	0x00000001	DrawPrimitive	1353	6	2	0	1599A400	0x3DD8EA530868E561	32	16	A8R8G8B8	6	0x00000000	1	0x00000144	1	0	0	0	14743D90	2560	1440	X8R8G8B8	0	0	1	0	1	0	0	1	261	0	0
2026-06-02 17:55:59.424	ui_candidate	0x00000001	DrawPrimitive	1354	6	2	0	15999440	0x30EA8E3DAB2022B6	32	32	A8R8G8B8	6	0x00000000	1	0x00000144	1	0	0	0	14743D90	2560	1440	X8R8G8B8	0	0	1	0	1	0	0	1	262	0	0
2026-06-02 17:55:59.425	ui_candidate	0x00000001	DrawPrimitive	1355	6	2	0	15999520	0xDE679A2671A7D37A	16	8	A8R8G8B8	5	0x00000000	1	0x00000144	1	0	0	0	14743D90	2560	1440	X8R8G8B8	0	0	1	0	1	0	0	1	263	0	0
2026-06-02 17:55:59.425	ui_candidate	0x00000001	DrawPrimitive	1356	6	2	0	159997C0	0x52E28B6A39EBAF18	64	64	A8R8G8B8	7	0x00000000	1	0x00000144	1	0	0	0	14743D90	2560	1440	X8R8G8B8	0	0	1	0	1	0	0	1	264	0	0
2026-06-02 17:55:59.426	ui_candidate	0x00000001	DrawPrimitive	1357	6	2	0	1599ABE0	0x72EAE28ED2166958	16	16	DXT1	5	0x00000000	1	0x00000144	1	0	0	0	14743D90	2560	1440	X8R8G8B8	0	0	1	0	1	0	0	1	265	0	0
2026-06-02 17:55:59.426	ui_candidate	0x00000001	DrawPrimitive	1358	6	2	0	1599AE80	0x4A1B560537F958E6	32	32	A8R8G8B8	6	0x00000000	1	0x00000144	1	0	0	0	14743D90	2560	1440	X8R8G8B8	0	0	1	0	1	0	0	1	266	0	0
2026-06-02 17:55:59.426	ui_candidate	0x00000001	DrawPrimitive	1359	6	2	0	1599A860	0x9FEA8D4F85860EA6	32	32	A8R8G8B8	6	0x00000000	1	0x00000144	1	0	0	0	14743D90	2560	1440	X8R8G8B8	0	0	1	0	1	0	0	1	267	0	0
2026-06-02 17:55:59.426	ui_candidate	0x00000001	DrawPrimitive	1360	6	2	0	1599ACC0	0x06C64A0484907CE8	32	32	A8R8G8B8	6	0x00000000	1	0x00000144	1	0	0	0	14743D90	2560	1440	X8R8G8B8	0	0	1	0	1	0	0	1	268	0	0
2026-06-02 17:55:59.427	ui_candidate	0x00000001	DrawPrimitive	1361	6	2	0	1599ADA0	0xF903CEDC90A8AB23	32	32	A8R8G8B8	6	0x00000000	1	0x00000144	1	0	0	0	14743D90	2560	1440	X8R8G8B8	0	0	1	0	1	0	0	1	269	0	0
2026-06-02 17:55:59.427	ui_candidate	0x00000001	DrawPrimitive	1362	6	2	0	1599A940	0x4213AE49667A8570	32	32	A8R8G8B8	6	0x00000000	1	0x00000144	1	0	0	0	14743D90	2560	1440	X8R8G8B8	0	0	1	0	1	0	0	1	270	0	0
2026-06-02 17:55:59.427	ui_candidate	0x00000001	DrawPrimitive	1363	6	2	0	1599AB00	0x3858A9A465B323CB	32	32	A8R8G8B8	6	0x00000000	1	0x00000144	1	0	0	0	14743D90	2560	1440	X8R8G8B8	0	0	1	0	1	0	0	1	271	0	0
2026-06-02 17:55:59.428	ui_candidate	0x00000001	DrawPrimitive	1364	6	2	0	1599AA20	0x8C77AFA277F58A61	32	32	A8R8G8B8	6	0x00000000	1	0x00000144	1	0	0	0	14743D90	2560	1440	X8R8G8B8	0	0	1	0	1	0	0	1	272	0	0
2026-06-02 17:55:59.428	ui_candidate	0x00000001	DrawPrimitive	1365	6	2	0	15AA55D0	0xD0572EB72622B344	32	32	A8R8G8B8	6	0x00000000	1	0x00000144	1	0	0	0	14743D90	2560	1440	X8R8G8B8	0	0	1	0	1	0	0	1	273	0	0
2026-06-02 17:55:59.428	ui_candidate	0x00000001	DrawPrimitive	1366	6	2	0	15AA5790	0xBB78A42F81101421	32	32	A8R8G8B8	6	0x00000000	1	0x00000144	1	0	0	0	14743D90	2560	1440	X8R8G8B8	0	0	1	0	1	0	0	1	274	0	0
2026-06-02 17:55:59.428	ui_candidate	0x00000001	DrawPrimitive	1367	6	2	0	15AA4450	0xACA2948D1DEE9DA6	8	32	A8R8G8B8	6	0x00000000	1	0x00000144	1	0	0	0	14743D90	2560	1440	X8R8G8B8	0	0	1	0	1	0	0	1	275	0	0
2026-06-02 17:55:59.428	ui_candidate	0x00000001	DrawPrimitive	1368	6	2	0	15AA4610	0x442B8F84C0B2938E	64	64	A8R8G8B8	7	0x00000000	1	0x00000144	1	0	0	0	14743D90	2560	1440	X8R8G8B8	0	0	1	0	1	0	0	1	276	0	0
2026-06-02 17:55:59.429	ui_candidate	0x00000001	DrawPrimitive	1369	6	2	0	15AA5F70	0x8C0162B0DA1AD97D	128	64	A8R8G8B8	8	0x00000000	1	0x00000144	1	0	0	0	14743D90	2560	1440	X8R8G8B8	0	0	1	0	1	0	0	1	277	0	0
2026-06-02 17:55:59.429	ui_candidate	0x00000001	DrawPrimitive	1370	6	2	0	15AA4C30	0x008B2A2985376B83	128	64	A8R8G8B8	8	0x00000000	1	0x00000144	1	0	0	0	14743D90	2560	1440	X8R8G8B8	0	0	1	0	1	0	0	1	278	0	0
2026-06-02 17:55:59.429	ui_candidate	0x00000001	DrawPrimitive	1371	6	2	0	15AA4DF0	0x5B549FB1C0785C51	128	64	A8R8G8B8	8	0x00000000	1	0x00000144	1	0	0	0	14743D90	2560	1440	X8R8G8B8	0	0	1	0	1	0	0	1	279	0	0
2026-06-02 17:55:59.430	ui_candidate	0x00000001	DrawPrimitive	1372	6	2	0	15AA5090	0x897A2A41F566D729	128	64	A8R8G8B8	8	0x00000000	1	0x00000144	1	0	0	0	14743D90	2560	1440	X8R8G8B8	0	0	1	0	1	0	0	1	280	0	0
2026-06-02 17:55:59.430	ui_candidate	0x00000001	DrawPrimitive	1373	6	2	0	15AA48B0	0x0292FC745405F7E5	128	64	A8R8G8B8	8	0x00000000	1	0x00000144	1	0	0	0	14743D90	2560	1440	X8R8G8B8	0	0	1	0	1	0	0	1	281	0	0
2026-06-02 17:55:59.430	ui_candidate	0x00000001	DrawPrimitive	1374	6	2	0	15AA4530	0xCA4FBCAFBF4A806B	32	16	A8R8G8B8	6	0x00000000	1	0x00000144	1	0	0	0	14743D90	2560	1440	X8R8G8B8	0	0	1	0	1	0	0	1	282	0	0
2026-06-02 17:55:59.431	ui_candidate	0x00000001	DrawPrimitive	1375	6	2	0	15AA4D10	0xD74088F78FFBED17	16	32	A8R8G8B8	6	0x00000000	1	0x00000144	1	0	0	0	14743D90	2560	1440	X8R8G8B8	0	0	1	0	1	0	0	1	283	0	0
2026-06-02 17:55:59.431	ui_candidate	0x00000001	DrawPrimitive	1376	6	2	0	15AA5B10	0xF56A533A409D3015	16	16	A8R8G8B8	5	0x00000000	1	0x00000144	1	0	0	0	14743D90	2560	1440	X8R8G8B8	0	0	1	0	1	0	0	1	284	0	0
2026-06-02 17:55:59.431	ui_candidate	0x00000001	DrawPrimitive	1377	6	2	0	15AA56B0	0xA4ADA10820E40A59	16	8	A8R8G8B8	5	0x00000000	1	0x00000144	1	0	0	0	14743D90	2560	1440	X8R8G8B8	0	0	1	0	1	0	0	1	285	0	0
2026-06-02 17:55:59.431	ui_candidate	0x00000001	DrawPrimitive	1378	6	2	0	15AA4B50	0x8A3BF58236BAB5EE	8	16	A8R8G8B8	5	0x00000000	1	0x00000144	1	0	0	0	14743D90	2560	1440	X8R8G8B8	0	0	1	0	1	0	0	1	286	0	0
2026-06-02 17:55:59.432	ui_candidate	0x00000001	DrawPrimitive	1379	6	2	0	15AA4ED0	0x3F6C008F32FE3D33	16	16	DXT1	5	0x00000000	1	0x00000144	1	0	0	0	14743D90	2560	1440	X8R8G8B8	0	0	1	0	1	0	0	1	287	0	0
2026-06-02 17:55:59.432	ui_candidate	0x00000001	DrawPrimitive	1380	6	2	0	15AA5BF0	0x440913C12305F080	32	32	A8R8G8B8	6	0x00000000	1	0x00000144	1	0	0	0	14743D90	2560	1440	X8R8G8B8	0	0	1	0	1	0	0	1	288	0	0
2026-06-02 17:55:59.432	ui_candidate	0x00000001	DrawPrimitive	1381	6	2	0	15AA5250	0x11479FD5326138FC	32	32	A8R8G8B8	6	0x00000000	1	0x00000144	1	0	0	0	14743D90	2560	1440	X8R8G8B8	0	0	1	0	1	0	0	1	289	0	0
2026-06-02 17:55:59.433	ui_candidate	0x00000001	DrawPrimitive	1382	6	2	0	15AA46F0	0xF10E39C43A37DCE5	128	128	A8R8G8B8	8	0x00000000	1	0x00000144	1	0	0	0	14743D90	2560	1440	X8R8G8B8	0	0	1	0	1	0	0	1	290	0	0
2026-06-02 17:55:59.433	ui_candidate	0x00000001	DrawPrimitive	1383	6	2	0	15AA4FB0	0xB11FDE90453F0587	16	16	A8R8G8B8	5	0x00000000	1	0x00000144	1	0	0	0	14743D90	2560	1440	X8R8G8B8	0	0	1	0	1	0	0	1	291	0	0
2026-06-02 17:55:59.433	ui_candidate	0x00000001	DrawPrimitive	1384	6	2	0	15AA47D0	0xFCD1EADCF40592E3	8	32	A8R8G8B8	6	0x00000000	1	0x00000144	1	0	0	0	14743D90	2560	1440	X8R8G8B8	0	0	1	0	1	0	0	1	292	0	0
2026-06-02 17:55:59.434	ui_candidate	0x00000001	DrawPrimitive	1385	6	2	0	15AA54F0	0x9C96A667F8396131	32	32	A8R8G8B8	6	0x00000000	1	0x00000144	1	0	0	0	14743D90	2560	1440	X8R8G8B8	0	0	1	0	1	0	0	1	293	0	0
2026-06-02 17:55:59.434	ui_candidate	0x00000001	DrawPrimitive	1386	6	2	0	15AA4990	0xED7010F809420273	32	32	A8R8G8B8	6	0x00000000	1	0x00000144	1	0	0	0	14743D90	2560	1440	X8R8G8B8	0	0	1	0	1	0	0	1	294	0	0
2026-06-02 17:55:59.435	ui_candidate	0x00000001	DrawPrimitive	1387	6	2	0	15AA5DB0	0x8B4495813866FD8C	32	32	A8R8G8B8	6	0x00000000	1	0x00000144	1	0	0	0	14743D90	2560	1440	X8R8G8B8	0	0	1	0	1	0	0	1	295	0	0
2026-06-02 17:55:59.435	ui_candidate	0x00000001	DrawPrimitive	1388	6	2	0	15AA4A70	0xD30628B25855C585	32	32	A8R8G8B8	6	0x00000000	1	0x00000144	1	0	0	0	14743D90	2560	1440	X8R8G8B8	0	0	1	0	1	0	0	1	296	0	0
2026-06-02 17:55:59.436	ui_candidate	0x00000001	DrawPrimitive	1389	6	2	0	15AA5CD0	0x29846D9B723BD30A	32	32	A8R8G8B8	6	0x00000000	1	0x00000144	1	0	0	0	14743D90	2560	1440	X8R8G8B8	0	0	1	0	1	0	0	1	297	0	0
2026-06-02 17:55:59.436	ui_candidate	0x00000001	DrawPrimitive	1390	6	2	0	15AA5170	0x50A7B6D272E7E341	32	32	A8R8G8B8	6	0x00000000	1	0x00000144	1	0	0	0	14743D90	2560	1440	X8R8G8B8	0	0	1	0	1	0	0	1	298	0	0
2026-06-02 17:55:59.436	ui_candidate	0x00000001	DrawPrimitive	1391	6	2	0	15AA5330	0xDF462829A89B84B3	64	64	A8R8G8B8	7	0x00000000	1	0x00000144	1	0	0	0	14743D90	2560	1440	X8R8G8B8	0	0	1	0	1	0	0	1	299	0	0
2026-06-02 17:55:59.436	ui_candidate	0x00000001	DrawPrimitive	1392	6	2	0	15AA5410	0x079AAE963AFC6CCA	64	64	A8R8G8B8	7	0x00000000	1	0x00000144	1	0	0	0	14743D90	2560	1440	X8R8G8B8	0	0	1	0	1	0	0	1	300	0	0
2026-06-02 17:55:59.437	ui_candidate	0x00000001	DrawPrimitive	1393	6	2	0	15AA5870	0x192FB0F755F9FB6B	128	128	A8R8G8B8	8	0x00000000	1	0x00000144	1	0	0	0	14743D90	2560	1440	X8R8G8B8	0	0	1	0	1	0	0	1	301	0	0
2026-06-02 17:55:59.437	ui_candidate	0x00000001	DrawPrimitive	1394	6	2	0	15AA5950	0x253B0D4EDECE47A1	16	16	A8R8G8B8	5	0x00000000	1	0x00000144	1	0	0	0	14743D90	2560	1440	X8R8G8B8	0	0	1	0	1	0	0	1	302	0	0
2026-06-02 17:55:59.438	ui_candidate	0x00000001	DrawPrimitive	1395	6	2	0	15AA5A30	0x3106D48304BBFDD2	32	32	A8R8G8B8	6	0x00000000	1	0x00000144	1	0	0	0	14743D90	2560	1440	X8R8G8B8	0	0	1	0	1	0	0	1	303	0	0
2026-06-02 17:55:59.438	ui_candidate	0x00000001	DrawPrimitive	1396	6	2	0	15AA5E90	0xFA9E3B3B009707A6	32	32	A8R8G8B8	6	0x00000000	1	0x00000144	1	0	0	0	14743D90	2560	1440	X8R8G8B8	0	0	1	0	1	0	0	1	304	0	0
2026-06-02 17:55:59.438	ui_candidate	0x00000001	DrawPrimitive	1397	6	2	0	15AA6BB0	0x73CEA1383D128F8E	16	16	A8R8G8B8	5	0x00000000	1	0x00000144	1	0	0	0	14743D90	2560	1440	X8R8G8B8	0	0	1	0	1	0	0	1	305	0	0
2026-06-02 17:55:59.439	ui_candidate	0x00000001	DrawPrimitive	1398	6	2	0	15AA6750	0xE911A3A597BE3994	16	16	A8R8G8B8	5	0x00000000	1	0x00000144	1	0	0	0	14743D90	2560	1440	X8R8G8B8	0	0	1	0	1	0	0	1	306	0	0
2026-06-02 17:55:59.440	ui_candidate	0x00000001	DrawPrimitive	1399	6	2	0	15AA6D70	0x94A9592B1CBDBAB1	16	16	A8R8G8B8	5	0x00000000	1	0x00000144	1	0	0	0	14743D90	2560	1440	X8R8G8B8	0	0	1	0	1	0	0	1	307	0	0
2026-06-02 17:55:59.440	ui_candidate	0x00000001	DrawPrimitive	1400	6	2	0	15AA69F0	0xEDC889704C19B36D	32	32	A8R8G8B8	6	0x00000000	1	0x00000144	1	0	0	0	14743D90	2560	1440	X8R8G8B8	0	0	1	0	1	0	0	1	308	0	0
2026-06-02 17:55:59.440	ui_candidate	0x00000001	DrawPrimitive	1401	6	2	0	15AA6210	0x784A22BE71B7CF56	16	16	A8R8G8B8	5	0x00000000	1	0x00000144	1	0	0	0	14743D90	2560	1440	X8R8G8B8	0	0	1	0	1	0	0	1	309	0	0
2026-06-02 17:55:59.440	ui_candidate	0x00000001	DrawPrimitive	1402	6	2	0	15AA6130	0xD531E4F569752D46	16	16	A8R8G8B8	5	0x00000000	1	0x00000144	1	0	0	0	14743D90	2560	1440	X8R8G8B8	0	0	1	0	1	0	0	1	310	0	0
2026-06-02 17:55:59.441	ui_candidate	0x00000001	DrawPrimitive	1403	6	2	0	15AA6590	0x06F88ADD9061EBE2	32	32	A8R8G8B8	6	0x00000000	1	0x00000144	1	0	0	0	14743D90	2560	1440	X8R8G8B8	0	0	1	0	1	0	0	1	311	0	0
2026-06-02 17:55:59.441	ui_candidate	0x00000001	DrawPrimitive	1404	6	2	0	15AA6E50	0xEB58947E9BAEB9AE	16	16	A8R8G8B8	5	0x00000000	1	0x00000144	1	0	0	0	14743D90	2560	1440	X8R8G8B8	0	0	1	0	1	0	0	1	312	0	0
2026-06-02 17:55:59.441	ui_candidate	0x00000001	DrawPrimitive	1405	6	2	0	15AA6050	0x94F332EB2A821CC1	32	32	A8R8G8B8	6	0x00000000	1	0x00000144	1	0	0	0	14743D90	2560	1440	X8R8G8B8	0	0	1	0	1	0	0	1	313	0	0
2026-06-02 17:55:59.442	ui_candidate	0x00000001	DrawPrimitive	1406	6	2	0	15AA62F0	0x70CB80C90542E44E	32	32	A8R8G8B8	6	0x00000000	1	0x00000144	1	0	0	0	14743D90	2560	1440	X8R8G8B8	0	0	1	0	1	0	0	1	314	0	0
2026-06-02 17:55:59.442	ui_candidate	0x00000001	DrawPrimitive	1407	6	2	0	15AA6910	0xA272C2F2F312C3C8	32	32	A8R8G8B8	6	0x00000000	1	0x00000144	1	0	0	0	14743D90	2560	1440	X8R8G8B8	0	0	1	0	1	0	0	1	315	0	0
2026-06-02 17:55:59.442	ui_candidate	0x00000001	DrawPrimitive	1408	6	2	0	15AA64B0	0x69E6555960AC4957	16	16	A8R8G8B8	5	0x00000000	1	0x00000144	1	0	0	0	14743D90	2560	1440	X8R8G8B8	0	0	1	0	1	0	0	1	316	0	0
2026-06-02 17:55:59.443	ui_candidate	0x00000001	DrawPrimitive	1409	6	2	0	15AA6F30	0x76857A9AA999CFAB	16	16	A8R8G8B8	5	0x00000000	1	0x00000144	1	0	0	0	14743D90	2560	1440	X8R8G8B8	0	0	1	0	1	0	0	1	317	0	0
2026-06-02 17:55:59.443	ui_candidate	0x00000001	DrawPrimitive	1410	6	2	0	15AA6670	0x5CECD09EA3CE465E	16	16	A8R8G8B8	5	0x00000000	1	0x00000144	1	0	0	0	14743D90	2560	1440	X8R8G8B8	0	0	1	0	1	0	0	1	318	0	0
2026-06-02 17:55:59.443	ui_candidate	0x00000001	DrawPrimitive	1411	6	2	0	15AA6830	0x03C7CE1B30E21988	16	16	A8R8G8B8	5	0x00000000	1	0x00000144	1	0	0	0	14743D90	2560	1440	X8R8G8B8	0	0	1	0	1	0	0	1	319	0	0
2026-06-02 17:55:59.444	ui_candidate	0x00000001	DrawPrimitive	1412	6	2	0	15AA63D0	0x6669A9AAB2F44CDF	16	16	A8R8G8B8	5	0x00000000	1	0x00000144	1	0	0	0	14743D90	2560	1440	X8R8G8B8	0	0	1	0	1	0	0	1	320	0	0
2026-06-02 17:55:59.444	ui_candidate	0x00000001	DrawPrimitive	1413	6	2	0	15AA6AD0	0x5099E4FFA3C38368	16	16	A8R8G8B8	5	0x00000000	1	0x00000144	1	0	0	0	14743D90	2560	1440	X8R8G8B8	0	0	1	0	1	0	0	1	321	0	0
2026-06-02 17:55:59.444	ui_candidate	0x00000001	DrawPrimitive	1414	6	2	0	15AA6C90	0xBBE4090BF1A7266E	16	16	A8R8G8B8	5	0x00000000	1	0x00000144	1	0	0	0	14743D90	2560	1440	X8R8G8B8	0	0	1	0	1	0	0	1	322	0	0
2026-06-02 17:55:59.445	ui_candidate	0x00000001	DrawPrimitive	1415	6	2	0	15A9F910	0xE2B399958D40EAD4	128	128	A8R8G8B8	8	0x00000000	1	0x00000144	1	0	0	0	14743D90	2560	1440	X8R8G8B8	0	0	1	0	1	0	0	1	323	0	0
2026-06-02 17:55:59.445	ui_candidate	0x00000001	DrawPrimitive	1416	6	2	0	15A9F210	0x5FEC3EC56541472B	16	16	A8R8G8B8	5	0x00000000	1	0x00000144	1	0	0	0	14743D90	2560	1440	X8R8G8B8	0	0	1	0	1	0	0	1	324	0	0
2026-06-02 17:55:59.445	ui_candidate	0x00000001	DrawPrimitive	1417	6	2	0	15A9F3D0	0xA3769F289F3A410E	16	16	A8R8G8B8	5	0x00000000	1	0x00000144	1	0	0	0	14743D90	2560	1440	X8R8G8B8	0	0	1	0	1	0	0	1	325	0	0
2026-06-02 17:55:59.445	ui_candidate	0x00000001	DrawPrimitive	1418	6	2	0	15A9F830	0xBEEDA61B01413C83	32	32	A8R8G8B8	6	0x00000000	1	0x00000144	1	0	0	0	14743D90	2560	1440	X8R8G8B8	0	0	1	0	1	0	0	1	326	0	0
2026-06-02 17:55:59.446	ui_candidate	0x00000001	DrawPrimitive	1419	6	2	0	15A9FD70	0x61DA841E7433F89A	32	32	A8R8G8B8	6	0x00000000	1	0x00000144	1	0	0	0	14743D90	2560	1440	X8R8G8B8	0	0	1	0	1	0	0	1	327	0	0
2026-06-02 17:55:59.446	ui_candidate	0x00000001	DrawPrimitive	1420	6	2	0	15A9F4B0	0xA2D503C355B1146A	16	16	A8R8G8B8	5	0x00000000	1	0x00000144	1	0	0	0	14743D90	2560	1440	X8R8G8B8	0	0	1	0	1	0	0	1	328	0	0
2026-06-02 17:55:59.446	ui_candidate	0x00000001	DrawPrimitive	1421	6	2	0	15A9F590	0x4BA34312E17321A4	128	64	A8R8G8B8	8	0x00000000	1	0x00000144	1	0	0	0	14743D90	2560	1440	X8R8G8B8	0	0	1	0	1	0	0	1	329	0	0
2026-06-02 17:55:59.447	ui_candidate	0x00000001	DrawPrimitive	1422	6	2	0	15A9FBB0	0xD2C02C2258126A04	128	64	A8R8G8B8	8	0x00000000	1	0x00000144	1	0	0	0	14743D90	2560	1440	X8R8G8B8	0	0	1	0	1	0	0	1	330	0	0
2026-06-02 17:55:59.447	ui_candidate	0x00000001	DrawPrimitive	1423	6	2	0	15A9FAD0	0x8DF84B4A8C2A6AAF	128	64	A8R8G8B8	8	0x00000000	1	0x00000144	1	0	0	0	14743D90	2560	1440	X8R8G8B8	0	0	1	0	1	0	0	1	331	0	0
2026-06-02 17:55:59.448	ui_candidate	0x00000001	DrawPrimitive	1424	6	2	0	15A9FF30	0x89E237CD2AFE062E	128	64	A8R8G8B8	8	0x00000000	1	0x00000144	1	0	0	0	14743D90	2560	1440	X8R8G8B8	0	0	1	0	1	0	0	1	332	0	0
2026-06-02 17:55:59.448	ui_candidate	0x00000001	DrawPrimitive	1425	6	2	0	15A9F2F0	0xD59BEAADFA3AB2FB	64	64	A8R8G8B8	7	0x00000000	1	0x00000144	1	0	0	0	14743D90	2560	1440	X8R8G8B8	0	0	1	0	1	0	0	1	333	0	0
2026-06-02 17:55:59.448	ui_candidate	0x00000001	DrawPrimitive	1426	6	2	0	15A9F670	0x6A6C9EB7970A7C5E	128	64	A8R8G8B8	8	0x00000000	1	0x00000144	1	0	0	0	14743D90	2560	1440	X8R8G8B8	0	0	1	0	1	0	0	1	334	0	0
2026-06-02 17:55:59.448	ui_candidate	0x00000001	DrawPrimitive	1427	6	2	0	15A9F750	0x0DC6CDA05215F11B	128	64	A8R8G8B8	8	0x00000000	1	0x00000144	1	0	0	0	14743D90	2560	1440	X8R8G8B8	0	0	1	0	1	0	0	1	335	0	0
2026-06-02 17:55:59.448	ui_candidate	0x00000001	DrawPrimitive	1428	6	2	0	15AA08D0	0x6216D09E9F2AC67C	128	64	A8R8G8B8	8	0x00000000	1	0x00000144	1	0	0	0	14743D90	2560	1440	X8R8G8B8	0	0	1	0	1	0	0	1	336	0	0
2026-06-02 17:55:59.449	ui_candidate	0x00000001	DrawPrimitive	1429	6	2	0	15A9F9F0	0x88D750469E5CD236	128	64	A8R8G8B8	8	0x00000000	1	0x00000144	1	0	0	0	14743D90	2560	1440	X8R8G8B8	0	0	1	0	1	0	0	1	337	0	0
2026-06-02 17:55:59.449	ui_candidate	0x00000001	DrawPrimitive	1430	6	2	0	15AA0710	0x21C1E87BF4A0F9EE	8	16	A8R8G8B8	5	0x00000000	1	0x00000144	1	0	0	0	14743D90	2560	1440	X8R8G8B8	0	0	1	0	1	0	0	1	338	0	0
2026-06-02 17:55:59.450	ui_candidate	0x00000001	DrawPrimitive	1431	6	2	0	15A9FC90	0x534E0EE912204279	32	16	A8R8G8B8	6	0x00000000	1	0x00000144	1	0	0	0	14743D90	2560	1440	X8R8G8B8	0	0	1	0	1	0	0	1	339	0	0
2026-06-02 17:55:59.450	ui_candidate	0x00000001	DrawPrimitive	1432	6	2	0	15AA09B0	0x48E91F37C24FFA9E	32	32	A8R8G8B8	6	0x00000000	1	0x00000144	1	0	0	0	14743D90	2560	1440	X8R8G8B8	0	0	1	0	1	0	0	1	340	0	0
2026-06-02 17:55:59.451	ui_candidate	0x00000001	DrawPrimitive	1433	6	2	0	15A9FE50	0x6E6CF84E019ACC33	32	8	A8R8G8B8	6	0x00000000	1	0x00000144	1	0	0	0	14743D90	2560	1440	X8R8G8B8	0	0	1	0	1	0	0	1	341	0	0
2026-06-02 17:55:59.451	ui_candidate	0x00000001	DrawPrimitive	1434	6	2	0	15A9F050	0x3609E19A95F811B6	128	64	A8R8G8B8	8	0x00000000	1	0x00000144	1	0	0	0	14743D90	2560	1440	X8R8G8B8	0	0	1	0	1	0	0	1	342	0	0
2026-06-02 17:55:59.452	ui_candidate	0x00000001	DrawPrimitive	1435	6	2	0	15A9F130	0xD8E5874DB820EB34	128	64	A8R8G8B8	8	0x00000000	1	0x00000144	1	0	0	0	14743D90	2560	1440	X8R8G8B8	0	0	1	0	1	0	0	1	343	0	0
2026-06-02 17:55:59.452	ui_candidate	0x00000001	DrawPrimitive	1436	6	2	0	15AA0010	0x96CD983BA71232FB	128	64	A8R8G8B8	8	0x00000000	1	0x00000144	1	0	0	0	14743D90	2560	1440	X8R8G8B8	0	0	1	0	1	0	0	1	344	0	0
2026-06-02 17:55:59.452	ui_candidate	0x00000001	DrawPrimitive	1437	6	2	0	15AA02B0	0xCBC7EBD0A6C3D643	32	32	A8R8G8B8	6	0x00000000	1	0x00000144	1	0	0	0	14743D90	2560	1440	X8R8G8B8	0	0	1	0	1	0	0	1	345	0	0
2026-06-02 17:55:59.453	ui_candidate	0x00000001	DrawPrimitive	1438	6	2	0	15AA0A90	0xBF7DACFB025E8CEF	32	32	A8R8G8B8	6	0x00000000	1	0x00000144	1	0	0	0	14743D90	2560	1440	X8R8G8B8	0	0	1	0	1	0	0	1	346	0	0
2026-06-02 17:55:59.453	ui_candidate	0x00000001	DrawPrimitive	1439	6	2	0	15AA0550	0xD1117531C9E2C0C0	128	64	A8R8G8B8	8	0x00000000	1	0x00000144	1	0	0	0	14743D90	2560	1440	X8R8G8B8	0	0	1	0	1	0	0	1	347	0	0
2026-06-02 17:55:59.453	ui_candidate	0x00000001	DrawPrimitive	1440	6	2	0	15AA00F0	0x455B6B580112A779	128	64	A8R8G8B8	8	0x00000000	1	0x00000144	1	0	0	0	14743D90	2560	1440	X8R8G8B8	0	0	1	0	1	0	0	1	348	0	0
2026-06-02 17:55:59.454	ui_candidate	0x00000001	DrawPrimitive	1441	6	2	0	15AA01D0	0xA77A421066D7494D	128	64	A8R8G8B8	8	0x00000000	1	0x00000144	1	0	0	0	14743D90	2560	1440	X8R8G8B8	0	0	1	0	1	0	0	1	349	0	0
2026-06-02 17:55:59.454	ui_candidate	0x00000001	DrawPrimitive	1442	6	2	0	15AA0390	0x72ACC1CDD309567A	16	16	A8R8G8B8	5	0x00000000	1	0x00000144	1	0	0	0	14743D90	2560	1440	X8R8G8B8	0	0	1	0	1	0	0	1	350	0	0
2026-06-02 17:55:59.454	ui_candidate	0x00000001	DrawPrimitive	1443	6	2	0	15AA0470	0xBD7806F67DE54A05	32	32	A8R8G8B8	6	0x00000000	1	0x00000144	1	0	0	0	14743D90	2560	1440	X8R8G8B8	0	0	1	0	1	0	0	1	351	0	0
2026-06-02 17:55:59.455	ui_candidate	0x00000001	DrawPrimitive	1444	6	2	0	15AA0630	0x8683FF648AE23F40	32	32	A8R8G8B8	6	0x00000000	1	0x00000144	1	0	0	0	14743D90	2560	1440	X8R8G8B8	0	0	1	0	1	0	0	1	352	0	0
2026-06-02 17:55:59.455	ui_candidate	0x00000001	DrawPrimitive	1445	6	2	0	15AA07F0	0x9B276F2132E67364	32	32	A8R8G8B8	6	0x00000000	1	0x00000144	1	0	0	0	14743D90	2560	1440	X8R8G8B8	0	0	1	0	1	0	0	1	353	0	0
2026-06-02 17:55:59.456	ui_candidate	0x00000001	DrawPrimitive	1446	6	2	0	15AA0B70	0xA3F99286DF75E13F	32	32	A8R8G8B8	6	0x00000000	1	0x00000144	1	0	0	0	14743D90	2560	1440	X8R8G8B8	0	0	1	0	1	0	0	1	354	0	0
2026-06-02 17:55:59.456	ui_candidate	0x00000001	DrawPrimitive	1447	6	2	0	15AA0C50	0xCCAF54F9AB7F796B	32	32	A8R8G8B8	6	0x00000000	1	0x00000144	1	0	0	0	14743D90	2560	1440	X8R8G8B8	0	0	1	0	1	0	0	1	355	0	0
2026-06-02 17:55:59.456	ui_candidate	0x00000001	DrawPrimitive	1448	6	2	0	15AA24D0	0xBC77958E176AEB06	32	32	A8R8G8B8	6	0x00000000	1	0x00000144	1	0	0	0	14743D90	2560	1440	X8R8G8B8	0	0	1	0	1	0	0	1	356	0	0
2026-06-02 17:55:59.457	ui_candidate	0x00000001	DrawPrimitive	1449	6	2	0	15AA0EF0	0x22BCF51AD76CCC35	32	32	A8R8G8B8	6	0x00000000	1	0x00000144	1	0	0	0	14743D90	2560	1440	X8R8G8B8	0	0	1	0	1	0	0	1	357	0	0
2026-06-02 17:55:59.457	ui_candidate	0x00000001	DrawPrimitive	1450	6	2	0	15AA2770	0xD5BF4C44862CC3B2	32	32	A8R8G8B8	6	0x00000000	1	0x00000144	1	0	0	0	14743D90	2560	1440	X8R8G8B8	0	0	1	0	1	0	0	1	358	0	0
2026-06-02 17:55:59.457	ui_candidate	0x00000001	DrawPrimitive	1451	6	2	0	15AA1F90	0x5576A3FD91A1C1E7	32	32	A8R8G8B8	6	0x00000000	1	0x00000144	1	0	0	0	14743D90	2560	1440	X8R8G8B8	0	0	1	0	1	0	0	1	359	0	0
2026-06-02 17:55:59.458	ui_candidate	0x00000001	DrawPrimitive	1452	6	2	0	15AA17B0	0x81EFCB24D20BBC7B	32	32	A8R8G8B8	6	0x00000000	1	0x00000144	1	0	0	0	14743D90	2560	1440	X8R8G8B8	0	0	1	0	1	0	0	1	360	0	0
2026-06-02 17:55:59.458	ui_candidate	0x00000001	DrawPrimitive	1453	6	2	0	15AA0FD0	0x0D3F5CB6002F04B4	32	32	A8R8G8B8	6	0x00000000	1	0x00000144	1	0	0	0	14743D90	2560	1440	X8R8G8B8	0	0	1	0	1	0	0	1	361	0	0
2026-06-02 17:55:59.458	ui_candidate	0x00000001	DrawPrimitive	1454	6	2	0	15AA1510	0x341023E50A5AF296	16	16	A8R8G8B8	5	0x00000000	1	0x00000144	1	0	0	0	14743D90	2560	1440	X8R8G8B8	0	0	1	0	1	0	0	1	362	0	0
2026-06-02 17:55:59.459	ui_candidate	0x00000001	DrawPrimitive	1455	6	2	0	15AA1890	0x0E27B0792540118D	32	32	A8R8G8B8	6	0x00000000	1	0x00000144	1	0	0	0	14743D90	2560	1440	X8R8G8B8	0	0	1	0	1	0	0	1	363	0	0
2026-06-02 17:55:59.459	ui_candidate	0x00000001	DrawPrimitive	1456	6	2	0	15AA10B0	0x319711CEA3C0B23D	32	32	A8R8G8B8	6	0x00000000	1	0x00000144	1	0	0	0	14743D90	2560	1440	X8R8G8B8	0	0	1	0	1	0	0	1	364	0	0
2026-06-02 17:55:59.459	ui_candidate	0x00000001	DrawPrimitive	1457	6	2	0	15AA0E10	0xF77D888941F4BB8C	64	64	DXT1	7	0x00000000	1	0x00000144	1	0	0	0	14743D90	2560	1440	X8R8G8B8	0	0	1	0	1	0	0	1	365	0	0
2026-06-02 17:55:59.459	ui_candidate	0x00000001	DrawPrimitive	1458	6	2	0	15AA23F0	0x6B76CB11E09FB71F	32	32	DXT1	6	0x00000000	1	0x00000144	1	0	0	0	14743D90	2560	1440	X8R8G8B8	0	0	1	0	1	0	0	1	366	0	0
2026-06-02 17:55:59.460	ui_candidate	0x00000001	DrawPrimitive	1459	6	2	0	15AA15F0	0xE760B7C0F9628BA6	64	64	DXT1	7	0x00000000	1	0x00000144	1	0	0	0	14743D90	2560	1440	X8R8G8B8	0	0	1	0	1	0	0	1	367	0	0
2026-06-02 17:55:59.460	ui_candidate	0x00000001	DrawPrimitive	1460	6	2	0	15AA1970	0x6B76CB11E09FB71F	32	32	DXT1	6	0x00000000	1	0x00000144	1	0	0	0	14743D90	2560	1440	X8R8G8B8	0	0	1	0	1	0	0	1	368	0	0
2026-06-02 17:55:59.460	ui_candidate	0x00000001	DrawPrimitive	1461	6	2	0	15AA1A50	0x2C85F1658D4ACA55	32	32	DXT1	6	0x00000000	1	0x00000144	1	0	0	0	14743D90	2560	1440	X8R8G8B8	0	0	1	0	1	0	0	1	369	0	0
2026-06-02 17:55:59.461	ui_candidate	0x00000001	DrawPrimitive	1462	6	2	0	15AA2310	0xA2F0404FC4A9A5C4	32	32	DXT1	6	0x00000000	1	0x00000144	1	0	0	0	14743D90	2560	1440	X8R8G8B8	0	0	1	0	1	0	0	1	370	0	0
2026-06-02 17:55:59.461	ui_candidate	0x00000001	DrawPrimitive	1463	6	2	0	15AA1B30	0xAEE230EC488C0FA4	32	32	DXT1	6	0x00000000	1	0x00000144	1	0	0	0	14743D90	2560	1440	X8R8G8B8	0	0	1	0	1	0	0	1	371	0	0
2026-06-02 17:55:59.461	ui_candidate	0x00000001	DrawPrimitive	1464	6	2	0	15AA1190	0x52E2296BDB291F7B	32	32	DXT1	6	0x00000000	1	0x00000144	1	0	0	0	14743D90	2560	1440	X8R8G8B8	0	0	1	0	1	0	0	1	372	0	0
2026-06-02 17:55:59.462	ui_candidate	0x00000001	DrawPrimitive	1465	6	2	0	15AA25B0	0xF77D888941F4BB8C	64	64	DXT1	7	0x00000000	1	0x00000144	1	0	0	0	14743D90	2560	1440	X8R8G8B8	0	0	1	0	1	0	0	1	373	0	0
2026-06-02 17:55:59.462	ui_candidate	0x00000001	DrawPrimitive	1466	6	2	0	15AA2690	0x6842A3653B0F85E8	32	32	DXT1	6	0x00000000	1	0x00000144	1	0	0	0	14743D90	2560	1440	X8R8G8B8	0	0	1	0	1	0	0	1	374	0	0
2026-06-02 17:55:59.462	ui_candidate	0x00000001	DrawPrimitive	1467	6	2	0	15AA0D30	0x77291661DD8359F6	32	32	DXT1	6	0x00000000	1	0x00000144	1	0	0	0	14743D90	2560	1440	X8R8G8B8	0	0	1	0	1	0	0	1	375	0	0
2026-06-02 17:55:59.462	ui_candidate	0x00000001	DrawPrimitive	1468	6	2	0	15AA16D0	0x13EFE16FBCBF1E27	32	32	DXT1	6	0x00000000	1	0x00000144	1	0	0	0	14743D90	2560	1440	X8R8G8B8	0	0	1	0	1	0	0	1	376	0	0
2026-06-02 17:55:59.463	ui_candidate	0x00000001	DrawPrimitive	1469	6	2	0	15AA2230	0xF47C8AD8C017C530	32	32	DXT1	6	0x00000000	1	0x00000144	1	0	0	0	14743D90	2560	1440	X8R8G8B8	0	0	1	0	1	0	0	1	377	0	0
2026-06-02 17:55:59.464	ui_candidate	0x00000001	DrawPrimitive	1470	6	2	0	15AA2070	0xE2364EEBF4088810	32	128	DXT1	8	0x00000000	1	0x00000144	1	0	0	0	14743D90	2560	1440	X8R8G8B8	0	0	1	0	1	0	0	1	378	0	0
2026-06-02 17:55:59.464	ui_candidate	0x00000001	DrawPrimitive	1471	6	2	0	15AA1270	0x521B88EEFF4610B3	32	64	A8R8G8B8	7	0x00000000	1	0x00000144	1	0	0	0	14743D90	2560	1440	X8R8G8B8	0	0	1	0	1	0	0	1	379	0	0
2026-06-02 17:55:59.464	ui_candidate	0x00000001	DrawPrimitive	1472	6	2	0	15AA1350	0xEB143D568F90F95C	32	128	DXT1	8	0x00000000	1	0x00000144	1	0	0	0	14743D90	2560	1440	X8R8G8B8	0	0	1	0	1	0	0	1	380	0	0
2026-06-02 17:55:59.464	ui_candidate	0x00000001	DrawPrimitive	1473	6	2	0	15AA1430	0xBE50B1F4B9518A29	128	128	DXT1	8	0x00000000	1	0x00000144	1	0	0	0	14743D90	2560	1440	X8R8G8B8	0	0	1	0	1	0	0	1	381	0	0
2026-06-02 17:55:59.465	ui_candidate	0x00000001	DrawPrimitive	1474	6	2	0	15AA1C10	0xF9EEA2741ED8A289	32	8	A8R8G8B8	6	0x00000000	1	0x00000144	1	0	0	0	14743D90	2560	1440	X8R8G8B8	0	0	1	0	1	0	0	1	382	0	0
2026-06-02 17:55:59.465	ui_candidate	0x00000001	DrawPrimitive	1475	6	2	0	15AA1CF0	0x84B202D67067A6AC	64	32	DXT1	7	0x00000000	1	0x00000144	1	0	0	0	14743D90	2560	1440	X8R8G8B8	0	0	1	0	1	0	0	1	383	0	0
2026-06-02 17:55:59.466	ui_candidate	0x00000001	DrawPrimitive	1476	6	2	0	15AA1DD0	0x2580827B8C52FF82	128	64	DXT1	8	0x00000000	1	0x00000144	1	0	0	0	14743D90	2560	1440	X8R8G8B8	0	0	1	0	1	0	0	1	384	0	0
2026-06-02 17:55:59.466	ui_candidate	0x00000001	DrawPrimitive	1477	6	2	0	15AA1EB0	0x78937D1F911F2213	32	32	DXT1	6	0x00000000	1	0x00000144	1	0	0	0	14743D90	2560	1440	X8R8G8B8	0	0	1	0	1	0	0	1	385	0	0
2026-06-02 17:55:59.466	ui_candidate	0x00000001	DrawPrimitive	1478	6	2	0	15AA2150	0xB0B57DDEF2EC8076	32	32	DXT1	6	0x00000000	1	0x00000144	1	0	0	0	14743D90	2560	1440	X8R8G8B8	0	0	1	0	1	0	0	1	386	0	0
2026-06-02 17:55:59.467	ui_candidate	0x00000001	DrawPrimitive	1479	6	2	0	15AA2D90	0x01A683E275E8BE1D	32	32	A8R8G8B8	6	0x00000000	1	0x00000144	1	0	0	0	14743D90	2560	1440	X8R8G8B8	0	0	1	0	1	0	0	1	387	0	0
2026-06-02 17:55:59.467	ui_candidate	0x00000001	DrawPrimitive	1480	6	2	0	15AA2A10	0xEDD6546EE63116EA	64	64	DXT1	7	0x00000000	1	0x00000144	1	0	0	0	14743D90	2560	1440	X8R8G8B8	0	0	1	0	1	0	0	1	388	0	0
2026-06-02 17:55:59.468	ui_candidate	0x00000001	DrawPrimitive	1481	6	2	0	15AA2930	0xC6E0B27BC4E061E4	32	32	DXT1	6	0x00000000	1	0x00000144	1	0	0	0	14743D90	2560	1440	X8R8G8B8	0	0	1	0	1	0	0	1	389	0	0
2026-06-02 17:55:59.468	ui_candidate	0x00000001	DrawPrimitive	1482	6	2	0	15AA3FF0	0x4A0F8251EC3B6C27	128	128	DXT1	8	0x00000000	1	0x00000144	1	0	0	0	14743D90	2560	1440	X8R8G8B8	0	0	1	0	1	0	0	1	390	0	0
2026-06-02 17:55:59.468	ui_candidate	0x00000001	DrawPrimitive	1483	6	2	0	15AA2F50	0xA057271C9071C99D	8	8	DXT1	4	0x00000000	1	0x00000144	1	0	0	0	14743D90	2560	1440	X8R8G8B8	0	0	1	0	1	0	0	1	391	0	0
2026-06-02 17:55:59.469	ui_candidate	0x00000001	DrawPrimitive	1484	6	2	0	15AA3490	0x71A20A89167C646C	64	32	DXT1	7	0x00000000	1	0x00000144	1	0	0	0	14743D90	2560	1440	X8R8G8B8	0	0	1	0	1	0	0	1	392	0	0
2026-06-02 17:55:59.470	ui_candidate	0x00000001	DrawPrimitive	1485	6	2	0	15AA3030	0xAE420F59CDD797BE	32	32	DXT1	6	0x00000000	1	0x00000144	1	0	0	0	14743D90	2560	1440	X8R8G8B8	0	0	1	0	1	0	0	1	393	0	0
2026-06-02 17:55:59.470	ui_candidate	0x00000001	DrawPrimitive	1486	6	2	0	15AA40D0	0x6D0BEA13AB6C8693	32	32	DXT1	6	0x00000000	1	0x00000144	1	0	0	0	14743D90	2560	1440	X8R8G8B8	0	0	1	0	1	0	0	1	394	0	0
2026-06-02 17:55:59.470	ui_candidate	0x00000001	DrawPrimitive	1487	6	2	0	15AA2BD0	0xA92BD145EC8C340E	32	32	DXT1	6	0x00000000	1	0x00000144	1	0	0	0	14743D90	2560	1440	X8R8G8B8	0	0	1	0	1	0	0	1	395	0	0
2026-06-02 17:55:59.471	ui_candidate	0x00000001	DrawPrimitive	1488	6	2	0	15AA2AF0	0xD7A0E07AAE3AC0DF	64	16	DXT1	7	0x00000000	1	0x00000144	1	0	0	0	14743D90	2560	1440	X8R8G8B8	0	0	1	0	1	0	0	1	396	0	0
2026-06-02 17:55:59.471	ui_candidate	0x00000001	DrawPrimitive	1489	6	2	0	15AA2CB0	0x961CB60DF30623D1	64	64	DXT1	7	0x00000000	1	0x00000144	1	0	0	0	14743D90	2560	1440	X8R8G8B8	0	0	1	0	1	0	0	1	397	0	0
2026-06-02 17:55:59.471	ui_candidate	0x00000001	DrawPrimitive	1490	6	2	0	15AA3D50	0xAC3CFD52F8D1A99C	8	8	DXT1	4	0x00000000	1	0x00000144	1	0	0	0	14743D90	2560	1440	X8R8G8B8	0	0	1	0	1	0	0	1	398	0	0
2026-06-02 17:55:59.472	ui_candidate	0x00000001	DrawPrimitive	1491	6	2	0	15AA39D0	0x32838712A69FB56D	64	64	DXT1	7	0x00000000	1	0x00000144	1	0	0	0	14743D90	2560	1440	X8R8G8B8	0	0	1	0	1	0	0	1	399	0	0
2026-06-02 17:55:59.472	ui_candidate	0x00000001	DrawPrimitive	1492	6	2	0	15AA2E70	0xEA21ABD499C8F693	64	64	DXT1	7	0x00000000	1	0x00000144	1	0	0	0	14743D90	2560	1440	X8R8G8B8	0	0	1	0	1	0	0	1	400	0	0
2026-06-02 17:55:59.472	ui_candidate	0x00000001	DrawPrimitive	1493	6	2	0	15AA3110	0x27B5B70B9B0F788D	64	64	DXT1	7	0x00000000	1	0x00000144	1	0	0	0	14743D90	2560	1440	X8R8G8B8	0	0	1	0	1	0	0	1	401	0	0
2026-06-02 17:55:59.473	ui_candidate	0x00000001	DrawPrimitive	1494	6	2	0	15AA3730	0xAEDD507FDB4EC591	32	32	A8R8G8B8	6	0x00000000	1	0x00000144	1	0	0	0	14743D90	2560	1440	X8R8G8B8	0	0	1	0	1	0	0	1	402	0	0
2026-06-02 17:55:59.473	ui_candidate	0x00000001	DrawPrimitive	1495	6	2	0	15AA41B0	0xCA63E08BE1647317	128	64	DXT1	8	0x00000000	1	0x00000144	1	0	0	0	14743D90	2560	1440	X8R8G8B8	0	0	1	0	1	0	0	1	403	0	0
2026-06-02 17:55:59.473	ui_candidate	0x00000001	DrawPrimitive	1496	6	2	0	15AA3810	0x78BEEE6D9692D2DA	128	64	DXT1	8	0x00000000	1	0x00000144	1	0	0	0	14743D90	2560	1440	X8R8G8B8	0	0	1	0	1	0	0	1	404	0	0
2026-06-02 17:55:59.474	ui_candidate	0x00000001	DrawPrimitive	1497	6	2	0	15AA3AB0	0xBAAF3A9D7A17EE6E	32	128	DXT1	8	0x00000000	1	0x00000144	1	0	0	0	14743D90	2560	1440	X8R8G8B8	0	0	1	0	1	0	0	1	405	0	0
2026-06-02 17:55:59.474	ui_candidate	0x00000001	DrawPrimitive	1498	6	2	0	15AA3570	0x9ACDF1DD3A0E9D90	64	64	DXT1	7	0x00000000	1	0x00000144	1	0	0	0	14743D90	2560	1440	X8R8G8B8	0	0	1	0	1	0	0	1	406	0	0
2026-06-02 17:55:59.474	ui_candidate	0x00000001	DrawPrimitive	1499	6	2	0	15AA31F0	0x26DD18DAF486DABA	64	64	DXT1	7	0x00000000	1	0x00000144	1	0	0	0	14743D90	2560	1440	X8R8G8B8	0	0	1	0	1	0	0	1	407	0	0
2026-06-02 17:55:59.475	ui_candidate	0x00000001	DrawPrimitive	1500	6	2	0	15AA32D0	0x8AFE4AC10330ACE8	32	32	A8R8G8B8	1	0x00000000	1	0x00000144	1	0	0	0	14743D90	2560	1440	X8R8G8B8	0	0	1	0	1	0	0	1	408	0	0
2026-06-02 17:55:59.475	ui_candidate	0x00000001	DrawPrimitive	1501	6	2	0	15AA33B0	0x2A1114B9532A29F0	32	32	A8R8G8B8	6	0x00000000	1	0x00000144	1	0	0	0	14743D90	2560	1440	X8R8G8B8	0	0	1	0	1	0	0	1	409	0	0
2026-06-02 17:55:59.475	ui_candidate	0x00000001	DrawPrimitive	1502	6	2	0	15AA3650	0x4007A2D33AF0ED0E	32	32	A8R8G8B8	6	0x00000000	1	0x00000144	1	0	0	0	14743D90	2560	1440	X8R8G8B8	0	0	1	0	1	0	0	1	410	0	0
2026-06-02 17:55:59.476	ui_candidate	0x00000001	DrawPrimitive	1503	6	2	0	15AA38F0	0x70233387F60AC4B2	64	32	A8R8G8B8	7	0x00000000	1	0x00000144	1	0	0	0	14743D90	2560	1440	X8R8G8B8	0	0	1	0	1	0	0	1	411	0	0
2026-06-02 17:55:59.476	ui_candidate	0x00000001	DrawPrimitive	1504	6	2	0	15AA4370	0xA37DD852477B253E	32	16	DXT1	6	0x00000000	1	0x00000144	1	0	0	0	14743D90	2560	1440	X8R8G8B8	0	0	1	0	1	0	0	1	412	0	0
2026-06-02 17:55:59.476	ui_candidate	0x00000001	DrawPrimitive	1505	6	2	0	15AA3B90	0x18FD0237DBD79C40	64	32	DXT1	7	0x00000000	1	0x00000144	1	0	0	0	14743D90	2560	1440	X8R8G8B8	0	0	1	0	1	0	0	1	413	0	0
2026-06-02 17:55:59.477	ui_candidate	0x00000001	DrawPrimitive	1506	6	2	0	15AA3C70	0x5BE19BB05EA94811	64	64	DXT1	7	0x00000000	1	0x00000144	1	0	0	0	14743D90	2560	1440	X8R8G8B8	0	0	1	0	1	0	0	1	414	0	0
2026-06-02 17:55:59.477	ui_candidate	0x00000001	DrawPrimitive	1507	6	2	0	15AA3F10	0x0CD0EB5582593369	64	64	DXT1	7	0x00000000	1	0x00000144	1	0	0	0	14743D90	2560	1440	X8R8G8B8	0	0	1	0	1	0	0	1	415	0	0
2026-06-02 17:55:59.477	ui_candidate	0x00000001	DrawPrimitive	1508	6	2	0	15AA4290	0x999B01D595E58A2A	64	32	DXT1	7	0x00000000	1	0x00000144	1	0	0	0	14743D90	2560	1440	X8R8G8B8	0	0	1	0	1	0	0	1	416	0	0
2026-06-02 17:55:59.478	ui_candidate	0x00000001	DrawPrimitive	1509	6	2	0	15AA2850	0x40CC00F768E696A4	32	32	DXT1	6	0x00000000	1	0x00000144	1	0	0	0	14743D90	2560	1440	X8R8G8B8	0	0	1	0	1	0	0	1	417	0	0
2026-06-02 17:55:59.478	ui_candidate	0x00000001	DrawPrimitive	1510	6	2	0	15AA3E30	0x165FCC30FE993ACB	64	128	DXT1	8	0x00000000	1	0x00000144	1	0	0	0	14743D90	2560	1440	X8R8G8B8	0	0	1	0	1	0	0	1	418	0	0
2026-06-02 17:55:59.478	ui_candidate	0x00000001	DrawPrimitive	1511	6	2	0	15CF8188	0xDE5F15AB6DAF7941	16	16	A8R8G8B8	5	0x00000000	1	0x00000144	1	0	0	0	14743D90	2560	1440	X8R8G8B8	0	0	1	0	1	0	0	1	419	0	0
2026-06-02 17:55:59.478	ui_candidate	0x00000001	DrawPrimitive	1512	6	2	0	15CF7388	0xAEB92DEA46004BEB	64	64	DXT1	7	0x00000000	1	0x00000144	1	0	0	0	14743D90	2560	1440	X8R8G8B8	0	0	1	0	1	0	0	1	420	0	0
2026-06-02 17:55:59.479	ui_candidate	0x00000001	DrawPrimitive	1513	6	2	0	15CF6C88	0x67CD196C01788DC6	64	64	DXT1	7	0x00000000	1	0x00000144	1	0	0	0	14743D90	2560	1440	X8R8G8B8	0	0	1	0	1	0	0	1	421	0	0
2026-06-02 17:55:59.479	ui_candidate	0x00000001	DrawPrimitive	1514	6	2	0	15CF7A88	0xAAA9B2055415C53C	128	128	DXT1	8	0x00000000	1	0x00000144	1	0	0	0	14743D90	2560	1440	X8R8G8B8	0	0	1	0	1	0	0	1	422	0	0
2026-06-02 17:55:59.479	ui_candidate	0x00000001	DrawPrimitive	1515	6	2	0	15CF7008	0x6842A3653B0F85E8	32	32	DXT1	6	0x00000000	1	0x00000144	1	0	0	0	14743D90	2560	1440	X8R8G8B8	0	0	1	0	1	0	0	1	423	0	0
2026-06-02 17:55:59.480	ui_candidate	0x00000001	DrawPrimitive	1516	6	2	0	15CF6E48	0x13EFE16FBCBF1E27	32	32	DXT1	6	0x00000000	1	0x00000144	1	0	0	0	14743D90	2560	1440	X8R8G8B8	0	0	1	0	1	0	0	1	424	0	0
2026-06-02 17:55:59.480	ui_candidate	0x00000001	DrawPrimitive	1517	6	2	0	15CF87A8	0xF47C8AD8C017C530	32	32	DXT1	6	0x00000000	1	0x00000144	1	0	0	0	14743D90	2560	1440	X8R8G8B8	0	0	1	0	1	0	0	1	425	0	0
2026-06-02 17:55:59.480	ui_candidate	0x00000001	DrawPrimitive	1518	6	2	0	15CF86C8	0xE1FBAA3CEBB7B33C	128	64	DXT1	8	0x00000000	1	0x00000144	1	0	0	0	14743D90	2560	1440	X8R8G8B8	0	0	1	0	1	0	0	1	426	0	0
2026-06-02 17:55:59.481	ui_candidate	0x00000001	DrawPrimitive	1519	6	2	0	15CF8508	0x64580BF74792BC54	32	32	DXT1	6	0x00000000	1	0x00000144	1	0	0	0	14743D90	2560	1440	X8R8G8B8	0	0	1	0	1	0	0	1	427	0	0
2026-06-02 17:55:59.481	ui_candidate	0x00000001	DrawPrimitive	1520	6	2	0	15CF85E8	0xEE2BE1B3A8F9EB55	32	32	DXT1	6	0x00000000	1	0x00000144	1	0	0	0	14743D90	2560	1440	X8R8G8B8	0	0	1	0	1	0	0	1	428	0	0
2026-06-02 17:55:59.482	ui_candidate	0x00000001	DrawPrimitive	1521	6	2	0	15CF7628	0x1F67B8134FC24774	64	64	A8R8G8B8	7	0x00000000	1	0x00000144	1	0	0	0	14743D90	2560	1440	X8R8G8B8	0	0	1	0	1	0	0	1	429	0	0
2026-06-02 17:55:59.482	ui_candidate	0x00000001	DrawPrimitive	1522	6	2	0	15CF72A8	0x26ACCAD755520EF3	32	32	A8R8G8B8	6	0x00000000	1	0x00000144	1	0	0	0	14743D90	2560	1440	X8R8G8B8	0	0	1	0	1	0	0	1	430	0	0
2026-06-02 17:55:59.483	ui_candidate	0x00000001	DrawPrimitive	1523	6	2	0	15CF7D28	0x64192EEAA379C76F	32	32	A8R8G8B8	6	0x00000000	1	0x00000144	1	0	0	0	14743D90	2560	1440	X8R8G8B8	0	0	1	0	1	0	0	1	431	0	0
2026-06-02 17:55:59.483	ui_candidate	0x00000001	DrawPrimitive	1524	6	2	0	15CF7E08	0xC21B586C654E9CD8	16	16	DXT1	5	0x00000000	1	0x00000144	1	0	0	0	14743D90	2560	1440	X8R8G8B8	0	0	1	0	1	0	0	1	432	0	0
2026-06-02 17:55:59.483	ui_candidate	0x00000001	DrawPrimitive	1525	6	2	0	15CF7EE8	0x61D111A032FC2A35	64	64	DXT1	7	0x00000000	1	0x00000144	1	0	0	0	14743D90	2560	1440	X8R8G8B8	0	0	1	0	1	0	0	1	433	0	0
2026-06-02 17:55:59.484	ui_candidate	0x00000001	DrawPrimitive	1526	6	2	0	15CF6D68	0xE812C294190D7B53	64	64	DXT1	7	0x00000000	1	0x00000144	1	0	0	0	14743D90	2560	1440	X8R8G8B8	0	0	1	0	1	0	0	1	434	0	0
2026-06-02 17:55:59.484	ui_candidate	0x00000001	DrawPrimitive	1527	6	2	0	15CF70E8	0x5CFBA760FA9D64C8	32	32	DXT1	6	0x00000000	1	0x00000144	1	0	0	0	14743D90	2560	1440	X8R8G8B8	0	0	1	0	1	0	0	1	435	0	0
2026-06-02 17:55:59.484	ui_candidate	0x00000001	DrawPrimitive	1528	6	2	0	15CF6F28	0x57424389116AF66B	64	64	A8R8G8B8	7	0x00000000	1	0x00000144	1	0	0	0	14743D90	2560	1440	X8R8G8B8	0	0	1	0	1	0	0	1	436	0	0
2026-06-02 17:55:59.485	ui_candidate	0x00000001	DrawPrimitive	1529	6	2	0	15CF71C8	0x5717F1A09CF241F3	16	16	A8R8G8B8	5	0x00000000	1	0x00000144	1	0	0	0	14743D90	2560	1440	X8R8G8B8	0	0	1	0	1	0	0	1	437	0	0
2026-06-02 17:55:59.485	ui_candidate	0x00000001	DrawPrimitive	1530	6	2	0	15CF7548	0x831CAA6B259BE6A9	32	64	A8R8G8B8	7	0x00000000	1	0x00000144	1	0	0	0	14743D90	2560	1440	X8R8G8B8	0	0	1	0	1	0	0	1	438	0	0
2026-06-02 17:55:59.486	ui_candidate	0x00000001	DrawPrimitive	1531	6	2	0	15CF7FC8	0xFC918FDFC7DF52DD	32	64	A8R8G8B8	7	0x00000000	1	0x00000144	1	0	0	0	14743D90	2560	1440	X8R8G8B8	0	0	1	0	1	0	0	1	439	0	0
2026-06-02 17:55:59.486	ui_candidate	0x00000001	DrawPrimitive	1532	6	2	0	15CF79A8	0xEB0C6891EF20D0AE	32	64	A8R8G8B8	7	0x00000000	1	0x00000144	1	0	0	0	14743D90	2560	1440	X8R8G8B8	0	0	1	0	1	0	0	1	440	0	0
2026-06-02 17:55:59.487	ui_candidate	0x00000001	DrawPrimitive	1533	6	2	0	15CF7468	0x5D32424B9821207E	64	128	DXT1	8	0x00000000	1	0x00000144	1	0	0	0	14743D90	2560	1440	X8R8G8B8	0	0	1	0	1	0	0	1	441	0	0
2026-06-02 17:55:59.487	ui_candidate	0x00000001	DrawPrimitive	1534	6	2	0	15CF7708	0x9AB8C3BAA753130E	32	32	A8R8G8B8	6	0x00000000	1	0x00000144	1	0	0	0	14743D90	2560	1440	X8R8G8B8	0	0	1	0	1	0	0	1	442	0	0
2026-06-02 17:55:59.487	ui_candidate	0x00000001	DrawPrimitive	1535	6	2	0	15CF8268	0x253EBDB88069CDAB	64	64	A8R8G8B8	7	0x00000000	1	0x00000144	1	0	0	0	14743D90	2560	1440	X8R8G8B8	0	0	1	0	1	0	0	1	443	0	0
2026-06-02 17:55:59.488	ui_candidate	0x00000001	DrawPrimitive	1536	6	2	0	15CF77E8	0x382AF0C23A12C318	8	8	A8R8G8B8	4	0x00000000	1	0x00000144	1	0	0	0	14743D90	2560	1440	X8R8G8B8	0	0	1	0	1	0	0	1	444	0	0
2026-06-02 17:55:59.488	ui_candidate	0x00000001	DrawPrimitive	1537	6	2	0	15CF78C8	0x0E7C1B3D2F784E83	64	64	A8R8G8B8	7	0x00000000	1	0x00000144	1	0	0	0	14743D90	2560	1440	X8R8G8B8	0	0	1	0	1	0	0	1	445	0	0
2026-06-02 17:55:59.490	ui_candidate	0x00000001	DrawPrimitive	1538	6	2	0	15CF7B68	0x1E80BCD1BA1B7222	32	32	A8R8G8B8	6	0x00000000	1	0x00000144	1	0	0	0	14743D90	2560	1440	X8R8G8B8	0	0	1	0	1	0	0	1	446	0	0
2026-06-02 17:55:59.490	ui_candidate	0x00000001	DrawPrimitive	1539	6	2	0	15CF7C48	0xE8AA3AC1E277586E	64	64	A8R8G8B8	7	0x00000000	1	0x00000144	1	0	0	0	14743D90	2560	1440	X8R8G8B8	0	0	1	0	1	0	0	1	447	0	0
2026-06-02 17:55:59.491	ui_candidate	0x00000001	DrawPrimitive	1540	6	2	0	15CF80A8	0xC037B2C079BE01EA	64	64	A8R8G8B8	7	0x00000000	1	0x00000144	1	0	0	0	14743D90	2560	1440	X8R8G8B8	0	0	1	0	1	0	0	1	448	0	0
2026-06-02 17:55:59.491	ui_candidate	0x00000001	DrawPrimitive	1541	6	2	0	15CF8348	0x9064721D8BE1B1DF	32	32	DXT1	6	0x00000000	1	0x00000144	1	0	0	0	14743D90	2560	1440	X8R8G8B8	0	0	1	0	1	0	0	1	449	0	0
2026-06-02 17:55:59.491	ui_candidate	0x00000001	DrawPrimitive	1542	6	2	0	15CF8428	0x187FA31592E3D09E	64	64	DXT1	7	0x00000000	1	0x00000144	1	0	0	0	14743D90	2560	1440	X8R8G8B8	0	0	1	0	1	0	0	1	450	0	0
2026-06-02 17:55:59.492	ui_candidate	0x00000001	DrawPrimitive	1543	6	2	0	15CF8F88	0x30CB908C2B20F6BB	64	64	DXT1	7	0x00000000	1	0x00000144	1	0	0	0	14743D90	2560	1440	X8R8G8B8	0	0	1	0	1	0	0	1	451	0	0
2026-06-02 17:55:59.492	ui_candidate	0x00000001	DrawPrimitive	1544	6	2	0	15CF9928	0xCDFD9F5118ADEB3D	32	32	A8R8G8B8	6	0x00000000	1	0x00000144	1	0	0	0	14743D90	2560	1440	X8R8G8B8	0	0	1	0	1	0	0	1	452	0	0
2026-06-02 17:55:59.492	ui_candidate	0x00000001	DrawPrimitive	1545	6	2	0	15CF8968	0xB8D519512896A3A5	64	64	A8R8G8B8	7	0x00000000	1	0x00000144	1	0	0	0	14743D90	2560	1440	X8R8G8B8	0	0	1	0	1	0	0	1	453	0	0
2026-06-02 17:55:59.492	ui_candidate	0x00000001	DrawPrimitive	1546	6	2	0	15CF9848	0x74BF060D39FB15FB	64	64	DXT1	7	0x00000000	1	0x00000144	1	0	0	0	14743D90	2560	1440	X8R8G8B8	0	0	1	0	1	0	0	1	454	0	0
2026-06-02 17:55:59.493	ui_candidate	0x00000001	DrawPrimitive	1547	6	2	0	15CF8888	0x281C1F93DBC010E9	32	32	DXT1	6	0x00000000	1	0x00000144	1	0	0	0	14743D90	2560	1440	X8R8G8B8	0	0	1	0	1	0	0	1	455	0	0
2026-06-02 17:55:59.493	ui_candidate	0x00000001	DrawPrimitive	1548	6	2	0	15CF8DC8	0x7857558C9F3D7808	64	64	DXT1	7	0x00000000	1	0x00000144	1	0	0	0	14743D90	2560	1440	X8R8G8B8	0	0	1	0	1	0	0	1	456	0	0
2026-06-02 17:55:59.493	ui_candidate	0x00000001	DrawPrimitive	1549	6	2	0	15CF9A08	0x0D67B8CCE02533CC	32	32	A8R8G8B8	6	0x00000000	1	0x00000144	1	0	0	0	14743D90	2560	1440	X8R8G8B8	0	0	1	0	1	0	0	1	457	0	0
2026-06-02 17:55:59.494	ui_candidate	0x00000001	DrawPrimitive	1550	6	2	0	15CF93E8	0x93B18784C4C2CF5B	32	32	A8R8G8B8	6	0x00000000	1	0x00000144	1	0	0	0	14743D90	2560	1440	X8R8G8B8	0	0	1	0	1	0	0	1	458	0	0
2026-06-02 17:55:59.494	ui_candidate	0x00000001	DrawPrimitive	1551	6	2	0	15CF94C8	0xBDF474E0BCFAD30B	32	32	A8R8G8B8	6	0x00000000	1	0x00000144	1	0	0	0	14743D90	2560	1440	X8R8G8B8	0	0	1	0	1	0	0	1	459	0	0
2026-06-02 17:55:59.494	ui_candidate	0x00000001	DrawPrimitive	1552	6	2	0	15CF8CE8	0xCFC2A9D7DF920CCF	64	64	DXT1	7	0x00000000	1	0x00000144	1	0	0	0	14743D90	2560	1440	X8R8G8B8	0	0	1	0	1	0	0	1	460	0	0
2026-06-02 17:55:59.495	ui_candidate	0x00000001	DrawPrimitive	1553	6	2	0	15CF8EA8	0x4E9D56006A730D48	32	32	DXT1	6	0x00000000	1	0x00000144	1	0	0	0	14743D90	2560	1440	X8R8G8B8	0	0	1	0	1	0	0	1	461	0	0
2026-06-02 17:55:59.495	ui_candidate	0x00000001	DrawPrimitive	1554	6	2	0	15CF9068	0x174EBE9A9F1CA86C	32	32	A8R8G8B8	6	0x00000000	1	0x00000144	1	0	0	0	14743D90	2560	1440	X8R8G8B8	0	0	1	0	1	0	0	1	462	0	0
2026-06-02 17:55:59.495	ui_candidate	0x00000001	DrawPrimitive	1555	6	2	0	15CF9688	0xC7898A466DCF1EAB	32	32	A8R8G8B8	6	0x00000000	1	0x00000144	1	0	0	0	14743D90	2560	1440	X8R8G8B8	0	0	1	0	1	0	0	1	463	0	0
2026-06-02 17:55:59.496	ui_candidate	0x00000001	DrawPrimitive	1556	6	2	0	15CF9148	0x37FB7F5CE5699A3F	128	128	A8R8G8B8	8	0x00000000	1	0x00000144	1	0	0	0	14743D90	2560	1440	X8R8G8B8	0	0	1	0	1	0	0	1	464	0	0
2026-06-02 17:55:59.496	ui_candidate	0x00000001	DrawPrimitive	1557	6	2	0	15CFA3A8	0x3B682DCEE92F3685	32	32	A8R8G8B8	6	0x00000000	1	0x00000144	1	0	0	0	14743D90	2560	1440	X8R8G8B8	0	0	1	0	1	0	0	1	465	0	0
2026-06-02 17:55:59.496	ui_candidate	0x00000001	DrawPrimitive	1558	6	2	0	15CF8A48	0xC5059FC2CA632FDD	64	64	A8R8G8B8	7	0x00000000	1	0x00000144	1	0	0	0	14743D90	2560	1440	X8R8G8B8	0	0	1	0	1	0	0	1	466	0	0
2026-06-02 17:55:59.497	ui_candidate	0x00000001	DrawPrimitive	1559	6	2	0	15CFA108	0x3568583678A4E5A4	128	128	A8R8G8B8	8	0x00000000	1	0x00000144	1	0	0	0	14743D90	2560	1440	X8R8G8B8	0	0	1	0	1	0	0	1	467	0	0
2026-06-02 17:55:59.498	ui_candidate	0x00000001	DrawPrimitive	1560	6	2	0	15CFA1E8	0xF9F8F39402AB837A	64	64	A8R8G8B8	7	0x00000000	1	0x00000144	1	0	0	0	14743D90	2560	1440	X8R8G8B8	0	0	1	0	1	0	0	1	468	0	0
2026-06-02 17:55:59.498	ui_candidate	0x00000001	DrawPrimitive	1561	6	2	0	15CF8B28	0x93D12623D2439447	128	64	DXT1	8	0x00000000	1	0x00000144	1	0	0	0	14743D90	2560	1440	X8R8G8B8	0	0	1	0	1	0	0	1	469	0	0
2026-06-02 17:55:59.498	ui_candidate	0x00000001	DrawPrimitive	1562	6	2	0	15CFA2C8	0x7327D83D19756D7C	32	64	A8R8G8B8	7	0x00000000	1	0x00000144	1	0	0	0	14743D90	2560	1440	X8R8G8B8	0	0	1	0	1	0	0	1	470	0	0
2026-06-02 17:55:59.498	ui_candidate	0x00000001	DrawPrimitive	1563	6	2	0	15CF8C08	0xA50F1259E7B62CD6	128	128	A8R8G8B8	8	0x00000000	1	0x00000144	1	0	0	0	14743D90	2560	1440	X8R8G8B8	0	0	1	0	1	0	0	1	471	0	0
2026-06-02 17:55:59.499	ui_candidate	0x00000001	DrawPrimitive	1564	6	2	0	15CF9D88	0x87064351646C5C11	16	16	DXT1	5	0x00000000	1	0x00000144	1	0	0	0	14743D90	2560	1440	X8R8G8B8	0	0	1	0	1	0	0	1	472	0	0
2026-06-02 17:55:59.499	ui_candidate	0x00000001	DrawPrimitive	1565	6	2	0	15CF9CA8	0xC21B586C654E9CD8	16	16	DXT1	5	0x00000000	1	0x00000144	1	0	0	0	14743D90	2560	1440	X8R8G8B8	0	0	1	0	1	0	0	1	473	0	0
2026-06-02 17:55:59.499	ui_candidate	0x00000001	DrawPrimitive	1566	6	2	0	15CF9228	0x65AFF5AEA107DA75	16	16	DXT1	5	0x00000000	1	0x00000144	1	0	0	0	14743D90	2560	1440	X8R8G8B8	0	0	1	0	1	0	0	1	474	0	0
2026-06-02 17:55:59.500	ui_candidate	0x00000001	DrawPrimitive	1567	6	2	0	15CF9308	0x3BC93A636197DE86	16	16	A8R8G8B8	5	0x00000000	1	0x00000144	1	0	0	0	14743D90	2560	1440	X8R8G8B8	0	0	1	0	1	0	0	1	475	0	0
2026-06-02 17:55:59.500	ui_candidate	0x00000001	DrawPrimitive	1568	6	2	0	15CF95A8	0x7C1A6791821A3DE7	64	64	A8R8G8B8	7	0x00000000	1	0x00000144	1	0	0	0	14743D90	2560	1440	X8R8G8B8	0	0	1	0	1	0	0	1	476	0	0
2026-06-02 17:55:59.501	ui_candidate	0x00000001	DrawPrimitive	1569	6	2	0	15CF9768	0xC04462EA744C65E5	32	32	A8R8G8B8	6	0x00000000	1	0x00000144	1	0	0	0	14743D90	2560	1440	X8R8G8B8	0	0	1	0	1	0	0	1	477	0	0
2026-06-02 17:55:59.501	ui_candidate	0x00000001	DrawPrimitive	1570	6	2	0	15CF9AE8	0x4BEC435505B4E53F	64	32	A8R8G8B8	7	0x00000000	1	0x00000144	1	0	0	0	14743D90	2560	1440	X8R8G8B8	0	0	1	0	1	0	0	1	478	0	0
2026-06-02 17:55:59.501	ui_candidate	0x00000001	DrawPrimitive	1571	6	2	0	15CF9BC8	0x9C9B8901AA629BF0	64	64	DXT1	7	0x00000000	1	0x00000144	1	0	0	0	14743D90	2560	1440	X8R8G8B8	0	0	1	0	1	0	0	1	479	0	0
2026-06-02 17:55:59.502	ui_candidate	0x00000001	DrawPrimitive	1572	6	2	0	15CF9E68	0x1BFE9CEC32D0CF00	64	64	A8R8G8B8	7	0x00000000	1	0x00000144	1	0	0	0	14743D90	2560	1440	X8R8G8B8	0	0	1	0	1	0	0	1	480	0	0
2026-06-02 17:55:59.502	ui_candidate	0x00000001	DrawPrimitive	1573	6	2	0	15CF9F48	0x1F8792A2CE775120	64	64	A8R8G8B8	7	0x00000000	1	0x00000144	1	0	0	0	14743D90	2560	1440	X8R8G8B8	0	0	1	0	1	0	0	1	481	0	0
2026-06-02 17:55:59.503	ui_candidate	0x00000001	DrawPrimitive	1574	6	2	0	15CFA028	0x07A936A0C98CE855	32	32	A8R8G8B8	6	0x00000000	1	0x00000144	1	0	0	0	14743D90	2560	1440	X8R8G8B8	0	0	1	0	1	0	0	1	482	0	0
2026-06-02 17:55:59.503	ui_candidate	0x00000001	DrawPrimitive	1575	6	2	0	15CFB988	0xDF78335DC82F7E76	32	32	A8R8G8B8	6	0x00000000	1	0x00000144	1	0	0	0	14743D90	2560	1440	X8R8G8B8	0	0	1	0	1	0	0	1	483	0	0
2026-06-02 17:55:59.504	ui_candidate	0x00000001	DrawPrimitive	1576	6	2	0	15CFB528	0xE28C0B81E9461228	16	16	A8R8G8B8	5	0x00000000	1	0x00000144	1	0	0	0	14743D90	2560	1440	X8R8G8B8	0	0	1	0	1	0	0	1	484	0	0
2026-06-02 17:55:59.504	ui_candidate	0x00000001	DrawPrimitive	1577	6	2	0	15CFBD08	0x7EC37703E3897CB6	16	16	A8R8G8B8	5	0x00000000	1	0x00000144	1	0	0	0	14743D90	2560	1440	X8R8G8B8	0	0	1	0	1	0	0	1	485	0	0
2026-06-02 17:55:59.505	ui_candidate	0x00000001	DrawPrimitive	1578	6	2	0	15CFB608	0xD7BFDD19EC4B833E	32	32	A8R8G8B8	6	0x00000000	1	0x00000144	1	0	0	0	14743D90	2560	1440	X8R8G8B8	0	0	1	0	1	0	0	1	486	0	0
2026-06-02 17:55:59.506	ui_candidate	0x00000001	DrawPrimitive	1579	6	2	0	15CFBDE8	0xD54ADE57003C194E	32	32	A8R8G8B8	6	0x00000000	1	0x00000144	1	0	0	0	14743D90	2560	1440	X8R8G8B8	0	0	1	0	1	0	0	1	487	0	0
2026-06-02 17:55:59.506	ui_candidate	0x00000001	DrawPrimitive	1580	6	2	0	15CFB6E8	0xDB9C8079D662FFD2	64	64	DXT1	7	0x00000000	1	0x00000144	1	0	0	0	14743D90	2560	1440	X8R8G8B8	0	0	1	0	1	0	0	1	488	0	0
2026-06-02 17:55:59.507	ui_candidate	0x00000001	DrawPrimitive	1581	6	2	0	15CFBC28	0x99BFBF9942FAD120	64	64	A8R8G8B8	7	0x00000000	1	0x00000144	1	0	0	0	14743D90	2560	1440	X8R8G8B8	0	0	1	0	1	0	0	1	489	0	0
2026-06-02 17:55:59.507	ui_candidate	0x00000001	DrawPrimitive	1582	6	2	0	15CFAFE8	0xD500F110B16269EA	32	32	A8R8G8B8	6	0x00000000	1	0x00000144	1	0	0	0	14743D90	2560	1440	X8R8G8B8	0	0	1	0	1	0	0	1	490	0	0
2026-06-02 17:55:59.507	ui_candidate	0x00000001	DrawPrimitive	1583	6	2	0	15CFB368	0xBF0264DE28BE9266	64	64	A8R8G8B8	7	0x00000000	1	0x00000144	1	0	0	0	14743D90	2560	1440	X8R8G8B8	0	0	1	0	1	0	0	1	491	0	0
2026-06-02 17:55:59.508	ui_candidate	0x00000001	DrawPrimitive	1584	6	2	0	15CFB0C8	0x99C7ECD9CAF77AE9	64	64	A8R8G8B8	7	0x00000000	1	0x00000144	1	0	0	0	14743D90	2560	1440	X8R8G8B8	0	0	1	0	1	0	0	1	492	0	0
2026-06-02 17:55:59.508	ui_candidate	0x00000001	DrawPrimitive	1585	6	2	0	15CFAD48	0xA9816E64F119B778	32	16	A8R8G8B8	6	0x00000000	1	0x00000144	1	0	0	0	14743D90	2560	1440	X8R8G8B8	0	0	1	0	1	0	0	1	493	0	0
2026-06-02 17:55:59.508	ui_candidate	0x00000001	DrawPrimitive	1586	6	2	0	15CFAE28	0x1428DAA91F18AAD3	32	16	A8R8G8B8	6	0x00000000	1	0x00000144	1	0	0	0	14743D90	2560	1440	X8R8G8B8	0	0	1	0	1	0	0	1	494	0	0
2026-06-02 17:55:59.509	ui_candidate	0x00000001	DrawPrimitive	1587	6	2	0	15CFAF08	0xDBC3166B57E936A7	32	16	A8R8G8B8	6	0x00000000	1	0x00000144	1	0	0	0	14743D90	2560	1440	X8R8G8B8	0	0	1	0	1	0	0	1	495	0	0
2026-06-02 17:55:59.510	ui_candidate	0x00000001	DrawPrimitive	1588	6	2	0	15CFBA68	0x80D2C56927FC5032	32	32	A8R8G8B8	6	0x00000000	1	0x00000144	1	0	0	0	14743D90	2560	1440	X8R8G8B8	0	0	1	0	1	0	0	1	496	0	0
2026-06-02 17:55:59.510	ui_candidate	0x00000001	DrawPrimitive	1589	6	2	0	15CFBFA8	0x0E7EE3CA0F6F5781	128	128	DXT1	8	0x00000000	1	0x00000144	1	0	0	0	14743D90	2560	1440	X8R8G8B8	0	0	1	0	1	0	0	1	497	0	0
2026-06-02 17:55:59.511	ui_candidate	0x00000001	DrawPrimitive	1590	6	2	0	15CFBEC8	0x7D55F3241F234B8A	64	32	A8R8G8B8	7	0x00000000	1	0x00000144	1	0	0	0	14743D90	2560	1440	X8R8G8B8	0	0	1	0	1	0	0	1	498	0	0
2026-06-02 17:55:59.511	ui_candidate	0x00000001	DrawPrimitive	1591	6	2	0	15CFB1A8	0xF0D93620D08CF641	64	32	A8R8G8B8	7	0x00000000	1	0x00000144	1	0	0	0	14743D90	2560	1440	X8R8G8B8	0	0	1	0	1	0	0	1	499	0	0
2026-06-02 17:55:59.512	ui_candidate	0x00000001	DrawPrimitive	1592	6	2	0	15CFA648	0xA6A7A5B672B17CBF	64	64	A8R8G8B8	7	0x00000000	1	0x00000144	1	0	0	0	14743D90	2560	1440	X8R8G8B8	0	0	1	0	1	0	0	1	500	0	0
2026-06-02 17:55:59.512	ui_candidate	0x00000001	DrawPrimitive	1593	6	2	0	15CFA488	0x10D6BFE465904E58	32	16	DXT1	6	0x00000000	1	0x00000144	1	0	0	0	14743D90	2560	1440	X8R8G8B8	0	0	1	0	1	0	0	1	501	0	0
2026-06-02 17:55:59.513	ui_candidate	0x00000001	DrawPrimitive	1594	6	2	0	15CFA808	0xA34945B91232CA65	128	32	A8R8G8B8	8	0x00000000	1	0x00000144	1	0	0	0	14743D90	2560	1440	X8R8G8B8	0	0	1	0	1	0	0	1	502	0	0
2026-06-02 17:55:59.513	ui_candidate	0x00000001	DrawPrimitive	1595	6	2	0	15CFB7C8	0x038AFE617061CEF3	64	32	DXT1	7	0x00000000	1	0x00000144	1	0	0	0	14743D90	2560	1440	X8R8G8B8	0	0	1	0	1	0	0	1	503	0	0
2026-06-02 17:55:59.514	ui_candidate	0x00000001	DrawPrimitive	1596	6	2	0	15CFB8A8	0xDA2359C2DAAC50B0	64	32	A8R8G8B8	7	0x00000000	1	0x00000144	1	0	0	0	14743D90	2560	1440	X8R8G8B8	0	0	1	0	1	0	0	1	504	0	0
2026-06-02 17:55:59.514	ui_candidate	0x00000001	DrawPrimitive	1597	6	2	0	15CFB288	0xFBB4010520479CB2	64	32	A8R8G8B8	7	0x00000000	1	0x00000144	1	0	0	0	14743D90	2560	1440	X8R8G8B8	0	0	1	0	1	0	0	1	505	0	0
2026-06-02 17:55:59.515	ui_candidate	0x00000001	DrawPrimitive	1598	6	2	0	15CFA568	0x8F6C1B64472EFA5B	32	32	DXT1	6	0x00000000	1	0x00000144	1	0	0	0	14743D90	2560	1440	X8R8G8B8	0	0	1	0	1	0	0	1	506	0	0
2026-06-02 17:55:59.515	ui_candidate	0x00000001	DrawPrimitive	1599	6	2	0	15CFA728	0xA057271C9071C99D	8	8	DXT1	4	0x00000000	1	0x00000144	1	0	0	0	14743D90	2560	1440	X8R8G8B8	0	0	1	0	1	0	0	1	507	0	0
2026-06-02 17:55:59.516	ui_candidate	0x00000001	DrawPrimitive	1600	6	2	0	15CFA8E8	0x4B3D266661B7F9A8	128	128	DXT1	8	0x00000000	1	0x00000144	1	0	0	0	14743D90	2560	1440	X8R8G8B8	0	0	1	0	1	0	0	1	508	0	0
2026-06-02 17:55:59.516	ui_candidate	0x00000001	DrawPrimitive	1601	6	2	0	15CFA9C8	0x37A4DBA38F12C3B6	64	64	A8R8G8B8	7	0x00000000	1	0x00000144	1	0	0	0	14743D90	2560	1440	X8R8G8B8	0	0	1	0	1	0	0	1	509	0	0
2026-06-02 17:55:59.516	ui_candidate	0x00000001	DrawPrimitive	1602	6	2	0	15CFAC68	0xD492BBE2DA2B798D	64	64	A8R8G8B8	7	0x00000000	1	0x00000144	1	0	0	0	14743D90	2560	1440	X8R8G8B8	0	0	1	0	1	0	0	1	510	0	0
2026-06-02 17:55:59.517	ui_candidate	0x00000001	DrawPrimitive	1603	6	2	0	15CFAAA8	0xF841DBF78174C75A	64	64	A8R8G8B8	7	0x00000000	1	0x00000144	1	0	0	0	14743D90	2560	1440	X8R8G8B8	0	0	1	0	1	0	0	1	511	0	0
2026-06-02 17:55:59.517	ui_candidate	0x00000001	DrawPrimitive	1604	6	2	0	15CFBB48	0x48B6DE102ECDF288	128	128	DXT1	8	0x00000000	1	0x00000144	1	0	0	0	14743D90	2560	1440	X8R8G8B8	0	0	1	0	1	0	0	1	512	0	0
2026-06-02 17:55:59.518	ui_candidate	0x00000001	DrawPrimitive	1605	6	2	0	15CFB448	0xAB709C370FB908DB	128	128	DXT1	8	0x00000000	1	0x00000144	1	0	0	0	14743D90	2560	1440	X8R8G8B8	0	0	1	0	1	0	0	1	513	0	0
2026-06-02 17:55:59.518	ui_candidate	0x00000001	DrawPrimitive	1606	6	2	0	15CFAB88	0xDF234531436E302B	64	64	DXT1	7	0x00000000	1	0x00000144	1	0	0	0	14743D90	2560	1440	X8R8G8B8	0	0	1	0	1	0	0	1	514	0	0
2026-06-02 17:55:59.518	ui_candidate	0x00000001	DrawPrimitive	1607	6	2	0	15CFC788	0x0BE552535E0AB7D0	64	64	DXT1	7	0x00000000	1	0x00000144	1	0	0	0	14743D90	2560	1440	X8R8G8B8	0	0	1	0	1	0	0	1	515	0	0
2026-06-02 17:55:59.518	ui_candidate	0x00000001	DrawPrimitive	1608	6	2	0	15CFCF68	0xAFCFF6284D6D4BB2	64	32	A8R8G8B8	7	0x00000000	1	0x00000144	1	0	0	0	14743D90	2560	1440	X8R8G8B8	0	0	1	0	1	0	0	1	516	0	0
2026-06-02 17:55:59.519	ui_candidate	0x00000001	DrawPrimitive	1609	6	2	0	15CFCBE8	0xAB4A4D53A9C99C7C	64	32	A8R8G8B8	7	0x00000000	1	0x00000144	1	0	0	0	14743D90	2560	1440	X8R8G8B8	0	0	1	0	1	0	0	1	517	0	0
2026-06-02 17:55:59.519	ui_candidate	0x00000001	DrawPrimitive	1610	6	2	0	15CFC868	0x315EB5C94547CCDC	64	32	A8R8G8B8	7	0x00000000	1	0x00000144	1	0	0	0	14743D90	2560	1440	X8R8G8B8	0	0	1	0	1	0	0	1	518	0	0
2026-06-02 17:55:59.519	ui_candidate	0x00000001	DrawPrimitive	1611	6	2	0	15CFC6A8	0xAB15C3BF5CDE16EB	64	32	A8R8G8B8	7	0x00000000	1	0x00000144	1	0	0	0	14743D90	2560	1440	X8R8G8B8	0	0	1	0	1	0	0	1	519	0	0
2026-06-02 17:55:59.520	ui_candidate	0x00000001	DrawPrimitive	1612	6	2	0	15CFC168	0x7D2810F81A59BA0D	64	32	A8R8G8B8	7	0x00000000	1	0x00000144	1	0	0	0	14743D90	2560	1440	X8R8G8B8	0	0	1	0	1	0	0	1	520	0	0
2026-06-02 17:55:59.520	ui_candidate	0x00000001	DrawPrimitive	1613	6	2	0	15CFC248	0x0B55A4154FF18A48	64	32	A8R8G8B8	7	0x00000000	1	0x00000144	1	0	0	0	14743D90	2560	1440	X8R8G8B8	0	0	1	0	1	0	0	1	521	0	0
2026-06-02 17:55:59.521	ui_candidate	0x00000001	DrawPrimitive	1614	6	2	0	15CFC4E8	0xEBEEC6C9D4295928	64	32	A8R8G8B8	7	0x00000000	1	0x00000144	1	0	0	0	14743D90	2560	1440	X8R8G8B8	0	0	1	0	1	0	0	1	522	0	0
2026-06-02 17:55:59.521	ui_candidate	0x00000001	DrawPrimitive	1615	6	2	0	15CFCA28	0xA74801B6372E2737	64	32	A8R8G8B8	7	0x00000000	1	0x00000144	1	0	0	0	14743D90	2560	1440	X8R8G8B8	0	0	1	0	1	0	0	1	523	0	0
2026-06-02 17:55:59.521	ui_candidate	0x00000001	DrawPrimitive	1616	6	2	0	15CFCCC8	0xDA799E5DD2735461	32	32	A8R8G8B8	6	0x00000000	1	0x00000144	1	0	0	0	14743D90	2560	1440	X8R8G8B8	0	0	1	0	1	0	0	1	524	0	0
2026-06-02 17:55:59.521	ui_candidate	0x00000001	DrawPrimitive	1617	6	2	0	15CFC328	0x74FA6AE1380D9D6B	32	32	A8R8G8B8	6	0x00000000	1	0x00000144	1	0	0	0	14743D90	2560	1440	X8R8G8B8	0	0	1	0	1	0	0	1	525	0	0
2026-06-02 17:55:59.522	ui_candidate	0x00000001	DrawPrimitive	1618	6	2	0	15CFCB08	0x1D7CAB794B1B2AC2	32	32	A8R8G8B8	6	0x00000000	1	0x00000144	1	0	0	0	14743D90	2560	1440	X8R8G8B8	0	0	1	0	1	0	0	1	526	0	0
2026-06-02 17:55:59.522	ui_candidate	0x00000001	DrawPrimitive	1619	6	2	0	15CFCDA8	0xA95F834D4756E56D	32	32	A8R8G8B8	6	0x00000000	1	0x00000144	1	0	0	0	14743D90	2560	1440	X8R8G8B8	0	0	1	0	1	0	0	1	527	0	0
2026-06-02 17:55:59.522	ui_candidate	0x00000001	DrawPrimitive	1620	6	2	0	15CFCE88	0x69FF6D1984527053	128	128	DXT1	8	0x00000000	1	0x00000144	1	0	0	0	14743D90	2560	1440	X8R8G8B8	0	0	1	0	1	0	0	1	528	0	0
2026-06-02 17:55:59.523	ui_candidate	0x00000001	DrawPrimitive	1621	6	2	0	15CFC088	0x6842A3653B0F85E8	32	32	DXT1	6	0x00000000	1	0x00000144	1	0	0	0	14743D90	2560	1440	X8R8G8B8	0	0	1	0	1	0	0	1	529	0	0
2026-06-02 17:55:59.523	ui_candidate	0x00000001	DrawPrimitive	1622	6	2	0	15CFC408	0xF47C8AD8C017C530	32	32	DXT1	6	0x00000000	1	0x00000144	1	0	0	0	14743D90	2560	1440	X8R8G8B8	0	0	1	0	1	0	0	1	530	0	0
2026-06-02 17:55:59.523	ui_candidate	0x00000001	DrawPrimitive	1623	6	2	0	15CFC5C8	0x3F6C008F32FE3D33	16	16	DXT1	5	0x00000000	1	0x00000144	1	0	0	0	14743D90	2560	1440	X8R8G8B8	0	0	1	0	1	0	0	1	531	0	0
2026-06-02 17:55:59.524	video_candidate	0x00000002	DrawPrimitive	1624	6	2	0	15CFC948	0x6AC6C7AE4BEFB2B8	512	512	A8R8G8B8	1	0x00000000	1	0x00000144	1	0	0	0	14743D90	2560	1440	X8R8G8B8	0	0	1	0	1	0	0	1	532	0	0
2026-06-02 17:55:59.525	video_candidate	0x00000002	DrawPrimitive	1625	6	2	0	15CF5328	0x6AC6C7AE4BEFB2B8	512	512	A8R8G8B8	1	0x00000000	1	0x00000144	1	0	0	0	14743D90	2560	1440	X8R8G8B8	0	0	1	0	1	0	0	1	533	0	0
2026-06-02 17:55:59.525	ui_candidate	0x00000001	DrawPrimitive	1626	6	2	0	15CF6748	0x6D903948AD06648A	512	32	A8R8G8B8	1	0x00000000	1	0x00000144	1	0	0	0	14743D90	2560	1440	X8R8G8B8	0	0	1	0	1	0	0	1	534	0	0
2026-06-02 17:55:59.526	ui_candidate	0x00000001	DrawPrimitive	1627	6	2	0	15CF5088	0xD84E0241FB4E93F6	1024	128	A8R8G8B8	1	0x00000000	1	0x00000144	1	0	0	0	14743D90	2560	1440	X8R8G8B8	0	0	1	0	1	0	0	1	535	0	0
2026-06-02 17:55:59.526	ui_candidate	0x00000001	DrawPrimitive	1628	6	2	0	15CF6908	0x2B4816BD87376AA3	1024	128	A8R8G8B8	1	0x00000000	1	0x00000144	1	0	0	0	14743D90	2560	1440	X8R8G8B8	0	0	1	0	1	0	0	1	536	0	0
2026-06-02 17:55:59.527	ui_candidate	0x00000001	DrawPrimitive	1629	6	2	0	15CF5B08	0xF8A7EB3A1A6FE3FB	512	512	DXT1	10	0x00000000	1	0x00000144	1	0	0	0	14743D90	2560	1440	X8R8G8B8	0	0	1	0	1	0	0	1	537	0	0
2026-06-02 17:55:59.527	ui_candidate	0x00000001	DrawPrimitive	1630	6	2	0	15CF63C8	0xDDF1BE54CD1936C8	128	128	DXT1	8	0x00000000	1	0x00000144	1	0	0	0	14743D90	2560	1440	X8R8G8B8	0	0	1	0	1	0	0	1	538	0	0
2026-06-02 17:55:59.528	ui_candidate	0x00000001	DrawPrimitive	1631	6	2	0	15CF5248	0x98BC8203A806B55D	128	128	DXT1	8	0x00000000	1	0x00000144	1	0	0	0	14743D90	2560	1440	X8R8G8B8	0	0	1	0	1	0	0	1	539	0	0
2026-06-02 17:55:59.528	ui_candidate	0x00000001	DrawPrimitive	1632	6	2	0	15CF6828	0xDF12A2DCB829B60D	128	128	DXT1	8	0x00000000	1	0x00000144	1	0	0	0	14743D90	2560	1440	X8R8G8B8	0	0	1	0	1	0	0	1	540	0	0
2026-06-02 17:55:59.528	ui_candidate	0x00000001	DrawPrimitive	1633	6	2	0	15CF5DA8	0x38F01A3A44A105E4	128	128	DXT1	8	0x00000000	1	0x00000144	1	0	0	0	14743D90	2560	1440	X8R8G8B8	0	0	1	0	1	0	0	1	541	0	0
2026-06-02 17:55:59.529	ui_candidate	0x00000001	DrawPrimitive	1634	6	2	0	15CF69E8	0x3B3C8BFC46BDDD15	128	128	DXT1	8	0x00000000	1	0x00000144	1	0	0	0	14743D90	2560	1440	X8R8G8B8	0	0	1	0	1	0	0	1	542	0	0
2026-06-02 17:55:59.530	ui_candidate	0x00000001	DrawPrimitive	1636	6	2	0	14765020	0x134BBC2F13DF8B83	256	256	A8R8G8B8	1	0x00000000	1	0x00000144	1	0	0	0	14743D90	2560	1440	X8R8G8B8	0	0	1	0	1	0	0	1	544	0	0
2026-06-02 17:55:59.533	world_candidate	0x00000020	DrawIndexedPrimitive	1	5	4	4	15CF5248	0x98BC8203A806B55D	128	128	DXT1	8	0x00000000	1	0x00000112	0	0	0	0	14743D90	2560	1440	X8R8G8B8	0	0	0	0	0	0	0	0	1	0	1
2026-06-02 17:55:59.534	world_candidate	0x00000020	DrawIndexedPrimitive	2	5	4	4	15CF6828	0xDF12A2DCB829B60D	128	128	DXT1	8	0x00000000	1	0x00000112	0	0	0	0	14743D90	2560	1440	X8R8G8B8	0	0	0	0	0	0	0	0	2	0	1
2026-06-02 17:55:59.535	world_candidate	0x00000020	DrawIndexedPrimitive	4	5	4	4	15CF5DA8	0x38F01A3A44A105E4	128	128	DXT1	8	0x00000000	1	0x00000112	0	0	0	0	14743D90	2560	1440	X8R8G8B8	0	0	0	0	0	0	0	0	4	0	1
2026-06-02 17:55:59.535	world_candidate	0x00000020	DrawIndexedPrimitive	5	5	4	4	15CF69E8	0x3B3C8BFC46BDDD15	128	128	DXT1	8	0x00000000	1	0x00000112	0	0	0	0	14743D90	2560	1440	X8R8G8B8	0	0	0	0	0	0	0	0	5	0	1
2026-06-02 17:55:59.536	world_candidate	0x00000020	DrawIndexedPrimitive	6	5	204	119	15CFCE88	0x69FF6D1984527053	128	128	DXT1	8	0x00000000	1	0x00000112	0	0	0	0	14743D90	2560	1440	X8R8G8B8	0	1	1	0	0	1	0	0	6	0	1
2026-06-02 17:55:59.537	world_candidate	0x00000020	DrawIndexedPrimitive	7	5	848	365	1585BD80	0x4FCFF50F079CC5BE	128	256	DXT1	9	0x00000000	1	0x00000112	0	0	0	0	14743D90	2560	1440	X8R8G8B8	0	1	1	0	0	1	0	0	7	0	1
2026-06-02 17:55:59.537	world_candidate	0x00000020	DrawIndexedPrimitive	8	5	152	80	1585B680	0x33243ED2ED63199C	128	64	DXT1	8	0x00000000	1	0x00000112	0	0	0	0	14743D90	2560	1440	X8R8G8B8	0	1	1	0	0	1	0	0	8	0	1
2026-06-02 17:55:59.538	world_candidate	0x00000020	DrawIndexedPrimitive	9	5	746	301	1585C720	0x19504D3328A86698	128	256	DXT1	9	0x00000000	1	0x00000112	0	0	0	0	14743D90	2560	1440	X8R8G8B8	0	1	1	0	0	1	0	0	9	0	1
2026-06-02 17:55:59.538	world_candidate	0x00000020	DrawIndexedPrimitive	10	5	1599	617	1585BE60	0xB1B9E0AEE2AB93A7	128	256	DXT1	9	0x00000000	1	0x00000112	0	0	0	0	14743D90	2560	1440	X8R8G8B8	0	1	1	0	0	1	0	0	10	0	1
2026-06-02 17:55:59.539	effect_candidate	0x00000010	DrawPrimitive	1637	4	16	0	1571FCA8	0x708EA5C4698AD3B4	128	128	A8R8G8B8	8	0x00000000	1	0x00000142	0	0	0	0	14743D90	2560	1440	X8R8G8B8	0	1	0	1	1	0	0	1	14	0	1
2026-06-02 17:55:59.540	effect_candidate	0x00000010	DrawPrimitive	1638	4	20	0	1571F928	0x10364FA255BE4BC7	128	128	A8R8G8B8	8	0x00000000	1	0x00000142	0	0	0	0	14743D90	2560	1440	X8R8G8B8	0	1	0	1	1	0	0	1	15	0	1
2026-06-02 17:55:59.540	effect_candidate	0x00000010	DrawPrimitive	1639	4	20	0	1571F848	0x1B1E4B3D9380FC5D	128	128	A8R8G8B8	8	0x00000000	1	0x00000142	0	0	0	0	14743D90	2560	1440	X8R8G8B8	0	1	0	1	1	0	0	1	16	0	1
2026-06-02 17:55:59.540	effect_candidate	0x00000010	DrawPrimitive	1641	4	10	0	1571FD88	0xDC909C4EC4ED7827	128	128	A8R8G8B8	8	0x00000000	1	0x00000142	0	0	0	0	14743D90	2560	1440	X8R8G8B8	0	1	0	1	1	0	0	1	18	0	1
2026-06-02 17:55:59.540	effect_candidate	0x00000010	DrawPrimitive	1642	4	20	0	1571FBC8	0xCC1ADB58FB7508DB	64	128	A8R8G8B8	8	0x00000000	1	0x00000142	0	0	0	0	14743D90	2560	1440	X8R8G8B8	0	1	0	1	1	0	0	1	19	0	1
2026-06-02 17:55:59.541	effect_candidate	0x00000010	DrawPrimitive	1643	4	20	0	1571FAE8	0x7E2BB1C9A6A67C34	128	128	A8R8G8B8	8	0x00000000	1	0x00000142	0	0	0	0	14743D90	2560	1440	X8R8G8B8	0	1	0	1	1	0	0	1	20	0	1
2026-06-02 17:55:59.541	effect_candidate	0x00000010	DrawPrimitive	1644	4	20	0	1571DE08	0x98F15734C6C3F0A3	128	128	A8R8G8B8	8	0x00000000	1	0x00000142	0	0	0	0	14743D90	2560	1440	X8R8G8B8	0	1	0	1	1	0	0	1	21	0	1
2026-06-02 17:55:59.541	effect_candidate	0x00000010	DrawPrimitive	1645	4	16	0	1571C4A8	0x49002C6EB6BFC77A	16	16	A8R8G8B8	5	0x00000000	1	0x00000142	0	0	0	0	14743D90	2560	1440	X8R8G8B8	0	1	0	1	1	0	0	1	22	0	1
2026-06-02 17:55:59.541	effect_candidate	0x00000010	DrawPrimitive	1646	4	16	0	1571BF68	0xEE97E2A99003CA8B	16	16	A8R8G8B8	5	0x00000000	1	0x00000142	0	0	0	0	14743D90	2560	1440	X8R8G8B8	0	1	0	1	1	0	0	1	23	0	1
2026-06-02 17:55:59.542	effect_candidate	0x00000010	DrawPrimitive	1647	4	16	0	1571D7E8	0x1C122696C2B7D850	16	16	A8R8G8B8	5	0x00000000	1	0x00000142	0	0	0	0	14743D90	2560	1440	X8R8G8B8	0	1	0	1	1	0	0	1	24	0	1
2026-06-02 17:55:59.542	effect_candidate	0x00000010	DrawPrimitive	1648	4	16	0	1571C9E8	0xC75EC5277D618DCC	16	16	A8R8G8B8	5	0x00000000	1	0x00000142	0	0	0	0	14743D90	2560	1440	X8R8G8B8	0	1	0	1	1	0	0	1	25	0	1
2026-06-02 17:55:59.542	effect_candidate	0x00000010	DrawPrimitive	1649	4	12	0	1571C128	0xCFB04ABDD8BE0EE8	16	16	A8R8G8B8	5	0x00000000	1	0x00000142	0	0	0	0	14743D90	2560	1440	X8R8G8B8	0	1	0	1	1	0	0	1	26	0	1
2026-06-02 17:55:59.542	effect_candidate	0x00000010	DrawPrimitive	1650	4	12	0	1571DA88	0x52C17A57AF0EA316	16	16	A8R8G8B8	5	0x00000000	1	0x00000142	0	0	0	0	14743D90	2560	1440	X8R8G8B8	0	1	0	1	1	0	0	1	27	0	1
2026-06-02 17:55:59.542	effect_candidate	0x00000010	DrawPrimitive	1651	4	12	0	1571C3C8	0x0DD5EB45A1DB5A09	16	16	A8R8G8B8	5	0x00000000	1	0x00000142	0	0	0	0	14743D90	2560	1440	X8R8G8B8	0	1	0	1	1	0	0	1	28	0	1
2026-06-02 17:55:59.543	effect_candidate	0x00000010	DrawPrimitive	1652	4	12	0	1571C2E8	0xA5CC9F61F5C7F182	16	16	A8R8G8B8	5	0x00000000	1	0x00000142	0	0	0	0	14743D90	2560	1440	X8R8G8B8	0	1	0	1	1	0	0	1	29	0	1
2026-06-02 17:55:59.543	effect_candidate	0x00000010	DrawPrimitive	1653	4	20	0	1571C048	0x82BE5FD08FAFDFAE	16	16	A8R8G8B8	5	0x00000000	1	0x00000142	0	0	0	0	14743D90	2560	1440	X8R8G8B8	0	1	0	1	1	0	0	1	30	0	1
2026-06-02 17:55:59.544	effect_candidate	0x00000010	DrawPrimitive	1654	4	20	0	1571CE48	0xD06D698DF12939D0	16	16	A8R8G8B8	5	0x00000000	1	0x00000142	0	0	0	0	14743D90	2560	1440	X8R8G8B8	0	1	0	1	1	0	0	1	31	0	1
2026-06-02 17:55:59.544	effect_candidate	0x00000010	DrawPrimitive	1655	4	20	0	1571CD68	0x4E7CBD9D21FE04D0	16	16	A8R8G8B8	5	0x00000000	1	0x00000142	0	0	0	0	14743D90	2560	1440	X8R8G8B8	0	1	0	1	1	0	0	1	32	0	1
2026-06-02 17:55:59.544	effect_candidate	0x00000010	DrawPrimitive	1656	4	20	0	1571C588	0xB02476DF9E3B053D	16	16	A8R8G8B8	5	0x00000000	1	0x00000142	0	0	0	0	14743D90	2560	1440	X8R8G8B8	0	1	0	1	1	0	0	1	33	0	1
2026-06-02 17:55:59.545	effect_candidate	0x00000010	DrawPrimitive	1657	4	25	0	1571F768	0x29DF06B222B1A97C	32	32	A8R8G8B8	6	0x00000000	1	0x00000142	0	0	0	0	14743D90	2560	1440	X8R8G8B8	0	1	0	1	1	0	0	1	34	0	1
2026-06-02 17:55:59.545	effect_candidate	0x00000010	DrawPrimitive	1666	4	30	0	15CF8968	0xB8D519512896A3A5	64	64	A8R8G8B8	7	0x00000000	1	0x00000142	0	0	0	0	14743D90	2560	1440	X8R8G8B8	0	1	0	1	1	0	0	1	43	0	1
2026-06-02 17:55:59.545	effect_candidate	0x00000010	DrawIndexedPrimitive	14	5	144	69	15CFCDA8	0xA95F834D4756E56D	32	32	A8R8G8B8	6	0x00000000	1	0x00000112	0	0	0	0	14743D90	2560	1440	X8R8G8B8	0	1	0	1	1	0	0	1	44	0	1
2026-06-02 17:56:04.906	effect_candidate	0x00000010	DrawIndexedPrimitive	4489	5	169	77	15CFCA28	0xA74801B6372E2737	64	32	A8R8G8B8	7	0x00000000	1	0x00000112	0	0	0	0	14743D90	2560	1440	X8R8G8B8	0	1	0	1	1	0	0	1	39	0	1
2026-06-02 17:56:06.242	hud_candidate	0x00000008	DrawPrimitive	25872	6	2	0	159974C0	0xA944F7B1E842A1F2	32	32	A8R8G8B8	6	0x00000000	1	0x00000144	1	0	0	0	14743D90	2560	1440	X8R8G8B8	0	0	1	1	1	0	0	1	49	0	1
2026-06-02 17:56:06.261	ui_candidate	0x00000001	DrawPrimitive	25940	6	2	0	16829740	0x127CCE1FDBA324CD	1024	1024	DXT1	1	0x00000000	1	0x00000144	1	0	0	0	14743D90	2560	1440	X8R8G8B8	0	0	1	1	1	0	0	1	2	0	0
2026-06-02 17:56:06.466	ui_candidate	0x00000001	DrawPrimitive	25969	6	2	0	18365B60	0x4A522DA07798B083	64	64	DXT1	7	0x00000000	1	0x00000144	1	0	0	0	14743D90	2560	1440	X8R8G8B8	0	0	1	0	1	0	0	1	7	0	0
2026-06-02 17:56:06.466	ui_candidate	0x00000001	DrawPrimitive	25970	6	2	0	18364F20	0xE4102D7F9683F8B2	128	64	DXT1	8	0x00000000	1	0x00000144	1	0	0	0	14743D90	2560	1440	X8R8G8B8	0	0	1	0	1	0	0	1	8	0	0
2026-06-02 17:56:06.467	ui_candidate	0x00000001	DrawPrimitive	25971	6	2	0	183658C0	0xA26791013CF652B3	128	128	DXT1	8	0x00000000	1	0x00000144	1	0	0	0	14743D90	2560	1440	X8R8G8B8	0	0	1	0	1	0	0	1	9	0	0
2026-06-02 17:56:06.467	ui_candidate	0x00000001	DrawPrimitive	25972	6	2	0	18366500	0x1D38397E818D3647	128	128	DXT1	8	0x00000000	1	0x00000144	1	0	0	0	14743D90	2560	1440	X8R8G8B8	0	0	1	0	1	0	0	1	10	0	0
2026-06-02 17:56:06.468	ui_candidate	0x00000001	DrawPrimitive	25973	6	2	0	18365FC0	0x0195C90A88E5DCC6	128	128	DXT1	8	0x00000000	1	0x00000144	1	0	0	0	14743D90	2560	1440	X8R8G8B8	0	0	1	0	1	0	0	1	11	0	0
2026-06-02 17:56:06.468	ui_candidate	0x00000001	DrawPrimitive	25974	6	2	0	18365380	0xD318F6C0D9D4FFE1	128	128	DXT1	8	0x00000000	1	0x00000144	1	0	0	0	14743D90	2560	1440	X8R8G8B8	0	0	1	0	1	0	0	1	12	0	0
2026-06-02 17:56:06.468	ui_candidate	0x00000001	DrawPrimitive	25975	6	2	0	183667A0	0x7BCC83C7732D2ADF	128	128	DXT1	8	0x00000000	1	0x00000144	1	0	0	0	14743D90	2560	1440	X8R8G8B8	0	0	1	0	1	0	0	1	13	0	0
2026-06-02 17:56:06.468	ui_candidate	0x00000001	DrawPrimitive	25976	6	2	0	183651C0	0x541BF0B8B5C89928	128	128	DXT1	8	0x00000000	1	0x00000144	1	0	0	0	14743D90	2560	1440	X8R8G8B8	0	0	1	0	1	0	0	1	14	0	0
2026-06-02 17:56:06.470	ui_candidate	0x00000001	DrawPrimitive	25977	6	2	0	18366180	0x2475AC23012F1DC1	128	128	DXT1	8	0x00000000	1	0x00000144	1	0	0	0	14743D90	2560	1440	X8R8G8B8	0	0	1	0	1	0	0	1	15	0	0
2026-06-02 17:56:06.470	ui_candidate	0x00000001	DrawPrimitive	25978	6	2	0	183660A0	0x1E824B00DA319A80	128	64	DXT1	8	0x00000000	1	0x00000144	1	0	0	0	14743D90	2560	1440	X8R8G8B8	0	0	1	0	1	0	0	1	16	0	0
2026-06-02 17:56:06.470	ui_candidate	0x00000001	DrawPrimitive	25979	6	2	0	183665E0	0x5F88E8A8B68D07BB	128	64	DXT1	8	0x00000000	1	0x00000144	1	0	0	0	14743D90	2560	1440	X8R8G8B8	0	0	1	0	1	0	0	1	17	0	0
2026-06-02 17:56:06.471	ui_candidate	0x00000001	DrawPrimitive	25980	6	2	0	183652A0	0xE7D0BB5D09646986	128	64	DXT1	8	0x00000000	1	0x00000144	1	0	0	0	14743D90	2560	1440	X8R8G8B8	0	0	1	0	1	0	0	1	18	0	0
2026-06-02 17:56:06.471	ui_candidate	0x00000001	DrawPrimitive	25981	6	2	0	183657E0	0x6A0083327B8CC2B7	128	64	DXT1	8	0x00000000	1	0x00000144	1	0	0	0	14743D90	2560	1440	X8R8G8B8	0	0	1	0	1	0	0	1	19	0	0
2026-06-02 17:56:06.471	ui_candidate	0x00000001	DrawPrimitive	25982	6	2	0	18365460	0x5A28C529CAEB3D83	128	64	DXT1	8	0x00000000	1	0x00000144	1	0	0	0	14743D90	2560	1440	X8R8G8B8	0	0	1	0	1	0	0	1	20	0	0
2026-06-02 17:56:06.472	ui_candidate	0x00000001	DrawPrimitive	25983	6	2	0	183659A0	0xCC5AC4DC15BDE0E1	128	64	DXT1	8	0x00000000	1	0x00000144	1	0	0	0	14743D90	2560	1440	X8R8G8B8	0	0	1	0	1	0	0	1	21	0	0
2026-06-02 17:56:06.472	ui_candidate	0x00000001	DrawPrimitive	25984	6	2	0	18365540	0x8C50C0125B6168F0	128	256	DXT1	9	0x00000000	1	0x00000144	1	0	0	0	14743D90	2560	1440	X8R8G8B8	0	0	1	0	1	0	0	1	22	0	0
2026-06-02 17:56:06.472	ui_candidate	0x00000001	DrawPrimitive	25985	6	2	0	18366260	0x10E03053B760C41C	64	128	DXT1	8	0x00000000	1	0x00000144	1	0	0	0	14743D90	2560	1440	X8R8G8B8	0	0	1	0	1	0	0	1	23	0	0
2026-06-02 17:56:06.472	ui_candidate	0x00000001	DrawPrimitive	25986	6	2	0	18365D20	0x9898233A30CDA71E	64	128	DXT1	8	0x00000000	1	0x00000144	1	0	0	0	14743D90	2560	1440	X8R8G8B8	0	0	1	0	1	0	0	1	24	0	0
2026-06-02 17:56:06.473	ui_candidate	0x00000001	DrawPrimitive	25987	6	2	0	18365620	0xEA82FFF05C34B642	128	256	DXT1	9	0x00000000	1	0x00000144	1	0	0	0	14743D90	2560	1440	X8R8G8B8	0	0	1	0	1	0	0	1	25	0	0
2026-06-02 17:56:06.473	ui_candidate	0x00000001	DrawPrimitive	25988	6	2	0	18365C40	0x27C0A0339520A09E	64	128	DXT1	8	0x00000000	1	0x00000144	1	0	0	0	14743D90	2560	1440	X8R8G8B8	0	0	1	0	1	0	0	1	26	0	0
2026-06-02 17:56:06.474	ui_candidate	0x00000001	DrawPrimitive	25989	6	2	0	183666C0	0x1900DDB2448EE438	64	128	DXT1	8	0x00000000	1	0x00000144	1	0	0	0	14743D90	2560	1440	X8R8G8B8	0	0	1	0	1	0	0	1	27	0	0
2026-06-02 17:56:06.474	ui_candidate	0x00000001	DrawPrimitive	25990	6	2	0	18366340	0xDC994E427C382E45	64	128	DXT1	8	0x00000000	1	0x00000144	1	0	0	0	14743D90	2560	1440	X8R8G8B8	0	0	1	0	1	0	0	1	28	0	0
2026-06-02 17:56:06.474	ui_candidate	0x00000001	DrawPrimitive	25991	6	2	0	18366420	0xB61DF925D65916BA	128	256	DXT1	9	0x00000000	1	0x00000144	1	0	0	0	14743D90	2560	1440	X8R8G8B8	0	0	1	0	1	0	0	1	29	0	0
2026-06-02 17:56:06.475	ui_candidate	0x00000001	DrawPrimitive	25992	6	2	0	18367300	0x6CD1799D4A83E831	64	128	DXT1	8	0x00000000	1	0x00000144	1	0	0	0	14743D90	2560	1440	X8R8G8B8	0	0	1	0	1	0	0	1	30	0	0
2026-06-02 17:56:06.475	ui_candidate	0x00000001	DrawPrimitive	25993	6	2	0	183682C0	0x9C477D0CDD0EEA8D	128	64	DXT1	8	0x00000000	1	0x00000144	1	0	0	0	14743D90	2560	1440	X8R8G8B8	0	0	1	0	1	0	0	1	31	0	0
2026-06-02 17:56:06.475	ui_candidate	0x00000001	DrawPrimitive	25994	6	2	0	18366880	0x9B9747B70FD5AD9B	128	64	DXT1	8	0x00000000	1	0x00000144	1	0	0	0	14743D90	2560	1440	X8R8G8B8	0	0	1	0	1	0	0	1	32	0	0
2026-06-02 17:56:06.476	ui_candidate	0x00000001	DrawPrimitive	25995	6	2	0	18366CE0	0xCCF24FA31FA60CEC	128	64	DXT1	8	0x00000000	1	0x00000144	1	0	0	0	14743D90	2560	1440	X8R8G8B8	0	0	1	0	1	0	0	1	33	0	0
2026-06-02 17:56:06.476	ui_candidate	0x00000001	DrawPrimitive	25996	6	2	0	18367220	0x71A20A89167C646C	64	32	DXT1	7	0x00000000	1	0x00000144	1	0	0	0	14743D90	2560	1440	X8R8G8B8	0	0	1	0	1	0	0	1	34	0	0
2026-06-02 17:56:06.476	ui_candidate	0x00000001	DrawPrimitive	25997	6	2	0	18367D80	0xD51946D1E38B2A53	128	128	DXT1	8	0x00000000	1	0x00000144	1	0	0	0	14743D90	2560	1440	X8R8G8B8	0	0	1	0	1	0	0	1	35	0	0
2026-06-02 17:56:06.477	ui_candidate	0x00000001	DrawPrimitive	25998	6	2	0	18367140	0x3A7E62221354D7BB	128	128	DXT1	8	0x00000000	1	0x00000144	1	0	0	0	14743D90	2560	1440	X8R8G8B8	0	0	1	0	1	0	0	1	36	0	0
2026-06-02 17:56:06.477	ui_candidate	0x00000001	DrawPrimitive	25999	6	2	0	18367E60	0xD60810D4AF83137B	128	128	DXT1	8	0x00000000	1	0x00000144	1	0	0	0	14743D90	2560	1440	X8R8G8B8	0	0	1	0	1	0	0	1	37	0	0
2026-06-02 17:56:06.477	ui_candidate	0x00000001	DrawPrimitive	26000	6	2	0	18366DC0	0xE2168C704437B2C4	128	128	DXT1	8	0x00000000	1	0x00000144	1	0	0	0	14743D90	2560	1440	X8R8G8B8	0	0	1	0	1	0	0	1	38	0	0
2026-06-02 17:56:06.478	ui_candidate	0x00000001	DrawPrimitive	26001	6	2	0	18366B20	0x22DC482F79953BE3	64	64	DXT1	7	0x00000000	1	0x00000144	1	0	0	0	14743D90	2560	1440	X8R8G8B8	0	0	1	0	1	0	0	1	39	0	0
2026-06-02 17:56:06.478	ui_candidate	0x00000001	DrawPrimitive	26002	6	2	0	18366960	0x5E184FFDE2132B60	64	64	DXT1	7	0x00000000	1	0x00000144	1	0	0	0	14743D90	2560	1440	X8R8G8B8	0	0	1	0	1	0	0	1	40	0	0
2026-06-02 17:56:06.478	ui_candidate	0x00000001	DrawPrimitive	26003	6	2	0	18367840	0xCFA93B7CAE73D345	64	64	DXT1	7	0x00000000	1	0x00000144	1	0	0	0	14743D90	2560	1440	X8R8G8B8	0	0	1	0	1	0	0	1	41	0	0
2026-06-02 17:56:06.478	ui_candidate	0x00000001	DrawPrimitive	26004	6	2	0	18366A40	0xBF19A74421A96E2C	64	64	DXT1	7	0x00000000	1	0x00000144	1	0	0	0	14743D90	2560	1440	X8R8G8B8	0	0	1	0	1	0	0	1	42	0	0
2026-06-02 17:56:06.479	ui_candidate	0x00000001	DrawPrimitive	26005	6	2	0	18367920	0xABD44C6DCCA5F446	128	64	DXT1	8	0x00000000	1	0x00000144	1	0	0	0	14743D90	2560	1440	X8R8G8B8	0	0	1	0	1	0	0	1	43	0	0
2026-06-02 17:56:06.479	ui_candidate	0x00000001	DrawPrimitive	26006	6	2	0	18366C00	0x08A836F45E35811B	128	64	DXT1	8	0x00000000	1	0x00000144	1	0	0	0	14743D90	2560	1440	X8R8G8B8	0	0	1	0	1	0	0	1	44	0	0
2026-06-02 17:56:06.479	ui_candidate	0x00000001	DrawPrimitive	26007	6	2	0	183673E0	0x8CC103E94B6FBDC6	128	64	DXT1	8	0x00000000	1	0x00000144	1	0	0	0	14743D90	2560	1440	X8R8G8B8	0	0	1	0	1	0	0	1	45	0	0
2026-06-02 17:56:06.480	ui_candidate	0x00000001	DrawPrimitive	26008	6	2	0	183675A0	0x62074B9B097C27BF	128	64	DXT1	8	0x00000000	1	0x00000144	1	0	0	0	14743D90	2560	1440	X8R8G8B8	0	0	1	0	1	0	0	1	46	0	0
2026-06-02 17:56:06.480	ui_candidate	0x00000001	DrawPrimitive	26009	6	2	0	18367680	0xF8930E03D6A62A4A	128	128	DXT1	8	0x00000000	1	0x00000144	1	0	0	0	14743D90	2560	1440	X8R8G8B8	0	0	1	0	1	0	0	1	47	0	0
2026-06-02 17:56:06.481	ui_candidate	0x00000001	DrawPrimitive	26010	6	2	0	18367A00	0x01D67455BED124C8	128	128	DXT1	8	0x00000000	1	0x00000144	1	0	0	0	14743D90	2560	1440	X8R8G8B8	0	0	1	0	1	0	0	1	48	0	0
2026-06-02 17:56:06.481	ui_candidate	0x00000001	DrawPrimitive	26011	6	2	0	18367AE0	0x33B568EBCFB5AC7D	128	128	DXT1	8	0x00000000	1	0x00000144	1	0	0	0	14743D90	2560	1440	X8R8G8B8	0	0	1	0	1	0	0	1	49	0	0
2026-06-02 17:56:06.482	ui_candidate	0x00000001	DrawPrimitive	26012	6	2	0	18367760	0xF5F16B5E0825759B	128	128	DXT1	8	0x00000000	1	0x00000144	1	0	0	0	14743D90	2560	1440	X8R8G8B8	0	0	1	0	1	0	0	1	50	0	0
2026-06-02 17:56:06.482	ui_candidate	0x00000001	DrawPrimitive	26013	6	2	0	18366EA0	0xE243324012963E90	128	512	DXT1	10	0x00000000	1	0x00000144	1	0	0	0	14743D90	2560	1440	X8R8G8B8	0	0	1	0	1	0	0	1	51	0	0
2026-06-02 17:56:06.482	ui_candidate	0x00000001	DrawPrimitive	26014	6	2	0	18367BC0	0x70B3AFCF146E50C4	128	512	DXT1	10	0x00000000	1	0x00000144	1	0	0	0	14743D90	2560	1440	X8R8G8B8	0	0	1	0	1	0	0	1	52	0	0
2026-06-02 17:56:06.484	ui_candidate	0x00000001	DrawPrimitive	26545	6	2	0	1682A9A0	0x9C9B8901AA629BF0	64	64	DXT1	7	0x00000000	1	0x00000144	1	0	0	0	14743D90	2560	1440	X8R8G8B8	0	0	1	0	1	0	0	1	583	0	0
2026-06-02 17:56:06.484	ui_candidate	0x00000001	DrawPrimitive	26546	6	2	0	1682BF80	0xA8F8D13B416FBC46	64	64	A8R8G8B8	7	0x00000000	1	0x00000144	1	0	0	0	14743D90	2560	1440	X8R8G8B8	0	0	1	0	1	0	0	1	584	0	0
2026-06-02 17:56:06.484	ui_candidate	0x00000001	DrawPrimitive	26547	6	2	0	1682BC00	0x588F7EBCCE2F5BB6	128	64	A8R8G8B8	8	0x00000000	1	0x00000144	1	0	0	0	14743D90	2560	1440	X8R8G8B8	0	0	1	0	1	0	0	1	585	0	0
2026-06-02 17:56:06.485	ui_candidate	0x00000001	DrawPrimitive	26548	6	2	0	1682B340	0x3D7B7B65E806E46D	128	128	DXT1	8	0x00000000	1	0x00000144	1	0	0	0	14743D90	2560	1440	X8R8G8B8	0	0	1	0	1	0	0	1	586	0	0
2026-06-02 17:56:06.485	ui_candidate	0x00000001	DrawPrimitive	26549	6	2	0	1682B6C0	0x87FA96461BBB8A07	64	64	A8R8G8B8	7	0x00000000	1	0x00000144	1	0	0	0	14743D90	2560	1440	X8R8G8B8	0	0	1	0	1	0	0	1	587	0	0
2026-06-02 17:56:06.485	ui_candidate	0x00000001	DrawPrimitive	26550	6	2	0	1682A540	0xD1A2982BD9D71BDA	16	64	A8R8G8B8	7	0x00000000	1	0x00000144	1	0	0	0	14743D90	2560	1440	X8R8G8B8	0	0	1	0	1	0	0	1	588	0	0
2026-06-02 17:56:06.486	ui_candidate	0x00000001	DrawPrimitive	26551	6	2	0	1682B960	0xD1A2982BD9D71BDA	16	64	A8R8G8B8	1	0x00000000	1	0x00000144	1	0	0	0	14743D90	2560	1440	X8R8G8B8	0	0	1	0	1	0	0	1	589	0	0
2026-06-02 17:56:06.486	ui_candidate	0x00000001	DrawPrimitive	26552	6	2	0	1682A620	0x7919EC4E5955B32E	64	64	A8R8G8B8	7	0x00000000	1	0x00000144	1	0	0	0	14743D90	2560	1440	X8R8G8B8	0	0	1	0	1	0	0	1	590	0	0
2026-06-02 17:56:06.486	ui_candidate	0x00000001	DrawPrimitive	26553	6	2	0	1682AA80	0xE6EC0E321A0D5CA9	64	64	A8R8G8B8	7	0x00000000	1	0x00000144	1	0	0	0	14743D90	2560	1440	X8R8G8B8	0	0	1	0	1	0	0	1	591	0	0
2026-06-02 17:56:06.487	ui_candidate	0x00000001	DrawPrimitive	26554	6	2	0	1682B180	0x4D29CD6D0157132D	64	64	A8R8G8B8	7	0x00000000	1	0x00000144	1	0	0	0	14743D90	2560	1440	X8R8G8B8	0	0	1	0	1	0	0	1	592	0	0
2026-06-02 17:56:06.487	ui_candidate	0x00000001	DrawPrimitive	26555	6	2	0	1682BDC0	0x1D1D8E3DB8CE7310	64	64	A8R8G8B8	7	0x00000000	1	0x00000144	1	0	0	0	14743D90	2560	1440	X8R8G8B8	0	0	1	0	1	0	0	1	593	0	0
2026-06-02 17:56:06.488	ui_candidate	0x00000001	DrawPrimitive	26556	6	2	0	1682AFC0	0xA55EB28F0D50E1DC	64	64	A8R8G8B8	7	0x00000000	1	0x00000144	1	0	0	0	14743D90	2560	1440	X8R8G8B8	0	0	1	0	1	0	0	1	594	0	0
2026-06-02 17:56:06.488	ui_candidate	0x00000001	DrawPrimitive	26557	6	2	0	1682A700	0xE74D3E98F36BF71A	64	64	DXT1	7	0x00000000	1	0x00000144	1	0	0	0	14743D90	2560	1440	X8R8G8B8	0	0	1	0	1	0	0	1	595	0	0
2026-06-02 17:56:06.488	ui_candidate	0x00000001	DrawPrimitive	26558	6	2	0	1682B260	0x9854EF0B1B5B6F90	64	64	DXT1	7	0x00000000	1	0x00000144	1	0	0	0	14743D90	2560	1440	X8R8G8B8	0	0	1	0	1	0	0	1	596	0	0
2026-06-02 17:56:06.488	ui_candidate	0x00000001	DrawPrimitive	26559	6	2	0	1682BB20	0x5EF9EBC260F4B6BC	64	64	DXT1	7	0x00000000	1	0x00000144	1	0	0	0	14743D90	2560	1440	X8R8G8B8	0	0	1	0	1	0	0	1	597	0	0
2026-06-02 17:56:06.490	ui_candidate	0x00000001	DrawPrimitive	26560	6	2	0	1682B420	0x2D9CCEBE93E91441	64	64	DXT1	7	0x00000000	1	0x00000144	1	0	0	0	14743D90	2560	1440	X8R8G8B8	0	0	1	0	1	0	0	1	598	0	0
2026-06-02 17:56:06.490	ui_candidate	0x00000001	DrawPrimitive	26561	6	2	0	1682A7E0	0xA4EF54673A32B0A2	64	64	A8R8G8B8	7	0x00000000	1	0x00000144	1	0	0	0	14743D90	2560	1440	X8R8G8B8	0	0	1	0	1	0	0	1	599	0	0
2026-06-02 17:56:06.491	ui_candidate	0x00000001	DrawPrimitive	26562	6	2	0	16D80390	0xEC388A97C86A938D	64	64	DXT1	7	0x00000000	1	0x00000144	1	0	0	0	14743D90	2560	1440	X8R8G8B8	0	0	1	0	1	0	0	1	600	0	0
2026-06-02 17:56:06.491	ui_candidate	0x00000001	DrawPrimitive	26563	6	2	0	16D7F4B0	0x888068D6ECFADC94	128	64	DXT1	8	0x00000000	1	0x00000144	1	0	0	0	14743D90	2560	1440	X8R8G8B8	0	0	1	0	1	0	0	1	601	0	0
2026-06-02 17:56:06.491	ui_candidate	0x00000001	DrawPrimitive	26564	6	2	0	16D7F050	0x6F26C2C14C981112	64	64	A8R8G8B8	7	0x00000000	1	0x00000144	1	0	0	0	14743D90	2560	1440	X8R8G8B8	0	0	1	0	1	0	0	1	602	0	0
2026-06-02 17:56:06.492	ui_candidate	0x00000001	DrawPrimitive	26565	6	2	0	16D7ECD0	0xBFC8DA875E4408FC	64	64	A8R8G8B8	7	0x00000000	1	0x00000144	1	0	0	0	14743D90	2560	1440	X8R8G8B8	0	0	1	0	1	0	0	1	603	0	0
2026-06-02 17:56:06.492	ui_candidate	0x00000001	DrawPrimitive	26566	6	2	0	16D800F0	0xE47F4A69E7485DAF	128	128	DXT1	8	0x00000000	1	0x00000144	1	0	0	0	14743D90	2560	1440	X8R8G8B8	0	0	1	0	1	0	0	1	604	0	0
2026-06-02 17:56:06.492	ui_candidate	0x00000001	DrawPrimitive	26567	6	2	0	16D7F590	0x223684BFA58AC376	64	128	DXT1	8	0x00000000	1	0x00000144	1	0	0	0	14743D90	2560	1440	X8R8G8B8	0	0	1	0	1	0	0	1	605	0	0
2026-06-02 17:56:06.493	ui_candidate	0x00000001	DrawPrimitive	26568	6	2	0	16D7EBF0	0x569F50CA9B985181	64	128	DXT1	8	0x00000000	1	0x00000144	1	0	0	0	14743D90	2560	1440	X8R8G8B8	0	0	1	0	1	0	0	1	606	0	0
2026-06-02 17:56:06.493	ui_candidate	0x00000001	DrawPrimitive	26569	6	2	0	16D80550	0xDFE0DA1FD85B061C	128	128	DXT1	8	0x00000000	1	0x00000144	1	0	0	0	14743D90	2560	1440	X8R8G8B8	0	0	1	0	1	0	0	1	607	0	0
2026-06-02 17:56:06.493	ui_candidate	0x00000001	DrawPrimitive	26570	6	2	0	16D80710	0x6CC1B0BB00945F40	128	128	DXT1	8	0x00000000	1	0x00000144	1	0	0	0	14743D90	2560	1440	X8R8G8B8	0	0	1	0	1	0	0	1	608	0	0
2026-06-02 17:56:06.494	ui_candidate	0x00000001	DrawPrimitive	26571	6	2	0	16D7FF30	0xEC14C0788E491247	128	128	DXT1	8	0x00000000	1	0x00000144	1	0	0	0	14743D90	2560	1440	X8R8G8B8	0	0	1	0	1	0	0	1	609	0	0
2026-06-02 17:56:06.494	ui_candidate	0x00000001	DrawPrimitive	26572	6	2	0	16D7EDB0	0xD2B89FD7D6582428	128	128	DXT1	8	0x00000000	1	0x00000144	1	0	0	0	14743D90	2560	1440	X8R8G8B8	0	0	1	0	1	0	0	1	610	0	0
2026-06-02 17:56:06.494	ui_candidate	0x00000001	DrawPrimitive	26573	6	2	0	16D7F2F0	0xEE424E483149D0F7	128	128	DXT1	8	0x00000000	1	0x00000144	1	0	0	0	14743D90	2560	1440	X8R8G8B8	0	0	1	0	1	0	0	1	611	0	0
2026-06-02 17:56:06.495	ui_candidate	0x00000001	DrawPrimitive	26574	6	2	0	16D7F670	0x1B3206F8500CC7A6	128	128	DXT1	8	0x00000000	1	0x00000144	1	0	0	0	14743D90	2560	1440	X8R8G8B8	0	0	1	0	1	0	0	1	612	0	0
2026-06-02 17:56:06.495	ui_candidate	0x00000001	DrawPrimitive	26575	6	2	0	16D7F750	0xFBCC524FF141B3D4	128	128	DXT1	8	0x00000000	1	0x00000144	1	0	0	0	14743D90	2560	1440	X8R8G8B8	0	0	1	0	1	0	0	1	613	0	0
2026-06-02 17:56:06.495	ui_candidate	0x00000001	DrawPrimitive	26576	6	2	0	16D7F830	0x6DD395B18DA0F2CB	128	128	DXT1	8	0x00000000	1	0x00000144	1	0	0	0	14743D90	2560	1440	X8R8G8B8	0	0	1	0	1	0	0	1	614	0	0
2026-06-02 17:56:06.496	ui_candidate	0x00000001	DrawPrimitive	26577	6	2	0	16D7F910	0x2D02A061A0937E08	128	128	DXT1	8	0x00000000	1	0x00000144	1	0	0	0	14743D90	2560	1440	X8R8G8B8	0	0	1	0	1	0	0	1	615	0	0
2026-06-02 17:56:06.496	ui_candidate	0x00000001	DrawPrimitive	26578	6	2	0	16D7F9F0	0x89CB1B3987D6453E	64	32	DXT1	7	0x00000000	1	0x00000144	1	0	0	0	14743D90	2560	1440	X8R8G8B8	0	0	1	0	1	0	0	1	616	0	0
2026-06-02 17:56:06.496	ui_candidate	0x00000001	DrawPrimitive	26579	6	2	0	16D7FBB0	0x55F22B1785898647	64	64	DXT1	7	0x00000000	1	0x00000144	1	0	0	0	14743D90	2560	1440	X8R8G8B8	0	0	1	0	1	0	0	1	617	0	0
2026-06-02 17:56:06.497	ui_candidate	0x00000001	DrawPrimitive	26580	6	2	0	16D7FC90	0xA046EBF856E313EE	64	64	DXT1	7	0x00000000	1	0x00000144	1	0	0	0	14743D90	2560	1440	X8R8G8B8	0	0	1	0	1	0	0	1	618	0	0
2026-06-02 17:56:06.497	ui_candidate	0x00000001	DrawPrimitive	26581	6	2	0	16D7FD70	0xEBC3378B9CDC2410	128	64	DXT1	8	0x00000000	1	0x00000144	1	0	0	0	14743D90	2560	1440	X8R8G8B8	0	0	1	0	1	0	0	1	619	0	0
2026-06-02 17:56:06.497	ui_candidate	0x00000001	DrawPrimitive	26582	6	2	0	16D7FE50	0xDAE79636BEEE2D18	64	64	DXT1	7	0x00000000	1	0x00000144	1	0	0	0	14743D90	2560	1440	X8R8G8B8	0	0	1	0	1	0	0	1	620	0	0
2026-06-02 17:56:06.498	ui_candidate	0x00000001	DrawPrimitive	26583	6	2	0	16D82850	0xC660C7809842AA06	64	32	A8R8G8B8	7	0x00000000	1	0x00000144	1	0	0	0	14743D90	2560	1440	X8R8G8B8	0	0	1	0	1	0	0	1	621	0	0
2026-06-02 17:56:06.498	ui_candidate	0x00000001	DrawPrimitive	26584	6	2	0	16D838F0	0x751F2D2B6012810D	64	64	A8R8G8B8	7	0x00000000	1	0x00000144	1	0	0	0	14743D90	2560	1440	X8R8G8B8	0	0	1	0	1	0	0	1	622	0	0
2026-06-02 17:56:06.499	ui_candidate	0x00000001	DrawPrimitive	26585	6	2	0	16D83110	0x88F842532F26F3C8	64	32	DXT1	7	0x00000000	1	0x00000144	1	0	0	0	14743D90	2560	1440	X8R8G8B8	0	0	1	0	1	0	0	1	623	0	0
2026-06-02 17:56:06.499	ui_candidate	0x00000001	DrawPrimitive	26586	6	2	0	16D83570	0xCC35CD3F0A00216C	64	64	DXT1	7	0x00000000	1	0x00000144	1	0	0	0	14743D90	2560	1440	X8R8G8B8	0	0	1	0	1	0	0	1	624	0	0
2026-06-02 17:56:06.499	ui_candidate	0x00000001	DrawPrimitive	26587	6	2	0	16D83B90	0x91CA9CF9322C1828	64	64	DXT1	7	0x00000000	1	0x00000144	1	0	0	0	14743D90	2560	1440	X8R8G8B8	0	0	1	0	1	0	0	1	625	0	0
2026-06-02 17:56:06.500	ui_candidate	0x00000001	DrawPrimitive	26588	6	2	0	16D83650	0xF5B49DF3255AA517	64	64	DXT1	7	0x00000000	1	0x00000144	1	0	0	0	14743D90	2560	1440	X8R8G8B8	0	0	1	0	1	0	0	1	626	0	0
2026-06-02 17:56:06.500	ui_candidate	0x00000001	DrawPrimitive	26589	6	2	0	16D83730	0x94BF19CB4525217A	128	128	DXT1	8	0x00000000	1	0x00000144	1	0	0	0	14743D90	2560	1440	X8R8G8B8	0	0	1	0	1	0	0	1	627	0	0
2026-06-02 17:56:06.500	ui_candidate	0x00000001	DrawPrimitive	26590	6	2	0	16D83E30	0x4D6AB9CA42CCA387	128	128	DXT1	8	0x00000000	1	0x00000144	1	0	0	0	14743D90	2560	1440	X8R8G8B8	0	0	1	0	1	0	0	1	628	0	0
2026-06-02 17:56:06.500	ui_candidate	0x00000001	DrawPrimitive	26591	6	2	0	16D83810	0x70BEDAF9C53CF592	128	128	DXT1	8	0x00000000	1	0x00000144	1	0	0	0	14743D90	2560	1440	X8R8G8B8	0	0	1	0	1	0	0	1	629	0	0
2026-06-02 17:56:06.500	ui_candidate	0x00000001	DrawPrimitive	26592	6	2	0	16D839D0	0x173361D03B8AE86A	128	128	DXT1	8	0x00000000	1	0x00000144	1	0	0	0	14743D90	2560	1440	X8R8G8B8	0	0	1	0	1	0	0	1	630	0	0
2026-06-02 17:56:06.501	ui_candidate	0x00000001	DrawPrimitive	26593	6	2	0	16D83AB0	0x4931D958AADA3C4B	128	128	DXT1	8	0x00000000	1	0x00000144	1	0	0	0	14743D90	2560	1440	X8R8G8B8	0	0	1	0	1	0	0	1	631	0	0
2026-06-02 17:56:06.501	ui_candidate	0x00000001	DrawPrimitive	26594	6	2	0	16D84B50	0xC4C3B2FB6C810341	128	128	DXT1	8	0x00000000	1	0x00000144	1	0	0	0	14743D90	2560	1440	X8R8G8B8	0	0	1	0	1	0	0	1	632	0	0
2026-06-02 17:56:06.501	ui_candidate	0x00000001	DrawPrimitive	26595	6	2	0	16D84290	0x722C9E19B233C1C0	128	128	DXT1	8	0x00000000	1	0x00000144	1	0	0	0	14743D90	2560	1440	X8R8G8B8	0	0	1	0	1	0	0	1	633	0	0
2026-06-02 17:56:06.502	ui_candidate	0x00000001	DrawPrimitive	26596	6	2	0	16D85950	0x3494D9EFE7627CC9	128	128	DXT1	8	0x00000000	1	0x00000144	1	0	0	0	14743D90	2560	1440	X8R8G8B8	0	0	1	0	1	0	0	1	634	0	0
2026-06-02 17:56:06.502	ui_candidate	0x00000001	DrawPrimitive	26597	6	2	0	16D85A30	0x8812D27A67D55E1F	128	128	DXT1	8	0x00000000	1	0x00000144	1	0	0	0	14743D90	2560	1440	X8R8G8B8	0	0	1	0	1	0	0	1	635	0	0
2026-06-02 17:56:06.502	ui_candidate	0x00000001	DrawPrimitive	26598	6	2	0	16D84FB0	0xCA32D5A43F3A8890	128	128	DXT1	8	0x00000000	1	0x00000144	1	0	0	0	14743D90	2560	1440	X8R8G8B8	0	0	1	0	1	0	0	1	636	0	0
2026-06-02 17:56:06.503	ui_candidate	0x00000001	DrawPrimitive	26599	6	2	0	16D847D0	0x08E8C2FE3A662F69	128	128	DXT1	8	0x00000000	1	0x00000144	1	0	0	0	14743D90	2560	1440	X8R8G8B8	0	0	1	0	1	0	0	1	637	0	0
2026-06-02 17:56:06.503	ui_candidate	0x00000001	DrawPrimitive	26600	6	2	0	16D84D10	0xB5C619AFB2972F4B	128	128	DXT1	8	0x00000000	1	0x00000144	1	0	0	0	14743D90	2560	1440	X8R8G8B8	0	0	1	0	1	0	0	1	638	0	0
2026-06-02 17:56:06.503	ui_candidate	0x00000001	DrawPrimitive	26601	6	2	0	17054128	0x408978C093DE548D	16	64	DXT1	7	0x00000000	1	0x00000144	1	0	0	0	14743D90	2560	1440	X8R8G8B8	0	0	1	0	1	0	0	1	639	0	0
2026-06-02 17:56:06.504	ui_candidate	0x00000001	DrawPrimitive	26602	6	2	0	17056508	0x8BF37FEA38B4D032	64	128	DXT1	8	0x00000000	1	0x00000144	1	0	0	0	14743D90	2560	1440	X8R8G8B8	0	0	1	0	1	0	0	1	640	0	0
2026-06-02 17:56:06.504	ui_candidate	0x00000001	DrawPrimitive	26603	6	2	0	17055E08	0xEB65DBF934845FFA	128	64	A8R8G8B8	8	0x00000000	1	0x00000144	1	0	0	0	14743D90	2560	1440	X8R8G8B8	0	0	1	0	1	0	0	1	641	0	0
2026-06-02 17:56:06.505	ui_candidate	0x00000001	DrawPrimitive	26604	6	2	0	17056268	0x81D555552F52E451	64	32	DXT1	7	0x00000000	1	0x00000144	1	0	0	0	14743D90	2560	1440	X8R8G8B8	0	0	1	0	1	0	0	1	642	0	0
2026-06-02 17:56:06.505	ui_candidate	0x00000001	DrawPrimitive	26605	6	2	0	170565E8	0x757DA6AA9D8DC2B0	32	32	DXT1	6	0x00000000	1	0x00000144	1	0	0	0	14743D90	2560	1440	X8R8G8B8	0	0	1	0	1	0	0	1	643	0	0
2026-06-02 17:56:06.505	ui_candidate	0x00000001	DrawPrimitive	26606	6	2	0	17056348	0xBF113449D31A2A94	64	32	DXT1	7	0x00000000	1	0x00000144	1	0	0	0	14743D90	2560	1440	X8R8G8B8	0	0	1	0	1	0	0	1	644	0	0
2026-06-02 17:56:06.506	ui_candidate	0x00000001	DrawPrimitive	26607	6	2	0	17055C48	0x408812FB19D7381D	64	32	DXT1	7	0x00000000	1	0x00000144	1	0	0	0	14743D90	2560	1440	X8R8G8B8	0	0	1	0	1	0	0	1	645	0	0
2026-06-02 17:56:06.506	ui_candidate	0x00000001	DrawPrimitive	26608	6	2	0	17056428	0x6C877B6D27EA6C87	64	32	DXT1	7	0x00000000	1	0x00000144	1	0	0	0	14743D90	2560	1440	X8R8G8B8	0	0	1	0	1	0	0	1	646	0	0
2026-06-02 17:56:06.506	ui_candidate	0x00000001	DrawPrimitive	26609	6	2	0	17055628	0x44168A5B277C8695	64	32	DXT1	7	0x00000000	1	0x00000144	1	0	0	0	14743D90	2560	1440	X8R8G8B8	0	0	1	0	1	0	0	1	647	0	0
2026-06-02 17:56:06.506	ui_candidate	0x00000001	DrawPrimitive	26610	6	2	0	17055548	0x5B4A3FAF6EC604BB	32	32	DXT1	6	0x00000000	1	0x00000144	1	0	0	0	14743D90	2560	1440	X8R8G8B8	0	0	1	0	1	0	0	1	648	0	0
2026-06-02 17:56:06.507	ui_candidate	0x00000001	DrawPrimitive	26611	6	2	0	170566C8	0x874BC98082D16C3E	64	32	DXT1	7	0x00000000	1	0x00000144	1	0	0	0	14743D90	2560	1440	X8R8G8B8	0	0	1	0	1	0	0	1	649	0	0
2026-06-02 17:56:06.507	ui_candidate	0x00000001	DrawPrimitive	26612	6	2	0	170558C8	0x29A7453A36EE9939	64	32	DXT1	7	0x00000000	1	0x00000144	1	0	0	0	14743D90	2560	1440	X8R8G8B8	0	0	1	0	1	0	0	1	650	0	0
2026-06-02 17:56:06.507	ui_candidate	0x00000001	DrawPrimitive	26613	6	2	0	170567A8	0xFFA0E3FAA34D2215	64	32	DXT1	7	0x00000000	1	0x00000144	1	0	0	0	14743D90	2560	1440	X8R8G8B8	0	0	1	0	1	0	0	1	651	0	0
2026-06-02 17:56:06.508	ui_candidate	0x00000001	DrawPrimitive	26614	6	2	0	17056968	0x2D641055797AE41D	64	32	DXT1	7	0x00000000	1	0x00000144	1	0	0	0	14743D90	2560	1440	X8R8G8B8	0	0	1	0	1	0	0	1	652	0	0
2026-06-02 17:56:06.508	ui_candidate	0x00000001	DrawPrimitive	26615	6	2	0	17056A48	0x82DABF1C96903C11	64	32	DXT1	7	0x00000000	1	0x00000144	1	0	0	0	14743D90	2560	1440	X8R8G8B8	0	0	1	0	1	0	0	1	653	0	0
2026-06-02 17:56:06.508	ui_candidate	0x00000001	DrawPrimitive	26616	6	2	0	17056888	0x89074EE5EE80D596	64	64	DXT1	7	0x00000000	1	0x00000144	1	0	0	0	14743D90	2560	1440	X8R8G8B8	0	0	1	0	1	0	0	1	654	0	0
2026-06-02 17:56:06.508	ui_candidate	0x00000001	DrawPrimitive	26617	6	2	0	17056B28	0xBBA858277ED3A5D9	64	64	DXT1	7	0x00000000	1	0x00000144	1	0	0	0	14743D90	2560	1440	X8R8G8B8	0	0	1	0	1	0	0	1	655	0	0
2026-06-02 17:56:06.508	ui_candidate	0x00000001	DrawPrimitive	26618	6	2	0	17055D28	0x65B2D84BCCB8ADB5	64	64	DXT1	7	0x00000000	1	0x00000144	1	0	0	0	14743D90	2560	1440	X8R8G8B8	0	0	1	0	1	0	0	1	656	0	0
2026-06-02 17:56:06.510	ui_candidate	0x00000001	DrawPrimitive	26619	6	2	0	17055EE8	0x100FA7C7CC2F4471	64	64	DXT1	7	0x00000000	1	0x00000144	1	0	0	0	14743D90	2560	1440	X8R8G8B8	0	0	1	0	1	0	0	1	657	0	0
2026-06-02 17:56:06.510	ui_candidate	0x00000001	DrawPrimitive	26620	6	2	0	17055708	0x1D362CD0C27BDBBB	64	64	DXT1	7	0x00000000	1	0x00000144	1	0	0	0	14743D90	2560	1440	X8R8G8B8	0	0	1	0	1	0	0	1	658	0	0
2026-06-02 17:56:06.510	ui_candidate	0x00000001	DrawPrimitive	26621	6	2	0	17056C08	0x02D2A52AE35F0EA4	64	64	DXT1	7	0x00000000	1	0x00000144	1	0	0	0	14743D90	2560	1440	X8R8G8B8	0	0	1	0	1	0	0	1	659	0	0
2026-06-02 17:56:06.511	ui_candidate	0x00000001	DrawPrimitive	26622	6	2	0	17056CE8	0x76E1AA668728F572	64	64	DXT1	7	0x00000000	1	0x00000144	1	0	0	0	14743D90	2560	1440	X8R8G8B8	0	0	1	0	1	0	0	1	660	0	0
2026-06-02 17:56:06.511	ui_candidate	0x00000001	DrawPrimitive	26623	6	2	0	17055FC8	0xC0551A0094190358	64	64	DXT1	7	0x00000000	1	0x00000144	1	0	0	0	14743D90	2560	1440	X8R8G8B8	0	0	1	0	1	0	0	1	661	0	0
2026-06-02 17:56:06.512	ui_candidate	0x00000001	DrawPrimitive	26624	6	2	0	170559A8	0x116FEB3121777898	64	64	DXT1	7	0x00000000	1	0x00000144	1	0	0	0	14743D90	2560	1440	X8R8G8B8	0	0	1	0	1	0	0	1	662	0	0
2026-06-02 17:56:06.512	ui_candidate	0x00000001	DrawPrimitive	26625	6	2	0	17056DC8	0x891092EA0688B2E5	64	64	DXT1	7	0x00000000	1	0x00000144	1	0	0	0	14743D90	2560	1440	X8R8G8B8	0	0	1	0	1	0	0	1	663	0	0
2026-06-02 17:56:06.513	ui_candidate	0x00000001	DrawPrimitive	26626	6	2	0	170560A8	0x8A37C2E5CC448069	64	64	DXT1	7	0x00000000	1	0x00000144	1	0	0	0	14743D90	2560	1440	X8R8G8B8	0	0	1	0	1	0	0	1	664	0	0
2026-06-02 17:56:06.513	ui_candidate	0x00000001	DrawPrimitive	26627	6	2	0	17056188	0x522C269E16CC9D54	32	32	DXT1	6	0x00000000	1	0x00000144	1	0	0	0	14743D90	2560	1440	X8R8G8B8	0	0	1	0	1	0	0	1	665	0	0
2026-06-02 17:56:06.514	ui_candidate	0x00000001	DrawPrimitive	26628	6	2	0	17056EA8	0x061DE104A87DAE77	128	64	DXT1	8	0x00000000	1	0x00000144	1	0	0	0	14743D90	2560	1440	X8R8G8B8	0	0	1	0	1	0	0	1	666	0	0
2026-06-02 17:56:06.514	ui_candidate	0x00000001	DrawPrimitive	26629	6	2	0	17056F88	0xFF6187314F4525EF	128	64	DXT1	8	0x00000000	1	0x00000144	1	0	0	0	14743D90	2560	1440	X8R8G8B8	0	0	1	0	1	0	0	1	667	0	0
2026-06-02 17:56:06.514	ui_candidate	0x00000001	DrawPrimitive	26630	6	2	0	17055468	0xE14A2F074357E8E7	128	64	DXT1	8	0x00000000	1	0x00000144	1	0	0	0	14743D90	2560	1440	X8R8G8B8	0	0	1	0	1	0	0	1	668	0	0
2026-06-02 17:56:06.515	ui_candidate	0x00000001	DrawPrimitive	26631	6	2	0	170557E8	0x109DACC68F1F4BD1	32	64	DXT1	7	0x00000000	1	0x00000144	1	0	0	0	14743D90	2560	1440	X8R8G8B8	0	0	1	0	1	0	0	1	669	0	0
2026-06-02 17:56:06.515	ui_candidate	0x00000001	DrawPrimitive	26632	6	2	0	17055A88	0xF7647B1B2F38AA3E	64	256	A8R8G8B8	9	0x00000000	1	0x00000144	1	0	0	0	14743D90	2560	1440	X8R8G8B8	0	0	1	0	1	0	0	1	670	0	0
2026-06-02 17:56:06.516	ui_candidate	0x00000001	DrawPrimitive	26633	6	2	0	17055B68	0x55B2E87245DC2944	32	256	A8R8G8B8	9	0x00000000	1	0x00000144	1	0	0	0	14743D90	2560	1440	X8R8G8B8	0	0	1	0	1	0	0	1	671	0	0
2026-06-02 17:56:06.516	ui_candidate	0x00000001	DrawPrimitive	26634	6	2	0	170575A8	0x3A1A2D8F3A5BE5C5	64	64	A8R8G8B8	7	0x00000000	1	0x00000144	1	0	0	0	14743D90	2560	1440	X8R8G8B8	0	0	1	0	1	0	0	1	672	0	0
2026-06-02 17:56:06.517	ui_candidate	0x00000001	DrawPrimitive	26635	6	2	0	17057D88	0x2584052478EAC383	128	64	DXT1	8	0x00000000	1	0x00000144	1	0	0	0	14743D90	2560	1440	X8R8G8B8	0	0	1	0	1	0	0	1	673	0	0
2026-06-02 17:56:06.517	ui_candidate	0x00000001	DrawPrimitive	26636	6	2	0	170589C8	0xF44319B0A71AFDCC	64	32	DXT1	7	0x00000000	1	0x00000144	1	0	0	0	14743D90	2560	1440	X8R8G8B8	0	0	1	0	1	0	0	1	674	0	0
2026-06-02 17:56:06.518	ui_candidate	0x00000001	DrawPrimitive	26637	6	2	0	170583A8	0x89814BB51F536FF4	256	256	DXT1	9	0x00000000	1	0x00000144	1	0	0	0	14743D90	2560	1440	X8R8G8B8	0	0	1	0	1	0	0	1	675	0	0
2026-06-02 17:56:06.518	ui_candidate	0x00000001	DrawPrimitive	26638	6	2	0	17057F48	0x6A31F876B68EA4A3	128	64	DXT1	8	0x00000000	1	0x00000144	1	0	0	0	14743D90	2560	1440	X8R8G8B8	0	0	1	0	1	0	0	1	676	0	0
2026-06-02 17:56:06.518	ui_candidate	0x00000001	DrawPrimitive	26639	6	2	0	17057BC8	0x7C1FFE96EE0426D0	128	64	DXT1	8	0x00000000	1	0x00000144	1	0	0	0	14743D90	2560	1440	X8R8G8B8	0	0	1	0	1	0	0	1	677	0	0
2026-06-02 17:56:06.519	ui_candidate	0x00000001	DrawPrimitive	26640	6	2	0	17058808	0x22C07183E48D86F5	64	32	DXT1	7	0x00000000	1	0x00000144	1	0	0	0	14743D90	2560	1440	X8R8G8B8	0	0	1	0	1	0	0	1	678	0	0
2026-06-02 17:56:06.519	ui_candidate	0x00000001	DrawPrimitive	26641	6	2	0	17057AE8	0x30BE7E22A150B839	64	32	DXT1	7	0x00000000	1	0x00000144	1	0	0	0	14743D90	2560	1440	X8R8G8B8	0	0	1	0	1	0	0	1	679	0	0
2026-06-02 17:56:06.519	ui_candidate	0x00000001	DrawPrimitive	26642	6	2	0	17057228	0x236DF07A9EF4D9F5	64	32	DXT1	7	0x00000000	1	0x00000144	1	0	0	0	14743D90	2560	1440	X8R8G8B8	0	0	1	0	1	0	0	1	680	0	0
2026-06-02 17:56:06.520	ui_candidate	0x00000001	DrawPrimitive	26643	6	2	0	17057E68	0xF6F3F187885F7B9C	64	32	DXT1	7	0x00000000	1	0x00000144	1	0	0	0	14743D90	2560	1440	X8R8G8B8	0	0	1	0	1	0	0	1	681	0	0
2026-06-02 17:56:06.520	ui_candidate	0x00000001	DrawPrimitive	26644	6	2	0	170588E8	0x357E3369E9411D39	64	32	DXT1	7	0x00000000	1	0x00000144	1	0	0	0	14743D90	2560	1440	X8R8G8B8	0	0	1	0	1	0	0	1	682	0	0
2026-06-02 17:56:06.520	ui_candidate	0x00000001	DrawPrimitive	26645	6	2	0	17058488	0xEB567F700882F563	64	32	DXT1	7	0x00000000	1	0x00000144	1	0	0	0	14743D90	2560	1440	X8R8G8B8	0	0	1	0	1	0	0	1	683	0	0
2026-06-02 17:56:06.520	ui_candidate	0x00000001	DrawPrimitive	26646	6	2	0	17058108	0xF487F5A882B8ABD5	128	32	DXT1	8	0x00000000	1	0x00000144	1	0	0	0	14743D90	2560	1440	X8R8G8B8	0	0	1	0	1	0	0	1	684	0	0
2026-06-02 17:56:06.521	ui_candidate	0x00000001	DrawPrimitive	26647	6	2	0	17058028	0x0335A0A429BDE4C3	64	32	DXT1	7	0x00000000	1	0x00000144	1	0	0	0	14743D90	2560	1440	X8R8G8B8	0	0	1	0	1	0	0	1	685	0	0
2026-06-02 17:56:06.521	ui_candidate	0x00000001	DrawPrimitive	26648	6	2	0	17057928	0x09726F7F1A9D192F	64	32	DXT1	7	0x00000000	1	0x00000144	1	0	0	0	14743D90	2560	1440	X8R8G8B8	0	0	1	0	1	0	0	1	686	0	0
2026-06-02 17:56:06.521	ui_candidate	0x00000001	DrawPrimitive	26649	6	2	0	17057CA8	0xA989667F8B25661E	64	32	DXT1	7	0x00000000	1	0x00000144	1	0	0	0	14743D90	2560	1440	X8R8G8B8	0	0	1	0	1	0	0	1	687	0	0
2026-06-02 17:56:06.522	ui_candidate	0x00000001	DrawPrimitive	26650	6	2	0	170581E8	0x1DDF03823424CCFF	64	32	DXT1	7	0x00000000	1	0x00000144	1	0	0	0	14743D90	2560	1440	X8R8G8B8	0	0	1	0	1	0	0	1	688	0	0
2026-06-02 17:56:06.522	ui_candidate	0x00000001	DrawPrimitive	26651	6	2	0	17057148	0x6BF9FF0B3640F317	64	32	DXT1	7	0x00000000	1	0x00000144	1	0	0	0	14743D90	2560	1440	X8R8G8B8	0	0	1	0	1	0	0	1	689	0	0
2026-06-02 17:56:06.522	ui_candidate	0x00000001	DrawPrimitive	26652	6	2	0	170582C8	0xEBCFF5EF289C1280	128	32	DXT1	8	0x00000000	1	0x00000144	1	0	0	0	14743D90	2560	1440	X8R8G8B8	0	0	1	0	1	0	0	1	690	0	0
2026-06-02 17:56:06.523	ui_candidate	0x00000001	DrawPrimitive	26653	6	2	0	17058568	0xD8C6DA208BFB23B5	64	32	DXT1	7	0x00000000	1	0x00000144	1	0	0	0	14743D90	2560	1440	X8R8G8B8	0	0	1	0	1	0	0	1	691	0	0
2026-06-02 17:56:06.523	ui_candidate	0x00000001	DrawPrimitive	26654	6	2	0	17058648	0xC94150D677240349	128	32	DXT1	8	0x00000000	1	0x00000144	1	0	0	0	14743D90	2560	1440	X8R8G8B8	0	0	1	0	1	0	0	1	692	0	0
2026-06-02 17:56:06.524	ui_candidate	0x00000001	DrawPrimitive	26655	6	2	0	17058728	0xB73C32AA6F413A04	64	32	DXT1	7	0x00000000	1	0x00000144	1	0	0	0	14743D90	2560	1440	X8R8G8B8	0	0	1	0	1	0	0	1	693	0	0
2026-06-02 17:56:06.524	ui_candidate	0x00000001	DrawPrimitive	26656	6	2	0	17057308	0xB092A5A661F2E6A5	128	32	DXT1	8	0x00000000	1	0x00000144	1	0	0	0	14743D90	2560	1440	X8R8G8B8	0	0	1	0	1	0	0	1	694	0	0
2026-06-02 17:56:06.524	ui_candidate	0x00000001	DrawPrimitive	26657	6	2	0	17057068	0xF6404D1C9ABE95A7	64	32	DXT1	7	0x00000000	1	0x00000144	1	0	0	0	14743D90	2560	1440	X8R8G8B8	0	0	1	0	1	0	0	1	695	0	0
2026-06-02 17:56:06.525	ui_candidate	0x00000001	DrawPrimitive	26658	6	2	0	17058B88	0x492073639604CB19	64	32	DXT1	7	0x00000000	1	0x00000144	1	0	0	0	14743D90	2560	1440	X8R8G8B8	0	0	1	0	1	0	0	1	696	0	0
2026-06-02 17:56:06.525	ui_candidate	0x00000001	DrawPrimitive	26659	6	2	0	17058AA8	0xA0E52F940F08F594	64	32	DXT1	7	0x00000000	1	0x00000144	1	0	0	0	14743D90	2560	1440	X8R8G8B8	0	0	1	0	1	0	0	1	697	0	0
2026-06-02 17:56:06.526	ui_candidate	0x00000001	DrawPrimitive	26660	6	2	0	170573E8	0x971EB8E15804326C	64	32	DXT1	7	0x00000000	1	0x00000144	1	0	0	0	14743D90	2560	1440	X8R8G8B8	0	0	1	0	1	0	0	1	698	0	0
2026-06-02 17:56:06.526	ui_candidate	0x00000001	DrawPrimitive	26661	6	2	0	170574C8	0x4A809A9A32953C84	64	32	DXT1	7	0x00000000	1	0x00000144	1	0	0	0	14743D90	2560	1440	X8R8G8B8	0	0	1	0	1	0	0	1	699	0	0
2026-06-02 17:56:06.526	ui_candidate	0x00000001	DrawPrimitive	26662	6	2	0	17057688	0x40FC46279BA201EB	64	32	DXT1	7	0x00000000	1	0x00000144	1	0	0	0	14743D90	2560	1440	X8R8G8B8	0	0	1	0	1	0	0	1	700	0	0
2026-06-02 17:56:06.527	ui_candidate	0x00000001	DrawPrimitive	26663	6	2	0	17057768	0x1C8C02693C4222E6	32	128	A8R8G8B8	8	0x00000000	1	0x00000144	1	0	0	0	14743D90	2560	1440	X8R8G8B8	0	0	1	0	1	0	0	1	701	0	0
2026-06-02 17:56:06.527	ui_candidate	0x00000001	DrawPrimitive	26664	6	2	0	17057848	0x36D876941501B938	128	32	DXT1	8	0x00000000	1	0x00000144	1	0	0	0	14743D90	2560	1440	X8R8G8B8	0	0	1	0	1	0	0	1	702	0	0
2026-06-02 17:56:06.527	ui_candidate	0x00000001	DrawPrimitive	26665	6	2	0	17057A08	0x38695913BBD60FBD	128	64	DXT1	8	0x00000000	1	0x00000144	1	0	0	0	14743D90	2560	1440	X8R8G8B8	0	0	1	0	1	0	0	1	703	0	0
2026-06-02 17:56:06.528	ui_candidate	0x00000001	DrawPrimitive	26666	6	2	0	1705A328	0x8B6E3B1204CFF4C0	64	64	DXT1	7	0x00000000	1	0x00000144	1	0	0	0	14743D90	2560	1440	X8R8G8B8	0	0	1	0	1	0	0	1	704	0	0
2026-06-02 17:56:06.528	ui_candidate	0x00000001	DrawPrimitive	26667	6	2	0	170597C8	0xA65157405B9AC375	64	32	DXT1	7	0x00000000	1	0x00000144	1	0	0	0	14743D90	2560	1440	X8R8G8B8	0	0	1	0	1	0	0	1	705	0	0
2026-06-02 17:56:06.528	ui_candidate	0x00000001	DrawPrimitive	26668	6	2	0	1705A788	0x4809368409BCF971	128	128	DXT1	8	0x00000000	1	0x00000144	1	0	0	0	14743D90	2560	1440	X8R8G8B8	0	0	1	0	1	0	0	1	706	0	0
2026-06-02 17:56:06.528	ui_candidate	0x00000001	DrawPrimitive	26669	6	2	0	17059288	0xE1E1CEA3A9466647	128	128	DXT1	8	0x00000000	1	0x00000144	1	0	0	0	14743D90	2560	1440	X8R8G8B8	0	0	1	0	1	0	0	1	707	0	0
2026-06-02 17:56:06.530	ui_candidate	0x00000001	DrawPrimitive	26670	6	2	0	17058C68	0xCE7B983413D31D17	128	128	DXT1	8	0x00000000	1	0x00000144	1	0	0	0	14743D90	2560	1440	X8R8G8B8	0	0	1	0	1	0	0	1	708	0	0
2026-06-02 17:56:06.530	ui_candidate	0x00000001	DrawPrimitive	26671	6	2	0	1705A168	0x1C7785186C94F865	64	64	DXT1	7	0x00000000	1	0x00000144	1	0	0	0	14743D90	2560	1440	X8R8G8B8	0	0	1	0	1	0	0	1	709	0	0
2026-06-02 17:56:06.530	ui_candidate	0x00000001	DrawPrimitive	26672	6	2	0	1705A4E8	0xBDDFC208FAF2CE15	128	64	DXT1	8	0x00000000	1	0x00000144	1	0	0	0	14743D90	2560	1440	X8R8G8B8	0	0	1	0	1	0	0	1	710	0	0
2026-06-02 17:56:06.531	ui_candidate	0x00000001	DrawPrimitive	26673	6	2	0	17059608	0x3C1CFC491CCC6F3C	128	64	DXT1	8	0x00000000	1	0x00000144	1	0	0	0	14743D90	2560	1440	X8R8G8B8	0	0	1	0	1	0	0	1	711	0	0
2026-06-02 17:56:06.531	ui_candidate	0x00000001	DrawPrimitive	26674	6	2	0	17059FA8	0x502B098AB8DD7E3A	64	64	A8R8G8B8	7	0x00000000	1	0x00000144	1	0	0	0	14743D90	2560	1440	X8R8G8B8	0	0	1	0	1	0	0	1	712	0	0
2026-06-02 17:56:06.532	ui_candidate	0x00000001	DrawPrimitive	26675	6	2	0	17058F08	0x2B45D2017FDD00AF	64	64	A8R8G8B8	7	0x00000000	1	0x00000144	1	0	0	0	14743D90	2560	1440	X8R8G8B8	0	0	1	0	1	0	0	1	713	0	0
2026-06-02 17:56:06.532	ui_candidate	0x00000001	DrawPrimitive	26676	6	2	0	170591A8	0x24D20F4521D06BEF	64	128	DXT1	8	0x00000000	1	0x00000144	1	0	0	0	14743D90	2560	1440	X8R8G8B8	0	0	1	0	1	0	0	1	714	0	0
2026-06-02 17:56:06.533	ui_candidate	0x00000001	DrawPrimitive	26677	6	2	0	17059EC8	0x2D58C49D606E8CFF	64	128	DXT1	8	0x00000000	1	0x00000144	1	0	0	0	14743D90	2560	1440	X8R8G8B8	0	0	1	0	1	0	0	1	715	0	0
2026-06-02 17:56:06.533	ui_candidate	0x00000001	DrawPrimitive	26678	6	2	0	17058E28	0x5BBE63910424EDC8	64	128	DXT1	8	0x00000000	1	0x00000144	1	0	0	0	14743D90	2560	1440	X8R8G8B8	0	0	1	0	1	0	0	1	716	0	0
2026-06-02 17:56:06.534	ui_candidate	0x00000001	DrawPrimitive	26679	6	2	0	1705A088	0x171F39197910811D	128	128	DXT1	8	0x00000000	1	0x00000144	1	0	0	0	14743D90	2560	1440	X8R8G8B8	0	0	1	0	1	0	0	1	717	0	0
2026-06-02 17:56:06.534	ui_candidate	0x00000001	DrawPrimitive	26680	6	2	0	1705A248	0x5F1C01745333E5BC	64	128	DXT1	8	0x00000000	1	0x00000144	1	0	0	0	14743D90	2560	1440	X8R8G8B8	0	0	1	0	1	0	0	1	718	0	0
2026-06-02 17:56:06.535	ui_candidate	0x00000001	DrawPrimitive	26681	6	2	0	17059B48	0xF77D888941F4BB8C	64	64	DXT1	7	0x00000000	1	0x00000144	1	0	0	0	14743D90	2560	1440	X8R8G8B8	0	0	1	0	1	0	0	1	719	0	0
2026-06-02 17:56:06.535	ui_candidate	0x00000001	DrawPrimitive	26682	6	2	0	170590C8	0x6B76CB11E09FB71F	32	32	DXT1	6	0x00000000	1	0x00000144	1	0	0	0	14743D90	2560	1440	X8R8G8B8	0	0	1	0	1	0	0	1	720	0	0
2026-06-02 17:56:06.536	ui_candidate	0x00000001	DrawPrimitive	26683	6	2	0	1705A408	0x6B76CB11E09FB71F	32	32	DXT1	6	0x00000000	1	0x00000144	1	0	0	0	14743D90	2560	1440	X8R8G8B8	0	0	1	0	1	0	0	1	721	0	0
2026-06-02 17:56:06.536	ui_candidate	0x00000001	DrawPrimitive	26684	6	2	0	17059C28	0x211E67C931F22371	128	128	DXT1	8	0x00000000	1	0x00000144	1	0	0	0	14743D90	2560	1440	X8R8G8B8	0	0	1	0	1	0	0	1	722	0	0
2026-06-02 17:56:06.537	ui_candidate	0x00000001	DrawPrimitive	26685	6	2	0	17058D48	0x0445A58553402855	128	128	DXT1	8	0x00000000	1	0x00000144	1	0	0	0	14743D90	2560	1440	X8R8G8B8	0	0	1	0	1	0	0	1	723	0	0
2026-06-02 17:56:06.537	ui_candidate	0x00000001	DrawPrimitive	26686	6	2	0	17059368	0xC86A1E8A4A8AABCB	128	128	DXT1	8	0x00000000	1	0x00000144	1	0	0	0	14743D90	2560	1440	X8R8G8B8	0	0	1	0	1	0	0	1	724	0	0
2026-06-02 17:56:06.538	ui_candidate	0x00000001	DrawPrimitive	26687	6	2	0	17059448	0x6AF54036D85326E8	128	64	DXT1	8	0x00000000	1	0x00000144	1	0	0	0	14743D90	2560	1440	X8R8G8B8	0	0	1	0	1	0	0	1	725	0	0
2026-06-02 17:56:06.538	ui_candidate	0x00000001	DrawPrimitive	26688	6	2	0	17059A68	0x79C06571FF7A5E15	128	128	DXT1	8	0x00000000	1	0x00000144	1	0	0	0	14743D90	2560	1440	X8R8G8B8	0	0	1	0	1	0	0	1	726	0	0
2026-06-02 17:56:06.539	ui_candidate	0x00000001	DrawPrimitive	26689	6	2	0	17059DE8	0x92A344716FE0F8C7	128	128	DXT1	8	0x00000000	1	0x00000144	1	0	0	0	14743D90	2560	1440	X8R8G8B8	0	0	1	0	1	0	0	1	727	0	0
2026-06-02 17:56:06.539	ui_candidate	0x00000001	DrawPrimitive	26690	6	2	0	1705A5C8	0x83F1816946132C81	128	64	DXT1	8	0x00000000	1	0x00000144	1	0	0	0	14743D90	2560	1440	X8R8G8B8	0	0	1	0	1	0	0	1	728	0	0
2026-06-02 17:56:06.539	ui_candidate	0x00000001	DrawPrimitive	26691	6	2	0	17059528	0xA4AF345E5E0A2F2F	64	128	DXT1	8	0x00000000	1	0x00000144	1	0	0	0	14743D90	2560	1440	X8R8G8B8	0	0	1	0	1	0	0	1	729	0	0
2026-06-02 17:56:06.540	ui_candidate	0x00000001	DrawPrimitive	26692	6	2	0	17058FE8	0x94B7BEEB1D0F43BF	32	128	DXT1	8	0x00000000	1	0x00000144	1	0	0	0	14743D90	2560	1440	X8R8G8B8	0	0	1	0	1	0	0	1	730	0	0
2026-06-02 17:56:06.540	ui_candidate	0x00000001	DrawPrimitive	26693	6	2	0	1705A6A8	0x44E1732F54A81367	64	32	A8R8G8B8	7	0x00000000	1	0x00000144	1	0	0	0	14743D90	2560	1440	X8R8G8B8	0	0	1	0	1	0	0	1	731	0	0
2026-06-02 17:56:06.540	ui_candidate	0x00000001	DrawPrimitive	26694	6	2	0	17059D08	0x89A6F4040C92BC8D	32	256	A8R8G8B8	9	0x00000000	1	0x00000144	1	0	0	0	14743D90	2560	1440	X8R8G8B8	0	0	1	0	1	0	0	1	732	0	0
2026-06-02 17:56:06.541	ui_candidate	0x00000001	DrawPrimitive	26695	6	2	0	170596E8	0x42FF495E83A61024	64	32	DXT1	7	0x00000000	1	0x00000144	1	0	0	0	14743D90	2560	1440	X8R8G8B8	0	0	1	0	1	0	0	1	733	0	0
2026-06-02 17:56:06.541	ui_candidate	0x00000001	DrawPrimitive	26696	6	2	0	170598A8	0xB274E0A839C35217	64	32	DXT1	7	0x00000000	1	0x00000144	1	0	0	0	14743D90	2560	1440	X8R8G8B8	0	0	1	0	1	0	0	1	734	0	0
2026-06-02 17:56:06.541	ui_candidate	0x00000001	DrawPrimitive	26697	6	2	0	17059988	0x96C40AA9AAE166E5	128	128	DXT1	8	0x00000000	1	0x00000144	1	0	0	0	14743D90	2560	1440	X8R8G8B8	0	0	1	0	1	0	0	1	735	0	0
2026-06-02 17:56:06.542	ui_candidate	0x00000001	DrawPrimitive	26698	6	2	0	1705BBA8	0xED15B5BCF57A4460	128	128	DXT1	8	0x00000000	1	0x00000144	1	0	0	0	14743D90	2560	1440	X8R8G8B8	0	0	1	0	1	0	0	1	736	0	0
2026-06-02 17:56:06.542	ui_candidate	0x00000001	DrawPrimitive	26699	6	2	0	1705A948	0x6C917CCFD438A3CB	64	64	DXT1	7	0x00000000	1	0x00000144	1	0	0	0	14743D90	2560	1440	X8R8G8B8	0	0	1	0	1	0	0	1	737	0	0
2026-06-02 17:56:06.543	ui_candidate	0x00000001	DrawPrimitive	26700	6	2	0	1705BC88	0x7F593AAA672C3619	64	64	DXT1	7	0x00000000	1	0x00000144	1	0	0	0	14743D90	2560	1440	X8R8G8B8	0	0	1	0	1	0	0	1	738	0	0
2026-06-02 17:56:06.543	ui_candidate	0x00000001	DrawPrimitive	26701	6	2	0	1705AF68	0x1F3FB21F14DA93BA	128	128	DXT1	8	0x00000000	1	0x00000144	1	0	0	0	14743D90	2560	1440	X8R8G8B8	0	0	1	0	1	0	0	1	739	0	0
2026-06-02 17:56:06.544	ui_candidate	0x00000001	DrawPrimitive	26702	6	2	0	1705B2E8	0x3D5A49434E9DD9D4	128	64	DXT1	8	0x00000000	1	0x00000144	1	0	0	0	14743D90	2560	1440	X8R8G8B8	0	0	1	0	1	0	0	1	740	0	0
2026-06-02 17:56:06.544	ui_candidate	0x00000001	DrawPrimitive	26703	6	2	0	1705C1C8	0x4E6B70776450F7D3	128	64	DXT1	8	0x00000000	1	0x00000144	1	0	0	0	14743D90	2560	1440	X8R8G8B8	0	0	1	0	1	0	0	1	741	0	0
2026-06-02 17:56:06.544	ui_candidate	0x00000001	DrawPrimitive	26704	6	2	0	1705B048	0xCA9E56E6D548868C	128	64	DXT1	8	0x00000000	1	0x00000144	1	0	0	0	14743D90	2560	1440	X8R8G8B8	0	0	1	0	1	0	0	1	742	0	0
2026-06-02 17:56:06.545	ui_candidate	0x00000001	DrawPrimitive	26705	6	2	0	1705BD68	0x9DC9A91B6F88490B	128	64	DXT1	8	0x00000000	1	0x00000144	1	0	0	0	14743D90	2560	1440	X8R8G8B8	0	0	1	0	1	0	0	1	743	0	0
2026-06-02 17:56:06.545	ui_candidate	0x00000001	DrawPrimitive	26706	6	2	0	1705BF28	0xA39A3413F9748CEA	128	32	DXT1	8	0x00000000	1	0x00000144	1	0	0	0	14743D90	2560	1440	X8R8G8B8	0	0	1	0	1	0	0	1	744	0	0
2026-06-02 17:56:06.545	ui_candidate	0x00000001	DrawPrimitive	26707	6	2	0	1705AE88	0x4F04BFA5F5BF8626	128	32	DXT1	8	0x00000000	1	0x00000144	1	0	0	0	14743D90	2560	1440	X8R8G8B8	0	0	1	0	1	0	0	1	745	0	0
2026-06-02 17:56:06.546	ui_candidate	0x00000001	DrawPrimitive	26708	6	2	0	1705B748	0x444DBB52F2310683	128	128	DXT1	8	0x00000000	1	0x00000144	1	0	0	0	14743D90	2560	1440	X8R8G8B8	0	0	1	0	1	0	0	1	746	0	0
2026-06-02 17:56:06.546	ui_candidate	0x00000001	DrawPrimitive	26709	6	2	0	1705B668	0xF9CB02B95EE47563	128	128	A8R8G8B8	8	0x00000000	1	0x00000144	1	0	0	0	14743D90	2560	1440	X8R8G8B8	0	0	1	0	1	0	0	1	747	0	0
2026-06-02 17:56:06.546	ui_candidate	0x00000001	DrawPrimitive	26710	6	2	0	1705AB08	0x41445A1FAF2DEFD6	64	32	A8R8G8B8	7	0x00000000	1	0x00000144	1	0	0	0	14743D90	2560	1440	X8R8G8B8	0	0	1	0	1	0	0	1	748	0	0
2026-06-02 17:56:06.547	ui_candidate	0x00000001	DrawPrimitive	26711	6	2	0	1705C008	0xDF283F6321F9092A	128	128	DXT1	8	0x00000000	1	0x00000144	1	0	0	0	14743D90	2560	1440	X8R8G8B8	0	0	1	0	1	0	0	1	749	0	0
2026-06-02 17:56:06.547	ui_candidate	0x00000001	DrawPrimitive	26712	6	2	0	1705BE48	0x1CCFB8F4098C9EAB	64	32	A8R8G8B8	7	0x00000000	1	0x00000144	1	0	0	0	14743D90	2560	1440	X8R8G8B8	0	0	1	0	1	0	0	1	750	0	0
2026-06-02 17:56:06.547	ui_candidate	0x00000001	DrawPrimitive	26713	6	2	0	1705A868	0x187D87DB885944BF	64	64	DXT1	7	0x00000000	1	0x00000144	1	0	0	0	14743D90	2560	1440	X8R8G8B8	0	0	1	0	1	0	0	1	751	0	0
2026-06-02 17:56:06.548	ui_candidate	0x00000001	DrawPrimitive	26714	6	2	0	1705ABE8	0xDD35FD00795E36E4	64	32	A8R8G8B8	7	0x00000000	1	0x00000144	1	0	0	0	14743D90	2560	1440	X8R8G8B8	0	0	1	0	1	0	0	1	752	0	0
2026-06-02 17:56:06.548	ui_candidate	0x00000001	DrawPrimitive	26715	6	2	0	1705B128	0xAA1D477FCFC2A261	128	128	DXT1	8	0x00000000	1	0x00000144	1	0	0	0	14743D90	2560	1440	X8R8G8B8	0	0	1	0	1	0	0	1	753	0	0
2026-06-02 17:56:06.548	ui_candidate	0x00000001	DrawPrimitive	26716	6	2	0	1705C0E8	0x4733037C325EB44D	128	64	DXT1	8	0x00000000	1	0x00000144	1	0	0	0	14743D90	2560	1440	X8R8G8B8	0	0	1	0	1	0	0	1	754	0	0
2026-06-02 17:56:06.548	ui_candidate	0x00000001	DrawPrimitive	26717	6	2	0	1705B3C8	0x2857DE5EDABF32B5	128	64	DXT1	8	0x00000000	1	0x00000144	1	0	0	0	14743D90	2560	1440	X8R8G8B8	0	0	1	0	1	0	0	1	755	0	0
2026-06-02 17:56:06.548	ui_candidate	0x00000001	DrawPrimitive	26718	6	2	0	1705B9E8	0xC55C2EDF451B4A99	128	32	DXT1	8	0x00000000	1	0x00000144	1	0	0	0	14743D90	2560	1440	X8R8G8B8	0	0	1	0	1	0	0	1	756	0	0
2026-06-02 17:56:06.550	ui_candidate	0x00000001	DrawPrimitive	26719	6	2	0	1705B208	0x31B57BDB0FE4CB95	128	128	DXT1	8	0x00000000	1	0x00000144	1	0	0	0	14743D90	2560	1440	X8R8G8B8	0	0	1	0	1	0	0	1	757	0	0
2026-06-02 17:56:06.550	ui_candidate	0x00000001	DrawPrimitive	26720	6	2	0	1705C2A8	0x6A30C6CF9B1B76F5	128	64	DXT1	8	0x00000000	1	0x00000144	1	0	0	0	14743D90	2560	1440	X8R8G8B8	0	0	1	0	1	0	0	1	758	0	0
2026-06-02 17:56:06.550	ui_candidate	0x00000001	DrawPrimitive	26721	6	2	0	1705C388	0x015F253FB053A06B	128	128	DXT1	8	0x00000000	1	0x00000144	1	0	0	0	14743D90	2560	1440	X8R8G8B8	0	0	1	0	1	0	0	1	759	0	0
2026-06-02 17:56:06.551	ui_candidate	0x00000001	DrawPrimitive	26722	6	2	0	1705AA28	0xFD655DDBD0895B3B	128	128	DXT1	8	0x00000000	1	0x00000144	1	0	0	0	14743D90	2560	1440	X8R8G8B8	0	0	1	0	1	0	0	1	760	0	0
2026-06-02 17:56:06.551	ui_candidate	0x00000001	DrawPrimitive	26723	6	2	0	1705ACC8	0x889AEB1ECB262038	128	64	DXT1	8	0x00000000	1	0x00000144	1	0	0	0	14743D90	2560	1440	X8R8G8B8	0	0	1	0	1	0	0	1	761	0	0
2026-06-02 17:56:06.551	ui_candidate	0x00000001	DrawPrimitive	26724	6	2	0	1705B4A8	0x72AC5548669827B0	128	64	DXT1	8	0x00000000	1	0x00000144	1	0	0	0	14743D90	2560	1440	X8R8G8B8	0	0	1	0	1	0	0	1	762	0	0
2026-06-02 17:56:06.552	ui_candidate	0x00000001	DrawPrimitive	26725	6	2	0	1705B828	0xCE0734307E7A9C79	128	64	DXT1	8	0x00000000	1	0x00000144	1	0	0	0	14743D90	2560	1440	X8R8G8B8	0	0	1	0	1	0	0	1	763	0	0
2026-06-02 17:56:06.552	ui_candidate	0x00000001	DrawPrimitive	26726	6	2	0	1705B588	0xC3BF9A51C6710C2F	128	64	DXT1	8	0x00000000	1	0x00000144	1	0	0	0	14743D90	2560	1440	X8R8G8B8	0	0	1	0	1	0	0	1	764	0	0
2026-06-02 17:56:06.552	ui_candidate	0x00000001	DrawPrimitive	26727	6	2	0	1705ADA8	0x6FDD8382E460FFFC	128	64	DXT1	8	0x00000000	1	0x00000144	1	0	0	0	14743D90	2560	1440	X8R8G8B8	0	0	1	0	1	0	0	1	765	0	0
2026-06-02 17:56:06.552	ui_candidate	0x00000001	DrawPrimitive	26728	6	2	0	1705B908	0x11835E0D4A798013	128	64	DXT1	8	0x00000000	1	0x00000144	1	0	0	0	14743D90	2560	1440	X8R8G8B8	0	0	1	0	1	0	0	1	766	0	0
2026-06-02 17:56:06.552	ui_candidate	0x00000001	DrawPrimitive	26729	6	2	0	1705BAC8	0x7994030D8DE77CBD	128	64	DXT1	8	0x00000000	1	0x00000144	1	0	0	0	14743D90	2560	1440	X8R8G8B8	0	0	1	0	1	0	0	1	767	0	0
2026-06-02 17:56:06.553	ui_candidate	0x00000001	DrawPrimitive	26730	6	2	0	1705C7E8	0x6C732DC9A81DD021	128	64	DXT1	8	0x00000000	1	0x00000144	1	0	0	0	14743D90	2560	1440	X8R8G8B8	0	0	1	0	1	0	0	1	768	0	0
2026-06-02 17:56:06.553	ui_candidate	0x00000001	DrawPrimitive	26731	6	2	0	1705C708	0x5C638880AB5C5062	64	128	DXT1	8	0x00000000	1	0x00000144	1	0	0	0	14743D90	2560	1440	X8R8G8B8	0	0	1	0	1	0	0	1	769	0	0
2026-06-02 17:56:06.553	ui_candidate	0x00000001	DrawPrimitive	26732	6	2	0	1705DDC8	0x7F51796005D41397	128	64	DXT1	8	0x00000000	1	0x00000144	1	0	0	0	14743D90	2560	1440	X8R8G8B8	0	0	1	0	1	0	0	1	770	0	0
2026-06-02 17:56:06.553	ui_candidate	0x00000001	DrawPrimitive	26733	6	2	0	1705D5E8	0x64F6EFC4F20992B1	128	32	A8R8G8B8	8	0x00000000	1	0x00000144	1	0	0	0	14743D90	2560	1440	X8R8G8B8	0	0	1	0	1	0	0	1	771	0	0
2026-06-02 17:56:06.554	ui_candidate	0x00000001	DrawPrimitive	26734	6	2	0	1705D428	0x12BC055454F47272	64	64	DXT1	7	0x00000000	1	0x00000144	1	0	0	0	14743D90	2560	1440	X8R8G8B8	0	0	1	0	1	0	0	1	772	0	0
2026-06-02 17:56:06.554	ui_candidate	0x00000001	DrawPrimitive	26735	6	2	0	1705C8C8	0x3753C4B570664EF3	128	128	DXT1	8	0x00000000	1	0x00000144	1	0	0	0	14743D90	2560	1440	X8R8G8B8	0	0	1	0	1	0	0	1	773	0	0
2026-06-02 17:56:06.554	ui_candidate	0x00000001	DrawPrimitive	26736	6	2	0	1705DEA8	0xFBD9C7B9FCF4F716	128	64	DXT1	8	0x00000000	1	0x00000144	1	0	0	0	14743D90	2560	1440	X8R8G8B8	0	0	1	0	1	0	0	1	774	0	0
2026-06-02 17:56:06.555	ui_candidate	0x00000001	DrawPrimitive	26737	6	2	0	1705DF88	0xA68DFBB1D75C6E8D	8	8	A8R8G8B8	4	0x00000000	1	0x00000144	1	0	0	0	14743D90	2560	1440	X8R8G8B8	0	0	1	0	1	0	0	1	775	0	0
2026-06-02 17:56:06.555	ui_candidate	0x00000001	DrawPrimitive	26738	6	2	0	1705C468	0x9D4E4453CB3B1B28	64	64	DXT1	7	0x00000000	1	0x00000144	1	0	0	0	14743D90	2560	1440	X8R8G8B8	0	0	1	0	1	0	0	1	776	0	0
2026-06-02 17:56:06.555	ui_candidate	0x00000001	DrawPrimitive	26739	6	2	0	1705D6C8	0x7EBC3F00247767D9	32	32	DXT1	6	0x00000000	1	0x00000144	1	0	0	0	14743D90	2560	1440	X8R8G8B8	0	0	1	0	1	0	0	1	777	0	0
2026-06-02 17:56:06.556	ui_candidate	0x00000001	DrawPrimitive	26740	6	2	0	1705D188	0x45CEB4D7E7B9B65C	128	64	DXT1	8	0x00000000	1	0x00000144	1	0	0	0	14743D90	2560	1440	X8R8G8B8	0	0	1	0	1	0	0	1	778	0	0
2026-06-02 17:56:06.556	ui_candidate	0x00000001	DrawPrimitive	26741	6	2	0	1705C548	0x33393659903B0883	64	32	A8R8G8B8	7	0x00000000	1	0x00000144	1	0	0	0	14743D90	2560	1440	X8R8G8B8	0	0	1	0	1	0	0	1	779	0	0
2026-06-02 17:56:06.557	ui_candidate	0x00000001	DrawPrimitive	26742	6	2	0	1705C9A8	0xBE65D0900E1007CB	32	32	A8R8G8B8	6	0x00000000	1	0x00000144	1	0	0	0	14743D90	2560	1440	X8R8G8B8	0	0	1	0	1	0	0	1	780	0	0
2026-06-02 17:56:06.557	ui_candidate	0x00000001	DrawPrimitive	26743	6	2	0	1705C628	0xC2256B6966DF5683	16	16	A8R8G8B8	5	0x00000000	1	0x00000144	1	0	0	0	14743D90	2560	1440	X8R8G8B8	0	0	1	0	1	0	0	1	781	0	0
2026-06-02 17:56:06.557	ui_candidate	0x00000001	DrawPrimitive	26744	6	2	0	1705CFC8	0x021F3666624D2A48	16	16	A8R8G8B8	5	0x00000000	1	0x00000144	1	0	0	0	14743D90	2560	1440	X8R8G8B8	0	0	1	0	1	0	0	1	782	0	0
2026-06-02 17:56:06.558	ui_candidate	0x00000001	DrawPrimitive	26745	6	2	0	1705CA88	0xA9C91491831CB8A1	16	16	A8R8G8B8	5	0x00000000	1	0x00000144	1	0	0	0	14743D90	2560	1440	X8R8G8B8	0	0	1	0	1	0	0	1	783	0	0
2026-06-02 17:56:06.558	ui_candidate	0x00000001	DrawPrimitive	26746	6	2	0	1705CB68	0x9D69C08577EADAE8	128	128	DXT1	8	0x00000000	1	0x00000144	1	0	0	0	14743D90	2560	1440	X8R8G8B8	0	0	1	0	1	0	0	1	784	0	0
2026-06-02 17:56:06.558	ui_candidate	0x00000001	DrawPrimitive	26747	6	2	0	1705CE08	0x9E7EFED097333E51	128	128	DXT1	8	0x00000000	1	0x00000144	1	0	0	0	14743D90	2560	1440	X8R8G8B8	0	0	1	0	1	0	0	1	785	0	0
2026-06-02 17:56:06.558	ui_candidate	0x00000001	DrawPrimitive	26748	6	2	0	1705CEE8	0x2A7A93D4F1E12B74	128	128	DXT1	8	0x00000000	1	0x00000144	1	0	0	0	14743D90	2560	1440	X8R8G8B8	0	0	1	0	1	0	0	1	786	0	0
2026-06-02 17:56:06.560	ui_candidate	0x00000001	DrawPrimitive	26749	6	2	0	1705CC48	0x93DFCD2D9CC465B0	128	128	DXT1	8	0x00000000	1	0x00000144	1	0	0	0	14743D90	2560	1440	X8R8G8B8	0	0	1	0	1	0	0	1	787	0	0
2026-06-02 17:56:06.560	ui_candidate	0x00000001	DrawPrimitive	26750	6	2	0	1705CD28	0x086D805FA0A96A4B	128	128	DXT1	8	0x00000000	1	0x00000144	1	0	0	0	14743D90	2560	1440	X8R8G8B8	0	0	1	0	1	0	0	1	788	0	0
2026-06-02 17:56:06.561	ui_candidate	0x00000001	DrawPrimitive	26751	6	2	0	1705D0A8	0x27654A9A65FD4AC0	128	128	A8R8G8B8	1	0x00000000	1	0x00000144	1	0	0	0	14743D90	2560	1440	X8R8G8B8	0	0	1	0	1	0	0	1	789	0	0
2026-06-02 17:56:06.561	ui_candidate	0x00000001	DrawPrimitive	26752	6	2	0	1705D268	0x7F335FFAE03C8985	128	128	DXT1	8	0x00000000	1	0x00000144	1	0	0	0	14743D90	2560	1440	X8R8G8B8	0	0	1	0	1	0	0	1	790	0	0
2026-06-02 17:56:06.561	ui_candidate	0x00000001	DrawPrimitive	26753	6	2	0	1705D348	0xE6F6E049B6567FF6	128	128	DXT1	8	0x00000000	1	0x00000144	1	0	0	0	14743D90	2560	1440	X8R8G8B8	0	0	1	0	1	0	0	1	791	0	0
2026-06-02 17:56:06.562	ui_candidate	0x00000001	DrawPrimitive	26754	6	2	0	1705D508	0x4DAB47F5DD0C1E93	128	128	DXT1	8	0x00000000	1	0x00000144	1	0	0	0	14743D90	2560	1440	X8R8G8B8	0	0	1	0	1	0	0	1	792	0	0
2026-06-02 17:56:06.562	ui_candidate	0x00000001	DrawPrimitive	26755	6	2	0	1705D7A8	0x24767F1243CE0515	128	128	DXT1	8	0x00000000	1	0x00000144	1	0	0	0	14743D90	2560	1440	X8R8G8B8	0	0	1	0	1	0	0	1	793	0	0
2026-06-02 17:56:06.562	ui_candidate	0x00000001	DrawPrimitive	26756	6	2	0	1705DC08	0xAA036F2A7E874C92	128	128	DXT1	8	0x00000000	1	0x00000144	1	0	0	0	14743D90	2560	1440	X8R8G8B8	0	0	1	0	1	0	0	1	794	0	0
2026-06-02 17:56:06.563	ui_candidate	0x00000001	DrawPrimitive	26757	6	2	0	1705D888	0x75A655F4E33BB3A4	128	128	DXT1	8	0x00000000	1	0x00000144	1	0	0	0	14743D90	2560	1440	X8R8G8B8	0	0	1	0	1	0	0	1	795	0	0
2026-06-02 17:56:06.563	ui_candidate	0x00000001	DrawPrimitive	26758	6	2	0	1705D968	0x02A6E782C77123E8	128	128	DXT1	8	0x00000000	1	0x00000144	1	0	0	0	14743D90	2560	1440	X8R8G8B8	0	0	1	0	1	0	0	1	796	0	0
2026-06-02 17:56:06.563	ui_candidate	0x00000001	DrawPrimitive	26759	6	2	0	1705DCE8	0xA1304DE48874A385	128	32	DXT1	8	0x00000000	1	0x00000144	1	0	0	0	14743D90	2560	1440	X8R8G8B8	0	0	1	0	1	0	0	1	797	0	0
2026-06-02 17:56:06.564	ui_candidate	0x00000001	DrawPrimitive	26760	6	2	0	1705DA48	0x15A223081A3F4E7B	128	32	DXT1	8	0x00000000	1	0x00000144	1	0	0	0	14743D90	2560	1440	X8R8G8B8	0	0	1	0	1	0	0	1	798	0	0
2026-06-02 17:56:06.564	ui_candidate	0x00000001	DrawPrimitive	26761	6	2	0	1705DB28	0xDF15E7B8D489C249	128	32	DXT1	8	0x00000000	1	0x00000144	1	0	0	0	14743D90	2560	1440	X8R8G8B8	0	0	1	0	1	0	0	1	799	0	0
2026-06-02 17:56:06.564	ui_candidate	0x00000001	DrawPrimitive	26762	6	2	0	1705EBC8	0x3090DB818F2BACF1	128	32	DXT1	8	0x00000000	1	0x00000144	1	0	0	0	14743D90	2560	1440	X8R8G8B8	0	0	1	0	1	0	0	1	800	0	0
2026-06-02 17:56:06.564	ui_candidate	0x00000001	DrawPrimitive	26763	6	2	0	1705E308	0x6C5CD0B0BEC59CDC	128	32	DXT1	8	0x00000000	1	0x00000144	1	0	0	0	14743D90	2560	1440	X8R8G8B8	0	0	1	0	1	0	0	1	801	0	0
2026-06-02 17:56:06.565	ui_candidate	0x00000001	DrawPrimitive	26764	6	2	0	1705E848	0x9C5C6462C262EC0E	128	32	DXT1	8	0x00000000	1	0x00000144	1	0	0	0	14743D90	2560	1440	X8R8G8B8	0	0	1	0	1	0	0	1	802	0	0
2026-06-02 17:56:06.565	ui_candidate	0x00000001	DrawPrimitive	26765	6	2	0	1705F108	0x3B4FD1876D3FA43C	128	128	DXT1	8	0x00000000	1	0x00000144	1	0	0	0	14743D90	2560	1440	X8R8G8B8	0	0	1	0	1	0	0	1	803	0	0
2026-06-02 17:56:06.565	ui_candidate	0x00000001	DrawPrimitive	26766	6	2	0	1705F2C8	0x04B07303157B7DD7	128	128	DXT1	8	0x00000000	1	0x00000144	1	0	0	0	14743D90	2560	1440	X8R8G8B8	0	0	1	0	1	0	0	1	804	0	0
2026-06-02 17:56:06.566	ui_candidate	0x00000001	DrawPrimitive	26767	6	2	0	1705F3A8	0x4A6E470FF9CD2D96	64	32	A8R8G8B8	7	0x00000000	1	0x00000144	1	0	0	0	14743D90	2560	1440	X8R8G8B8	0	0	1	0	1	0	0	1	805	0	0
2026-06-02 17:56:06.566	ui_candidate	0x00000001	DrawPrimitive	26768	6	2	0	1705F488	0x60CAE13205218A79	128	128	DXT1	8	0x00000000	1	0x00000144	1	0	0	0	14743D90	2560	1440	X8R8G8B8	0	0	1	0	1	0	0	1	806	0	0
2026-06-02 17:56:06.566	ui_candidate	0x00000001	DrawPrimitive	26769	6	2	0	1705EE68	0x21C2247D40BB250D	64	32	A8R8G8B8	7	0x00000000	1	0x00000144	1	0	0	0	14743D90	2560	1440	X8R8G8B8	0	0	1	0	1	0	0	1	807	0	0
2026-06-02 17:56:06.567	ui_candidate	0x00000001	DrawPrimitive	26770	6	2	0	1705E928	0xEE2BE1B3A8F9EB55	32	32	DXT1	6	0x00000000	1	0x00000144	1	0	0	0	14743D90	2560	1440	X8R8G8B8	0	0	1	0	1	0	0	1	808	0	0
2026-06-02 17:56:06.567	ui_candidate	0x00000001	DrawPrimitive	26771	6	2	0	1705FB88	0xB30B30395022A0B7	64	64	DXT1	7	0x00000000	1	0x00000144	1	0	0	0	14743D90	2560	1440	X8R8G8B8	0	0	1	0	1	0	0	1	809	0	0
2026-06-02 17:56:06.567	ui_candidate	0x00000001	DrawPrimitive	26772	6	2	0	1705F568	0x5E33321895D32D14	128	128	DXT1	8	0x00000000	1	0x00000144	1	0	0	0	14743D90	2560	1440	X8R8G8B8	0	0	1	0	1	0	0	1	810	0	0
2026-06-02 17:56:06.568	ui_candidate	0x00000001	DrawPrimitive	26773	6	2	0	1705E068	0x8FDD379D8FEF4252	128	128	DXT1	8	0x00000000	1	0x00000144	1	0	0	0	14743D90	2560	1440	X8R8G8B8	0	0	1	0	1	0	0	1	811	0	0
2026-06-02 17:56:06.568	ui_candidate	0x00000001	DrawPrimitive	26774	6	2	0	1705E148	0xCDC9066D74791BED	128	128	DXT1	8	0x00000000	1	0x00000144	1	0	0	0	14743D90	2560	1440	X8R8G8B8	0	0	1	0	1	0	0	1	812	0	0
2026-06-02 17:56:06.568	ui_candidate	0x00000001	DrawPrimitive	26775	6	2	0	1705E228	0x52505647999C1F4E	128	128	DXT1	1	0x00000000	1	0x00000144	1	0	0	0	14743D90	2560	1440	X8R8G8B8	0	0	1	0	1	0	0	1	813	0	0
2026-06-02 17:56:06.569	ui_candidate	0x00000001	DrawPrimitive	26776	6	2	0	1705EF48	0xD4FE2875B47D393C	128	128	DXT1	8	0x00000000	1	0x00000144	1	0	0	0	14743D90	2560	1440	X8R8G8B8	0	0	1	0	1	0	0	1	814	0	0
2026-06-02 17:56:06.569	ui_candidate	0x00000001	DrawPrimitive	26777	6	2	0	1705F028	0x693466C9772B494F	128	128	A8R8G8B8	8	0x00000000	1	0x00000144	1	0	0	0	14743D90	2560	1440	X8R8G8B8	0	0	1	0	1	0	0	1	815	0	0
2026-06-02 17:56:06.569	ui_candidate	0x00000001	DrawPrimitive	26778	6	2	0	1705EA08	0x61B73FE52F662B4A	128	128	DXT1	8	0x00000000	1	0x00000144	1	0	0	0	14743D90	2560	1440	X8R8G8B8	0	0	1	0	1	0	0	1	816	0	0
2026-06-02 17:56:06.570	ui_candidate	0x00000001	DrawPrimitive	26779	6	2	0	1705F648	0x49B9E18AEB8F3018	128	64	DXT1	8	0x00000000	1	0x00000144	1	0	0	0	14743D90	2560	1440	X8R8G8B8	0	0	1	0	1	0	0	1	817	0	0
2026-06-02 17:56:06.570	ui_candidate	0x00000001	DrawPrimitive	26780	6	2	0	1705F728	0x453D95183A84B166	64	64	DXT1	7	0x00000000	1	0x00000144	1	0	0	0	14743D90	2560	1440	X8R8G8B8	0	0	1	0	1	0	0	1	818	0	0
2026-06-02 17:56:06.570	ui_candidate	0x00000001	DrawPrimitive	26781	6	2	0	1705F1E8	0x7E9946863EAD4CA3	64	64	DXT1	7	0x00000000	1	0x00000144	1	0	0	0	14743D90	2560	1440	X8R8G8B8	0	0	1	0	1	0	0	1	819	0	0
2026-06-02 17:56:06.570	ui_candidate	0x00000001	DrawPrimitive	26782	6	2	0	1705E3E8	0x71BE65AC94C04699	64	64	DXT1	7	0x00000000	1	0x00000144	1	0	0	0	14743D90	2560	1440	X8R8G8B8	0	0	1	0	1	0	0	1	820	0	0
2026-06-02 17:56:06.570	ui_candidate	0x00000001	DrawPrimitive	26783	6	2	0	1705F808	0xCB9BB80E34DE5A71	64	64	DXT1	7	0x00000000	1	0x00000144	1	0	0	0	14743D90	2560	1440	X8R8G8B8	0	0	1	0	1	0	0	1	821	0	0
2026-06-02 17:56:06.571	ui_candidate	0x00000001	DrawPrimitive	26784	6	2	0	1705E4C8	0x1EDECDE19C4ADE25	64	64	DXT1	7	0x00000000	1	0x00000144	1	0	0	0	14743D90	2560	1440	X8R8G8B8	0	0	1	0	1	0	0	1	822	0	0
2026-06-02 17:56:06.571	ui_candidate	0x00000001	DrawPrimitive	26785	6	2	0	1705E768	0xE4F691C8F8FBC4C6	64	64	DXT1	7	0x00000000	1	0x00000144	1	0	0	0	14743D90	2560	1440	X8R8G8B8	0	0	1	0	1	0	0	1	823	0	0
2026-06-02 17:56:06.571	ui_candidate	0x00000001	DrawPrimitive	26786	6	2	0	1705E688	0x71E3A8EF30A7D044	64	64	DXT1	7	0x00000000	1	0x00000144	1	0	0	0	14743D90	2560	1440	X8R8G8B8	0	0	1	0	1	0	0	1	824	0	0
2026-06-02 17:56:06.572	ui_candidate	0x00000001	DrawPrimitive	26787	6	2	0	1705F8E8	0xEEF6D867ECC4A472	64	64	DXT1	7	0x00000000	1	0x00000144	1	0	0	0	14743D90	2560	1440	X8R8G8B8	0	0	1	0	1	0	0	1	825	0	0
2026-06-02 17:56:06.572	ui_candidate	0x00000001	DrawPrimitive	26788	6	2	0	1705F9C8	0xFDC85D13DB312CB8	64	64	DXT1	7	0x00000000	1	0x00000144	1	0	0	0	14743D90	2560	1440	X8R8G8B8	0	0	1	0	1	0	0	1	826	0	0
2026-06-02 17:56:06.572	ui_candidate	0x00000001	DrawPrimitive	26789	6	2	0	1705EAE8	0x2D0077B33D221EAA	64	64	DXT1	7	0x00000000	1	0x00000144	1	0	0	0	14743D90	2560	1440	X8R8G8B8	0	0	1	0	1	0	0	1	827	0	0
2026-06-02 17:56:06.573	ui_candidate	0x00000001	DrawPrimitive	26790	6	2	0	1705ECA8	0x146FA9B339F65D31	64	64	DXT1	7	0x00000000	1	0x00000144	1	0	0	0	14743D90	2560	1440	X8R8G8B8	0	0	1	0	1	0	0	1	828	0	0
2026-06-02 17:56:06.573	ui_candidate	0x00000001	DrawPrimitive	26791	6	2	0	1705ED88	0x5CA4F120A8EEC10B	64	64	DXT1	7	0x00000000	1	0x00000144	1	0	0	0	14743D90	2560	1440	X8R8G8B8	0	0	1	0	1	0	0	1	829	0	0
2026-06-02 17:56:06.573	ui_candidate	0x00000001	DrawPrimitive	26792	6	2	0	1705FAA8	0x1B9DC409D43EEB59	64	64	DXT1	7	0x00000000	1	0x00000144	1	0	0	0	14743D90	2560	1440	X8R8G8B8	0	0	1	0	1	0	0	1	830	0	0
2026-06-02 17:56:06.574	ui_candidate	0x00000001	DrawPrimitive	26793	6	2	0	1705E5A8	0x0B790634D3EC8BDD	64	64	DXT1	7	0x00000000	1	0x00000144	1	0	0	0	14743D90	2560	1440	X8R8G8B8	0	0	1	0	1	0	0	1	831	0	0
2026-06-02 17:56:06.574	ui_candidate	0x00000001	DrawPrimitive	26794	6	2	0	17060C28	0x3695A7533A66A4FA	64	64	DXT1	7	0x00000000	1	0x00000144	1	0	0	0	14743D90	2560	1440	X8R8G8B8	0	0	1	0	1	0	0	1	832	0	0
2026-06-02 17:56:06.574	ui_candidate	0x00000001	DrawPrimitive	26795	6	2	0	17060988	0x193D74DE9FEEA9DE	64	64	DXT1	7	0x00000000	1	0x00000144	1	0	0	0	14743D90	2560	1440	X8R8G8B8	0	0	1	0	1	0	0	1	833	0	0
2026-06-02 17:56:06.575	ui_candidate	0x00000001	DrawPrimitive	26796	6	2	0	170614E8	0x86CB3E6CC84F9371	128	128	DXT1	8	0x00000000	1	0x00000144	1	0	0	0	14743D90	2560	1440	X8R8G8B8	0	0	1	0	1	0	0	1	834	0	0
2026-06-02 17:56:06.575	ui_candidate	0x00000001	DrawPrimitive	26797	6	2	0	17060DE8	0xA1FA83E1048B779A	128	128	DXT1	8	0x00000000	1	0x00000144	1	0	0	0	14743D90	2560	1440	X8R8G8B8	0	0	1	0	1	0	0	1	835	0	0
2026-06-02 17:56:06.576	ui_candidate	0x00000001	DrawPrimitive	26798	6	2	0	17061408	0x45E147F6A3A35F55	32	32	DXT1	6	0x00000000	1	0x00000144	1	0	0	0	14743D90	2560	1440	X8R8G8B8	0	0	1	0	1	0	0	1	836	0	0
2026-06-02 17:56:06.576	ui_candidate	0x00000001	DrawPrimitive	26799	6	2	0	17060EC8	0x05E56CE914EF3586	128	32	DXT1	8	0x00000000	1	0x00000144	1	0	0	0	14743D90	2560	1440	X8R8G8B8	0	0	1	0	1	0	0	1	837	0	0
2026-06-02 17:56:06.576	ui_candidate	0x00000001	DrawPrimitive	26800	6	2	0	17060608	0x9A68A92F431A8C11	64	32	DXT1	7	0x00000000	1	0x00000144	1	0	0	0	14743D90	2560	1440	X8R8G8B8	0	0	1	0	1	0	0	1	838	0	0
2026-06-02 17:56:06.577	ui_candidate	0x00000001	DrawPrimitive	26801	6	2	0	17060D08	0x006DE71FD34F96B2	32	128	DXT1	8	0x00000000	1	0x00000144	1	0	0	0	14743D90	2560	1440	X8R8G8B8	0	0	1	0	1	0	0	1	839	0	0
2026-06-02 17:56:06.577	ui_candidate	0x00000001	DrawPrimitive	26802	6	2	0	170615C8	0x915A7003E23A7D55	32	32	A8R8G8B8	6	0x00000000	1	0x00000144	1	0	0	0	14743D90	2560	1440	X8R8G8B8	0	0	1	0	1	0	0	1	840	0	0
2026-06-02 17:56:06.577	ui_candidate	0x00000001	DrawPrimitive	26803	6	2	0	17060368	0x95CEFF1C4E2F0F55	64	32	A8R8G8B8	7	0x00000000	1	0x00000144	1	0	0	0	14743D90	2560	1440	X8R8G8B8	0	0	1	0	1	0	0	1	841	0	0
2026-06-02 17:56:06.578	ui_candidate	0x00000001	DrawPrimitive	26804	6	2	0	17060448	0xF59B2AFCA9C2D649	64	32	A8R8G8B8	7	0x00000000	1	0x00000144	1	0	0	0	14743D90	2560	1440	X8R8G8B8	0	0	1	0	1	0	0	1	842	0	0
2026-06-02 17:56:06.578	ui_candidate	0x00000001	DrawPrimitive	26805	6	2	0	17060FA8	0xCF9090E68F145AF0	64	32	A8R8G8B8	7	0x00000000	1	0x00000144	1	0	0	0	14743D90	2560	1440	X8R8G8B8	0	0	1	0	1	0	0	1	843	0	0
2026-06-02 17:56:06.578	ui_candidate	0x00000001	DrawPrimitive	26806	6	2	0	1705FF08	0x199270865DA1B7F3	64	32	A8R8G8B8	7	0x00000000	1	0x00000144	1	0	0	0	14743D90	2560	1440	X8R8G8B8	0	0	1	0	1	0	0	1	844	0	0
2026-06-02 17:56:06.578	ui_candidate	0x00000001	DrawPrimitive	26807	6	2	0	17060A68	0x3BC683899C7911F6	32	32	A8R8G8B8	6	0x00000000	1	0x00000144	1	0	0	0	14743D90	2560	1440	X8R8G8B8	0	0	1	0	1	0	0	1	845	0	0
2026-06-02 17:56:06.578	ui_candidate	0x00000001	DrawPrimitive	26808	6	2	0	170616A8	0x4FF1F126301939E4	64	64	A8R8G8B8	7	0x00000000	1	0x00000144	1	0	0	0	14743D90	2560	1440	X8R8G8B8	0	0	1	0	1	0	0	1	846	0	0
2026-06-02 17:56:06.580	ui_candidate	0x00000001	DrawPrimitive	26809	6	2	0	17060B48	0x96E46F63D17CCFD3	128	64	A8R8G8B8	8	0x00000000	1	0x00000144	1	0	0	0	14743D90	2560	1440	X8R8G8B8	0	0	1	0	1	0	0	1	847	0	0
2026-06-02 17:56:06.580	ui_candidate	0x00000001	DrawPrimitive	26810	6	2	0	17061088	0x0E458E4FA7C51F55	128	32	A8R8G8B8	8	0x00000000	1	0x00000144	1	0	0	0	14743D90	2560	1440	X8R8G8B8	0	0	1	0	1	0	0	1	848	0	0
2026-06-02 17:56:06.580	ui_candidate	0x00000001	DrawPrimitive	26811	6	2	0	17061328	0x305EAF855B3B71AB	32	32	DXT1	6	0x00000000	1	0x00000144	1	0	0	0	14743D90	2560	1440	X8R8G8B8	0	0	1	0	1	0	0	1	849	0	0
2026-06-02 17:56:06.581	ui_candidate	0x00000001	DrawPrimitive	26812	6	2	0	1705FFE8	0x49F0B5BAD86F6AE1	32	32	DXT1	6	0x00000000	1	0x00000144	1	0	0	0	14743D90	2560	1440	X8R8G8B8	0	0	1	0	1	0	0	1	850	0	0
2026-06-02 17:56:06.581	ui_candidate	0x00000001	DrawPrimitive	26813	6	2	0	17061248	0xDBF6820C98620070	128	32	A8R8G8B8	8	0x00000000	1	0x00000144	1	0	0	0	14743D90	2560	1440	X8R8G8B8	0	0	1	0	1	0	0	1	851	0	0
2026-06-02 17:56:06.581	ui_candidate	0x00000001	DrawPrimitive	26814	6	2	0	17061168	0xA113B01341F93B33	64	32	DXT1	7	0x00000000	1	0x00000144	1	0	0	0	14743D90	2560	1440	X8R8G8B8	0	0	1	0	1	0	0	1	852	0	0
2026-06-02 17:56:06.582	ui_candidate	0x00000001	DrawPrimitive	26815	6	2	0	17061788	0x93610DDF30E2DA3C	64	32	DXT1	7	0x00000000	1	0x00000144	1	0	0	0	14743D90	2560	1440	X8R8G8B8	0	0	1	0	1	0	0	1	853	0	0
2026-06-02 17:56:06.582	ui_candidate	0x00000001	DrawPrimitive	26816	6	2	0	1705FC68	0xFCAF74D831FB353F	64	32	DXT1	7	0x00000000	1	0x00000144	1	0	0	0	14743D90	2560	1440	X8R8G8B8	0	0	1	0	1	0	0	1	854	0	0
2026-06-02 17:56:06.582	ui_candidate	0x00000001	DrawPrimitive	26817	6	2	0	17060528	0xA62BC7A48A17FFEB	32	64	DXT1	7	0x00000000	1	0x00000144	1	0	0	0	14743D90	2560	1440	X8R8G8B8	0	0	1	0	1	0	0	1	855	0	0
2026-06-02 17:56:06.583	ui_candidate	0x00000001	DrawPrimitive	26818	6	2	0	1705FD48	0x1C76D64E71D5979D	64	16	A8R8G8B8	7	0x00000000	1	0x00000144	1	0	0	0	14743D90	2560	1440	X8R8G8B8	0	0	1	0	1	0	0	1	856	0	0
2026-06-02 17:56:06.583	ui_candidate	0x00000001	DrawPrimitive	26819	6	2	0	170606E8	0x47EF8D25D66DDCAA	64	16	A8R8G8B8	7	0x00000000	1	0x00000144	1	0	0	0	14743D90	2560	1440	X8R8G8B8	0	0	1	0	1	0	0	1	857	0	0
2026-06-02 17:56:06.583	ui_candidate	0x00000001	DrawPrimitive	26820	6	2	0	1705FE28	0x567C6D2199FD8AF2	64	16	A8R8G8B8	7	0x00000000	1	0x00000144	1	0	0	0	14743D90	2560	1440	X8R8G8B8	0	0	1	0	1	0	0	1	858	0	0
2026-06-02 17:56:06.584	ui_candidate	0x00000001	DrawPrimitive	26821	6	2	0	170600C8	0x31253566ACA73CE7	64	16	A8R8G8B8	7	0x00000000	1	0x00000144	1	0	0	0	14743D90	2560	1440	X8R8G8B8	0	0	1	0	1	0	0	1	859	0	0
2026-06-02 17:56:06.584	ui_candidate	0x00000001	DrawPrimitive	26822	6	2	0	170601A8	0x5EADFB71C5DB0987	64	16	DXT1	7	0x00000000	1	0x00000144	1	0	0	0	14743D90	2560	1440	X8R8G8B8	0	0	1	0	1	0	0	1	860	0	0
2026-06-02 17:56:06.584	ui_candidate	0x00000001	DrawPrimitive	26823	6	2	0	17060288	0x3F8637551E1623F2	64	16	DXT1	7	0x00000000	1	0x00000144	1	0	0	0	14743D90	2560	1440	X8R8G8B8	0	0	1	0	1	0	0	1	861	0	0
2026-06-02 17:56:06.585	ui_candidate	0x00000001	DrawPrimitive	26824	6	2	0	170607C8	0xDFC2A0B0CBDA7747	64	16	DXT1	7	0x00000000	1	0x00000144	1	0	0	0	14743D90	2560	1440	X8R8G8B8	0	0	1	0	1	0	0	1	862	0	0
2026-06-02 17:56:06.585	ui_candidate	0x00000001	DrawPrimitive	26825	6	2	0	170608A8	0xF92B5AB892263FBB	64	16	DXT1	7	0x00000000	1	0x00000144	1	0	0	0	14743D90	2560	1440	X8R8G8B8	0	0	1	0	1	0	0	1	863	0	0
2026-06-02 17:56:06.585	ui_candidate	0x00000001	DrawPrimitive	26826	6	2	0	17062C88	0x0FA6EE977A56F8F9	64	16	A8R8G8B8	7	0x00000000	1	0x00000144	1	0	0	0	14743D90	2560	1440	X8R8G8B8	0	0	1	0	1	0	0	1	864	0	0
2026-06-02 17:56:06.586	ui_candidate	0x00000001	DrawPrimitive	26827	6	2	0	17062208	0x674B62BD35418543	64	16	DXT1	7	0x00000000	1	0x00000144	1	0	0	0	14743D90	2560	1440	X8R8G8B8	0	0	1	0	1	0	0	1	865	0	0
2026-06-02 17:56:06.586	ui_candidate	0x00000001	DrawPrimitive	26828	6	2	0	17062128	0xABED8945FB49A472	64	16	A8R8G8B8	7	0x00000000	1	0x00000144	1	0	0	0	14743D90	2560	1440	X8R8G8B8	0	0	1	0	1	0	0	1	866	0	0
2026-06-02 17:56:06.586	ui_candidate	0x00000001	DrawPrimitive	26829	6	2	0	17063008	0x03A7D9AC0AE89045	64	16	DXT1	7	0x00000000	1	0x00000144	1	0	0	0	14743D90	2560	1440	X8R8G8B8	0	0	1	0	1	0	0	1	867	0	0
2026-06-02 17:56:06.587	ui_candidate	0x00000001	DrawPrimitive	26830	6	2	0	170629E8	0xA587E53D0AFAD8DE	64	16	A8R8G8B8	7	0x00000000	1	0x00000144	1	0	0	0	14743D90	2560	1440	X8R8G8B8	0	0	1	0	1	0	0	1	868	0	0
2026-06-02 17:56:06.587	ui_candidate	0x00000001	DrawPrimitive	26831	6	2	0	170624A8	0x109C27082F64A8A6	64	16	DXT1	7	0x00000000	1	0x00000144	1	0	0	0	14743D90	2560	1440	X8R8G8B8	0	0	1	0	1	0	0	1	869	0	0
2026-06-02 17:56:06.587	ui_candidate	0x00000001	DrawPrimitive	26832	6	2	0	17062F28	0x0BCD2AD729C2FC12	32	32	DXT1	6	0x00000000	1	0x00000144	1	0	0	0	14743D90	2560	1440	X8R8G8B8	0	0	1	0	1	0	0	1	870	0	0
2026-06-02 17:56:06.588	ui_candidate	0x00000001	DrawPrimitive	26833	6	2	0	17062908	0xB3889CEAF4495A1A	32	64	DXT1	7	0x00000000	1	0x00000144	1	0	0	0	14743D90	2560	1440	X8R8G8B8	0	0	1	0	1	0	0	1	871	0	0
2026-06-02 17:56:06.588	ui_candidate	0x00000001	DrawPrimitive	26834	6	2	0	17061DA8	0x8D9219C3FFCF3FDF	32	32	DXT1	6	0x00000000	1	0x00000144	1	0	0	0	14743D90	2560	1440	X8R8G8B8	0	0	1	0	1	0	0	1	872	0	0
2026-06-02 17:56:06.588	ui_candidate	0x00000001	DrawPrimitive	26835	6	2	0	17063388	0x0183C3FCBCAC546B	32	32	DXT1	6	0x00000000	1	0x00000144	1	0	0	0	14743D90	2560	1440	X8R8G8B8	0	0	1	0	1	0	0	1	873	0	0
2026-06-02 17:56:06.589	ui_candidate	0x00000001	DrawPrimitive	26836	6	2	0	17061948	0x86D0BA982A64B3CC	32	32	DXT1	6	0x00000000	1	0x00000144	1	0	0	0	14743D90	2560	1440	X8R8G8B8	0	0	1	0	1	0	0	1	874	0	0
2026-06-02 17:56:06.589	ui_candidate	0x00000001	DrawPrimitive	26837	6	2	0	17062748	0xC3416FA40CF3215B	64	32	DXT1	7	0x00000000	1	0x00000144	1	0	0	0	14743D90	2560	1440	X8R8G8B8	0	0	1	0	1	0	0	1	875	0	0
2026-06-02 17:56:06.589	ui_candidate	0x00000001	DrawPrimitive	26838	6	2	0	170630E8	0xACCD3C864D2FEBD4	32	32	DXT1	6	0x00000000	1	0x00000144	1	0	0	0	14743D90	2560	1440	X8R8G8B8	0	0	1	0	1	0	0	1	876	0	0
2026-06-02 17:56:06.590	ui_candidate	0x00000001	DrawPrimitive	26839	6	2	0	170632A8	0xA98B7EB0DE937D39	32	32	DXT1	6	0x00000000	1	0x00000144	1	0	0	0	14743D90	2560	1440	X8R8G8B8	0	0	1	0	1	0	0	1	877	0	0
2026-06-02 17:56:06.590	ui_candidate	0x00000001	DrawPrimitive	26840	6	2	0	17062048	0x864DF3A5D4AE6C8D	32	32	DXT1	6	0x00000000	1	0x00000144	1	0	0	0	14743D90	2560	1440	X8R8G8B8	0	0	1	0	1	0	0	1	878	0	0
2026-06-02 17:56:06.590	ui_candidate	0x00000001	DrawPrimitive	26841	6	2	0	170631C8	0xBB9765C90B3B2A98	64	32	DXT1	7	0x00000000	1	0x00000144	1	0	0	0	14743D90	2560	1440	X8R8G8B8	0	0	1	0	1	0	0	1	879	0	0
2026-06-02 17:56:06.590	ui_candidate	0x00000001	DrawPrimitive	26842	6	2	0	17062E48	0x73EEA06B2BD92548	32	32	DXT1	6	0x00000000	1	0x00000144	1	0	0	0	14743D90	2560	1440	X8R8G8B8	0	0	1	0	1	0	0	1	880	0	0
2026-06-02 17:56:06.591	ui_candidate	0x00000001	DrawPrimitive	26843	6	2	0	17062668	0xE135CFC6C305A5A0	32	32	DXT1	6	0x00000000	1	0x00000144	1	0	0	0	14743D90	2560	1440	X8R8G8B8	0	0	1	0	1	0	0	1	881	0	0
2026-06-02 17:56:06.591	ui_candidate	0x00000001	DrawPrimitive	26844	6	2	0	17062828	0xCDEA14A51262E464	32	64	DXT1	7	0x00000000	1	0x00000144	1	0	0	0	14743D90	2560	1440	X8R8G8B8	0	0	1	0	1	0	0	1	882	0	0
2026-06-02 17:56:06.592	ui_candidate	0x00000001	DrawPrimitive	26845	6	2	0	17061B08	0x3047D271A6C278EB	32	32	DXT1	6	0x00000000	1	0x00000144	1	0	0	0	14743D90	2560	1440	X8R8G8B8	0	0	1	0	1	0	0	1	883	0	0
2026-06-02 17:56:06.592	ui_candidate	0x00000001	DrawPrimitive	26846	6	2	0	17061BE8	0x48B6E06B3CF5BB57	32	32	DXT1	6	0x00000000	1	0x00000144	1	0	0	0	14743D90	2560	1440	X8R8G8B8	0	0	1	0	1	0	0	1	884	0	0
2026-06-02 17:56:06.592	ui_candidate	0x00000001	DrawPrimitive	26847	6	2	0	17061A28	0xA43D05DBA91916AD	32	32	DXT1	6	0x00000000	1	0x00000144	1	0	0	0	14743D90	2560	1440	X8R8G8B8	0	0	1	0	1	0	0	1	885	0	0
2026-06-02 17:56:06.592	ui_candidate	0x00000001	DrawPrimitive	26848	6	2	0	17061CC8	0x8D57F5AF81D5865C	64	32	DXT1	7	0x00000000	1	0x00000144	1	0	0	0	14743D90	2560	1440	X8R8G8B8	0	0	1	0	1	0	0	1	886	0	0
2026-06-02 17:56:06.593	ui_candidate	0x00000001	DrawPrimitive	26849	6	2	0	17062BA8	0x3DDF2D78774BFADE	32	32	DXT1	6	0x00000000	1	0x00000144	1	0	0	0	14743D90	2560	1440	X8R8G8B8	0	0	1	0	1	0	0	1	887	0	0
2026-06-02 17:56:06.593	ui_candidate	0x00000001	DrawPrimitive	26850	6	2	0	17061E88	0x7FB70F59AEB9F270	64	64	DXT1	7	0x00000000	1	0x00000144	1	0	0	0	14743D90	2560	1440	X8R8G8B8	0	0	1	0	1	0	0	1	888	0	0
2026-06-02 17:56:06.593	ui_candidate	0x00000001	DrawPrimitive	26851	6	2	0	17062588	0xDD52A100C96C0CC9	32	32	DXT1	6	0x00000000	1	0x00000144	1	0	0	0	14743D90	2560	1440	X8R8G8B8	0	0	1	0	1	0	0	1	889	0	0
2026-06-02 17:56:06.594	ui_candidate	0x00000001	DrawPrimitive	26852	6	2	0	170622E8	0x69A4507A92BAF135	64	32	DXT1	7	0x00000000	1	0x00000144	1	0	0	0	14743D90	2560	1440	X8R8G8B8	0	0	1	0	1	0	0	1	890	0	0
2026-06-02 17:56:06.594	ui_candidate	0x00000001	DrawPrimitive	26853	6	2	0	17061868	0x7ED25935A80DCED6	32	32	DXT1	6	0x00000000	1	0x00000144	1	0	0	0	14743D90	2560	1440	X8R8G8B8	0	0	1	0	1	0	0	1	891	0	0
2026-06-02 17:56:06.594	ui_candidate	0x00000001	DrawPrimitive	26854	6	2	0	17061F68	0x390C41AA463D753B	64	32	DXT1	7	0x00000000	1	0x00000144	1	0	0	0	14743D90	2560	1440	X8R8G8B8	0	0	1	0	1	0	0	1	892	0	0
2026-06-02 17:56:06.595	ui_candidate	0x00000001	DrawPrimitive	26855	6	2	0	170623C8	0x61D29EAE4EAE05B0	32	32	DXT1	6	0x00000000	1	0x00000144	1	0	0	0	14743D90	2560	1440	X8R8G8B8	0	0	1	0	1	0	0	1	893	0	0
2026-06-02 17:56:06.595	ui_candidate	0x00000001	DrawPrimitive	26856	6	2	0	17062AC8	0xCD12BCA1D3B3A810	32	32	DXT1	6	0x00000000	1	0x00000144	1	0	0	0	14743D90	2560	1440	X8R8G8B8	0	0	1	0	1	0	0	1	894	0	0
2026-06-02 17:56:06.595	ui_candidate	0x00000001	DrawPrimitive	26857	6	2	0	17062D68	0xC9B304B67B3B599A	64	64	DXT1	7	0x00000000	1	0x00000144	1	0	0	0	14743D90	2560	1440	X8R8G8B8	0	0	1	0	1	0	0	1	895	0	0
2026-06-02 17:56:06.596	ui_candidate	0x00000001	DrawPrimitive	26858	6	2	0	17064888	0x1B5C0FA9292613A7	32	32	DXT1	6	0x00000000	1	0x00000144	1	0	0	0	14743D90	2560	1440	X8R8G8B8	0	0	1	0	1	0	0	1	896	0	0
2026-06-02 17:56:06.596	ui_candidate	0x00000001	DrawPrimitive	26859	6	2	0	17064B28	0xB7AC85344E512A51	32	32	DXT1	6	0x00000000	1	0x00000144	1	0	0	0	14743D90	2560	1440	X8R8G8B8	0	0	1	0	1	0	0	1	897	0	0
2026-06-02 17:56:06.596	ui_candidate	0x00000001	DrawPrimitive	26860	6	2	0	17063708	0xE9E3D5B6F5DC9A11	32	32	DXT1	6	0x00000000	1	0x00000144	1	0	0	0	14743D90	2560	1440	X8R8G8B8	0	0	1	0	1	0	0	1	898	0	0
2026-06-02 17:56:06.597	ui_candidate	0x00000001	DrawPrimitive	26861	6	2	0	170647A8	0xE1D6B0C10F456DE2	32	32	DXT1	6	0x00000000	1	0x00000144	1	0	0	0	14743D90	2560	1440	X8R8G8B8	0	0	1	0	1	0	0	1	899	0	0
2026-06-02 17:56:06.597	ui_candidate	0x00000001	DrawPrimitive	26862	6	2	0	17063B68	0x50B2A6C53A143300	32	32	DXT1	6	0x00000000	1	0x00000144	1	0	0	0	14743D90	2560	1440	X8R8G8B8	0	0	1	0	1	0	0	1	900	0	0
2026-06-02 17:56:06.597	ui_candidate	0x00000001	DrawPrimitive	26863	6	2	0	17063A88	0x83D8176CF3E88EC5	32	32	DXT1	6	0x00000000	1	0x00000144	1	0	0	0	14743D90	2560	1440	X8R8G8B8	0	0	1	0	1	0	0	1	901	0	0
2026-06-02 17:56:06.597	ui_candidate	0x00000001	DrawPrimitive	26864	6	2	0	17064C08	0x9C362E2560DC3224	32	32	DXT1	6	0x00000000	1	0x00000144	1	0	0	0	14743D90	2560	1440	X8R8G8B8	0	0	1	0	1	0	0	1	902	0	0
2026-06-02 17:56:06.598	ui_candidate	0x00000001	DrawPrimitive	26865	6	2	0	170639A8	0x58781B290B259C48	32	32	DXT1	6	0x00000000	1	0x00000144	1	0	0	0	14743D90	2560	1440	X8R8G8B8	0	0	1	0	1	0	0	1	903	0	0
2026-06-02 17:56:06.598	ui_candidate	0x00000001	DrawPrimitive	26866	6	2	0	17064188	0xE2E4BDAE005E319F	128	64	DXT1	8	0x00000000	1	0x00000144	1	0	0	0	14743D90	2560	1440	X8R8G8B8	0	0	1	0	1	0	0	1	904	0	0
2026-06-02 17:56:06.598	ui_candidate	0x00000001	DrawPrimitive	26867	6	2	0	17063C48	0xB0B534D2E037337F	128	64	DXT1	8	0x00000000	1	0x00000144	1	0	0	0	14743D90	2560	1440	X8R8G8B8	0	0	1	0	1	0	0	1	905	0	0
2026-06-02 17:56:06.598	ui_candidate	0x00000001	DrawPrimitive	26868	6	2	0	170640A8	0xA58CE0EE77FEC522	64	32	DXT1	7	0x00000000	1	0x00000144	1	0	0	0	14743D90	2560	1440	X8R8G8B8	0	0	1	0	1	0	0	1	906	0	0
2026-06-02 17:56:06.600	ui_candidate	0x00000001	DrawPrimitive	26869	6	2	0	17064CE8	0x482F369FE1B88439	32	32	DXT1	6	0x00000000	1	0x00000144	1	0	0	0	14743D90	2560	1440	X8R8G8B8	0	0	1	0	1	0	0	1	907	0	0
2026-06-02 17:56:06.600	ui_candidate	0x00000001	DrawPrimitive	26870	6	2	0	17064348	0xA19E50D42BC215DE	64	32	DXT1	7	0x00000000	1	0x00000144	1	0	0	0	14743D90	2560	1440	X8R8G8B8	0	0	1	0	1	0	0	1	908	0	0
2026-06-02 17:56:06.601	ui_candidate	0x00000001	DrawPrimitive	26871	6	2	0	17063D28	0x27CA7B20A7DBAD48	32	32	DXT1	6	0x00000000	1	0x00000144	1	0	0	0	14743D90	2560	1440	X8R8G8B8	0	0	1	0	1	0	0	1	909	0	0
2026-06-02 17:56:06.601	ui_candidate	0x00000001	DrawPrimitive	26872	6	2	0	17063628	0x06115202D11730C7	32	32	DXT1	6	0x00000000	1	0x00000144	1	0	0	0	14743D90	2560	1440	X8R8G8B8	0	0	1	0	1	0	0	1	910	0	0
2026-06-02 17:56:06.602	ui_candidate	0x00000001	DrawPrimitive	26873	6	2	0	170645E8	0xC7BDDFE573B76D95	128	64	DXT1	8	0x00000000	1	0x00000144	1	0	0	0	14743D90	2560	1440	X8R8G8B8	0	0	1	0	1	0	0	1	911	0	0
2026-06-02 17:56:06.602	ui_candidate	0x00000001	DrawPrimitive	26874	6	2	0	17063E08	0xE4248E194FFE12B1	32	32	DXT1	6	0x00000000	1	0x00000144	1	0	0	0	14743D90	2560	1440	X8R8G8B8	0	0	1	0	1	0	0	1	912	0	0
2026-06-02 17:56:06.602	ui_candidate	0x00000001	DrawPrimitive	26875	6	2	0	17064508	0x1527C2F4570CFEAC	64	32	DXT1	7	0x00000000	1	0x00000144	1	0	0	0	14743D90	2560	1440	X8R8G8B8	0	0	1	0	1	0	0	1	913	0	0
2026-06-02 17:56:06.603	ui_candidate	0x00000001	DrawPrimitive	26876	6	2	0	17064268	0x8130A1B200790FEE	32	32	DXT1	6	0x00000000	1	0x00000144	1	0	0	0	14743D90	2560	1440	X8R8G8B8	0	0	1	0	1	0	0	1	914	0	0
2026-06-02 17:56:06.603	ui_candidate	0x00000001	DrawPrimitive	26877	6	2	0	17064A48	0x422C220525540D62	32	64	DXT1	7	0x00000000	1	0x00000144	1	0	0	0	14743D90	2560	1440	X8R8G8B8	0	0	1	0	1	0	0	1	915	0	0
2026-06-02 17:56:06.604	ui_candidate	0x00000001	DrawPrimitive	26878	6	2	0	17064428	0xB42BCC284B617F03	64	32	DXT1	7	0x00000000	1	0x00000144	1	0	0	0	14743D90	2560	1440	X8R8G8B8	0	0	1	0	1	0	0	1	916	0	0
2026-06-02 17:56:06.604	ui_candidate	0x00000001	DrawPrimitive	26879	6	2	0	17064F88	0xA89399D16626A533	64	64	DXT1	7	0x00000000	1	0x00000144	1	0	0	0	14743D90	2560	1440	X8R8G8B8	0	0	1	0	1	0	0	1	917	0	0
2026-06-02 17:56:06.605	ui_candidate	0x00000001	DrawPrimitive	26880	6	2	0	170646C8	0x97AE1A1316C75235	64	32	DXT1	7	0x00000000	1	0x00000144	1	0	0	0	14743D90	2560	1440	X8R8G8B8	0	0	1	0	1	0	0	1	918	0	0
2026-06-02 17:56:06.605	ui_candidate	0x00000001	DrawPrimitive	26881	6	2	0	17064DC8	0xF63954C86A7334F6	64	64	DXT1	7	0x00000000	1	0x00000144	1	0	0	0	14743D90	2560	1440	X8R8G8B8	0	0	1	0	1	0	0	1	919	0	0
2026-06-02 17:56:06.606	ui_candidate	0x00000001	DrawPrimitive	26882	6	2	0	170637E8	0xEAE96D210D74A7FD	64	32	DXT1	7	0x00000000	1	0x00000144	1	0	0	0	14743D90	2560	1440	X8R8G8B8	0	0	1	0	1	0	0	1	920	0	0
2026-06-02 17:56:06.606	ui_candidate	0x00000001	DrawPrimitive	26883	6	2	0	17063EE8	0x6F9FCDDCED10ED1C	64	32	DXT1	7	0x00000000	1	0x00000144	1	0	0	0	14743D90	2560	1440	X8R8G8B8	0	0	1	0	1	0	0	1	921	0	0
2026-06-02 17:56:06.607	ui_candidate	0x00000001	DrawPrimitive	26884	6	2	0	17064EA8	0x5B122B3A7532BC67	32	32	DXT1	6	0x00000000	1	0x00000144	1	0	0	0	14743D90	2560	1440	X8R8G8B8	0	0	1	0	1	0	0	1	922	0	0
2026-06-02 17:56:06.607	ui_candidate	0x00000001	DrawPrimitive	26885	6	2	0	17063468	0x4E4C0D0F2C6DA6D7	16	16	DXT1	5	0x00000000	1	0x00000144	1	0	0	0	14743D90	2560	1440	X8R8G8B8	0	0	1	0	1	0	0	1	923	0	0
2026-06-02 17:56:06.608	ui_candidate	0x00000001	DrawPrimitive	26886	6	2	0	17063FC8	0x1482E15338EABFFE	32	32	DXT1	6	0x00000000	1	0x00000144	1	0	0	0	14743D90	2560	1440	X8R8G8B8	0	0	1	0	1	0	0	1	924	0	0
2026-06-02 17:56:06.608	ui_candidate	0x00000001	DrawPrimitive	26887	6	2	0	17064968	0x617E02EE0241CEF4	64	32	DXT1	7	0x00000000	1	0x00000144	1	0	0	0	14743D90	2560	1440	X8R8G8B8	0	0	1	0	1	0	0	1	925	0	0
2026-06-02 17:56:06.608	ui_candidate	0x00000001	DrawPrimitive	26888	6	2	0	17063548	0x8CD103845AA175B4	32	32	DXT1	6	0x00000000	1	0x00000144	1	0	0	0	14743D90	2560	1440	X8R8G8B8	0	0	1	0	1	0	0	1	926	0	0
2026-06-02 17:56:06.609	ui_candidate	0x00000001	DrawPrimitive	26889	6	2	0	170638C8	0x97A1885C60B53FDE	64	32	DXT1	7	0x00000000	1	0x00000144	1	0	0	0	14743D90	2560	1440	X8R8G8B8	0	0	1	0	1	0	0	1	927	0	0
2026-06-02 17:56:06.609	ui_candidate	0x00000001	DrawPrimitive	26890	6	2	0	17065308	0x1AC66ED20B9B028E	64	32	DXT1	7	0x00000000	1	0x00000144	1	0	0	0	14743D90	2560	1440	X8R8G8B8	0	0	1	0	1	0	0	1	928	0	0
2026-06-02 17:56:06.609	ui_candidate	0x00000001	DrawPrimitive	26891	6	2	0	170668E8	0x197532F9ED0B623F	32	32	DXT1	6	0x00000000	1	0x00000144	1	0	0	0	14743D90	2560	1440	X8R8G8B8	0	0	1	0	1	0	0	1	929	0	0
2026-06-02 17:56:06.610	ui_candidate	0x00000001	DrawPrimitive	26892	6	2	0	170662C8	0x8D0DD2F953FDCF37	16	16	DXT1	5	0x00000000	1	0x00000144	1	0	0	0	14743D90	2560	1440	X8R8G8B8	0	0	1	0	1	0	0	1	930	0	0
2026-06-02 17:56:06.610	ui_candidate	0x00000001	DrawPrimitive	26893	6	2	0	17065688	0x22B63BA033B07519	32	32	DXT1	6	0x00000000	1	0x00000144	1	0	0	0	14743D90	2560	1440	X8R8G8B8	0	0	1	0	1	0	0	1	931	0	0
2026-06-02 17:56:06.610	ui_candidate	0x00000001	DrawPrimitive	26894	6	2	0	17065BC8	0xC94E12AF1D2F5F54	32	32	DXT1	6	0x00000000	1	0x00000144	1	0	0	0	14743D90	2560	1440	X8R8G8B8	0	0	1	0	1	0	0	1	932	0	0
2026-06-02 17:56:06.610	ui_candidate	0x00000001	DrawPrimitive	26895	6	2	0	170661E8	0x9178976D226360D8	32	32	DXT1	6	0x00000000	1	0x00000144	1	0	0	0	14743D90	2560	1440	X8R8G8B8	0	0	1	0	1	0	0	1	933	0	0
2026-06-02 17:56:06.610	ui_candidate	0x00000001	DrawPrimitive	26896	6	2	0	17065928	0xDAE91FC1976563E2	32	32	DXT1	6	0x00000000	1	0x00000144	1	0	0	0	14743D90	2560	1440	X8R8G8B8	0	0	1	0	1	0	0	1	934	0	0
2026-06-02 17:56:06.611	ui_candidate	0x00000001	DrawPrimitive	26897	6	2	0	17065A08	0x4F8937FEE8632AC7	64	128	DXT1	8	0x00000000	1	0x00000144	1	0	0	0	14743D90	2560	1440	X8R8G8B8	0	0	1	0	1	0	0	1	935	0	0
2026-06-02 17:56:06.611	ui_candidate	0x00000001	DrawPrimitive	26898	6	2	0	17066B88	0x4AA6E522DF3C48E3	32	32	DXT1	6	0x00000000	1	0x00000144	1	0	0	0	14743D90	2560	1440	X8R8G8B8	0	0	1	0	1	0	0	1	936	0	0
2026-06-02 17:56:06.611	ui_candidate	0x00000001	DrawPrimitive	26899	6	2	0	17066808	0xA00C70A608BCC748	128	64	DXT1	8	0x00000000	1	0x00000144	1	0	0	0	14743D90	2560	1440	X8R8G8B8	0	0	1	0	1	0	0	1	937	0	0
2026-06-02 17:56:06.611	ui_candidate	0x00000001	DrawPrimitive	26900	6	2	0	17065AE8	0x5366203C00D0A96D	128	64	DXT1	8	0x00000000	1	0x00000144	1	0	0	0	14743D90	2560	1440	X8R8G8B8	0	0	1	0	1	0	0	1	938	0	0
2026-06-02 17:56:06.612	ui_candidate	0x00000001	DrawPrimitive	26901	6	2	0	170663A8	0xB5DC0FC013AA44F7	32	32	DXT1	6	0x00000000	1	0x00000144	1	0	0	0	14743D90	2560	1440	X8R8G8B8	0	0	1	0	1	0	0	1	939	0	0
2026-06-02 17:56:06.612	ui_candidate	0x00000001	DrawPrimitive	26902	6	2	0	17065068	0x942A0B4AC489E95B	32	32	DXT1	6	0x00000000	1	0x00000144	1	0	0	0	14743D90	2560	1440	X8R8G8B8	0	0	1	0	1	0	0	1	940	0	0
2026-06-02 17:56:06.612	ui_candidate	0x00000001	DrawPrimitive	26903	6	2	0	17066488	0x2CC35ACADD26F55E	16	32	DXT1	6	0x00000000	1	0x00000144	1	0	0	0	14743D90	2560	1440	X8R8G8B8	0	0	1	0	1	0	0	1	941	0	0
2026-06-02 17:56:06.613	ui_candidate	0x00000001	DrawPrimitive	26904	6	2	0	17065F48	0x6A9FAB18D90F2149	32	32	DXT1	6	0x00000000	1	0x00000144	1	0	0	0	14743D90	2560	1440	X8R8G8B8	0	0	1	0	1	0	0	1	942	0	0
2026-06-02 17:56:06.613	ui_candidate	0x00000001	DrawPrimitive	26905	6	2	0	17065848	0x6B7249C34F64A0A4	32	32	DXT1	6	0x00000000	1	0x00000144	1	0	0	0	14743D90	2560	1440	X8R8G8B8	0	0	1	0	1	0	0	1	943	0	0
2026-06-02 17:56:06.613	ui_candidate	0x00000001	DrawPrimitive	26906	6	2	0	170669C8	0x6751FB8777B1EED6	32	32	DXT1	6	0x00000000	1	0x00000144	1	0	0	0	14743D90	2560	1440	X8R8G8B8	0	0	1	0	1	0	0	1	944	0	0
2026-06-02 17:56:06.614	ui_candidate	0x00000001	DrawPrimitive	26907	6	2	0	17066028	0x93F856D78C93CFFF	32	32	DXT1	6	0x00000000	1	0x00000144	1	0	0	0	14743D90	2560	1440	X8R8G8B8	0	0	1	0	1	0	0	1	945	0	0
2026-06-02 17:56:06.614	ui_candidate	0x00000001	DrawPrimitive	26908	6	2	0	17065D88	0x3092034E96C0740D	32	32	DXT1	6	0x00000000	1	0x00000144	1	0	0	0	14743D90	2560	1440	X8R8G8B8	0	0	1	0	1	0	0	1	946	0	0
2026-06-02 17:56:06.614	ui_candidate	0x00000001	DrawPrimitive	26909	6	2	0	17066568	0x8758C7CD3A559DF3	32	32	DXT1	6	0x00000000	1	0x00000144	1	0	0	0	14743D90	2560	1440	X8R8G8B8	0	0	1	0	1	0	0	1	947	0	0
2026-06-02 17:56:06.614	ui_candidate	0x00000001	DrawPrimitive	26910	6	2	0	17065228	0x7FA52E9F4EAE96CD	64	32	DXT1	7	0x00000000	1	0x00000144	1	0	0	0	14743D90	2560	1440	X8R8G8B8	0	0	1	0	1	0	0	1	948	0	0
2026-06-02 17:56:06.615	ui_candidate	0x00000001	DrawPrimitive	26911	6	2	0	170653E8	0xD86B584785D0C259	32	64	DXT1	7	0x00000000	1	0x00000144	1	0	0	0	14743D90	2560	1440	X8R8G8B8	0	0	1	0	1	0	0	1	949	0	0
2026-06-02 17:56:06.615	ui_candidate	0x00000001	DrawPrimitive	26912	6	2	0	17066648	0xEB55E003508F6283	32	32	DXT1	6	0x00000000	1	0x00000144	1	0	0	0	14743D90	2560	1440	X8R8G8B8	0	0	1	0	1	0	0	1	950	0	0
2026-06-02 17:56:06.615	ui_candidate	0x00000001	DrawPrimitive	26913	6	2	0	17066AA8	0x9422ABCA5AB4E8C4	32	64	DXT1	7	0x00000000	1	0x00000144	1	0	0	0	14743D90	2560	1440	X8R8G8B8	0	0	1	0	1	0	0	1	951	0	0
2026-06-02 17:56:06.616	ui_candidate	0x00000001	DrawPrimitive	26914	6	2	0	17066728	0x7B3C1A7E91838C98	32	32	DXT1	6	0x00000000	1	0x00000144	1	0	0	0	14743D90	2560	1440	X8R8G8B8	0	0	1	0	1	0	0	1	952	0	0
2026-06-02 17:56:06.616	ui_candidate	0x00000001	DrawPrimitive	26915	6	2	0	17065148	0x20422887E3ADC415	64	64	DXT1	7	0x00000000	1	0x00000144	1	0	0	0	14743D90	2560	1440	X8R8G8B8	0	0	1	0	1	0	0	1	953	0	0
2026-06-02 17:56:06.616	ui_candidate	0x00000001	DrawPrimitive	26916	6	2	0	170654C8	0xF5061616DB39885D	32	32	DXT1	6	0x00000000	1	0x00000144	1	0	0	0	14743D90	2560	1440	X8R8G8B8	0	0	1	0	1	0	0	1	954	0	0
2026-06-02 17:56:06.617	ui_candidate	0x00000001	DrawPrimitive	26917	6	2	0	170655A8	0x2AA3A81D593AE431	32	32	DXT1	6	0x00000000	1	0x00000144	1	0	0	0	14743D90	2560	1440	X8R8G8B8	0	0	1	0	1	0	0	1	955	0	0
2026-06-02 17:56:06.617	ui_candidate	0x00000001	DrawPrimitive	26918	6	2	0	17065CA8	0xB9879D44F965E9DC	64	64	DXT1	7	0x00000000	1	0x00000144	1	0	0	0	14743D90	2560	1440	X8R8G8B8	0	0	1	0	1	0	0	1	956	0	0
2026-06-02 17:56:06.617	ui_candidate	0x00000001	DrawPrimitive	26919	6	2	0	17065768	0x4F306532794EBB6C	32	32	DXT1	6	0x00000000	1	0x00000144	1	0	0	0	14743D90	2560	1440	X8R8G8B8	0	0	1	0	1	0	0	1	957	0	0
2026-06-02 17:56:06.618	ui_candidate	0x00000001	DrawPrimitive	26920	6	2	0	17065E68	0x0CBCED51D7554715	32	32	DXT1	6	0x00000000	1	0x00000144	1	0	0	0	14743D90	2560	1440	X8R8G8B8	0	0	1	0	1	0	0	1	958	0	0
2026-06-02 17:56:06.618	ui_candidate	0x00000001	DrawPrimitive	26921	6	2	0	17066108	0xBF3ECFF78961F186	32	32	DXT1	6	0x00000000	1	0x00000144	1	0	0	0	14743D90	2560	1440	X8R8G8B8	0	0	1	0	1	0	0	1	959	0	0
2026-06-02 17:56:06.618	ui_candidate	0x00000001	DrawPrimitive	26922	6	2	0	17067448	0x2D9BA36037E65B15	32	64	DXT1	7	0x00000000	1	0x00000144	1	0	0	0	14743D90	2560	1440	X8R8G8B8	0	0	1	0	1	0	0	1	960	0	0
2026-06-02 17:56:06.618	ui_candidate	0x00000001	DrawPrimitive	26923	6	2	0	170678A8	0x20B0C86CB54B47B1	32	32	DXT1	6	0x00000000	1	0x00000144	1	0	0	0	14743D90	2560	1440	X8R8G8B8	0	0	1	0	1	0	0	1	961	0	0
2026-06-02 17:56:06.620	ui_candidate	0x00000001	DrawPrimitive	26924	6	2	0	17067368	0xE196067389270F93	32	32	DXT1	6	0x00000000	1	0x00000144	1	0	0	0	14743D90	2560	1440	X8R8G8B8	0	0	1	0	1	0	0	1	962	0	0
2026-06-02 17:56:06.620	ui_candidate	0x00000001	DrawPrimitive	26925	6	2	0	17067A68	0x385FE9C009287EF7	32	32	DXT1	6	0x00000000	1	0x00000144	1	0	0	0	14743D90	2560	1440	X8R8G8B8	0	0	1	0	1	0	0	1	963	0	0
2026-06-02 17:56:06.620	ui_candidate	0x00000001	DrawPrimitive	26926	6	2	0	170684E8	0x211FA3BF380195AE	32	32	DXT1	6	0x00000000	1	0x00000144	1	0	0	0	14743D90	2560	1440	X8R8G8B8	0	0	1	0	1	0	0	1	964	0	0
2026-06-02 17:56:06.620	ui_candidate	0x00000001	DrawPrimitive	26927	6	2	0	17066FE8	0x47EB3E0FED605AC2	32	32	DXT1	6	0x00000000	1	0x00000144	1	0	0	0	14743D90	2560	1440	X8R8G8B8	0	0	1	0	1	0	0	1	965	0	0
2026-06-02 17:56:06.621	ui_candidate	0x00000001	DrawPrimitive	26928	6	2	0	17068788	0x3374B25F149C95BE	32	32	DXT1	6	0x00000000	1	0x00000144	1	0	0	0	14743D90	2560	1440	X8R8G8B8	0	0	1	0	1	0	0	1	966	0	0
2026-06-02 17:56:06.621	ui_candidate	0x00000001	DrawPrimitive	26929	6	2	0	17067288	0x80D258EDA7843BE3	64	64	DXT1	7	0x00000000	1	0x00000144	1	0	0	0	14743D90	2560	1440	X8R8G8B8	0	0	1	0	1	0	0	1	967	0	0
2026-06-02 17:56:06.621	ui_candidate	0x00000001	DrawPrimitive	26930	6	2	0	17067528	0xDE516D3FB58C4723	64	32	DXT1	7	0x00000000	1	0x00000144	1	0	0	0	14743D90	2560	1440	X8R8G8B8	0	0	1	0	1	0	0	1	968	0	0
2026-06-02 17:56:06.622	ui_candidate	0x00000001	DrawPrimitive	26931	6	2	0	17067DE8	0xD774D3F3934F85C5	64	64	DXT1	7	0x00000000	1	0x00000144	1	0	0	0	14743D90	2560	1440	X8R8G8B8	0	0	1	0	1	0	0	1	969	0	0
2026-06-02 17:56:06.622	ui_candidate	0x00000001	DrawPrimitive	26932	6	2	0	170676E8	0x40A59604A147A9C5	32	32	DXT1	6	0x00000000	1	0x00000144	1	0	0	0	14743D90	2560	1440	X8R8G8B8	0	0	1	0	1	0	0	1	970	0	0
2026-06-02 17:56:06.622	ui_candidate	0x00000001	DrawPrimitive	26933	6	2	0	17067608	0x08F08C4A8E7731CD	32	32	DXT1	6	0x00000000	1	0x00000144	1	0	0	0	14743D90	2560	1440	X8R8G8B8	0	0	1	0	1	0	0	1	971	0	0
2026-06-02 17:56:06.623	ui_candidate	0x00000001	DrawPrimitive	26934	6	2	0	170686A8	0x9650280A59DD2141	32	32	DXT1	6	0x00000000	1	0x00000144	1	0	0	0	14743D90	2560	1440	X8R8G8B8	0	0	1	0	1	0	0	1	972	0	0
2026-06-02 17:56:06.623	ui_candidate	0x00000001	DrawPrimitive	26935	6	2	0	17067FA8	0xD52D2C2A2C772490	32	32	DXT1	6	0x00000000	1	0x00000144	1	0	0	0	14743D90	2560	1440	X8R8G8B8	0	0	1	0	1	0	0	1	973	0	0
2026-06-02 17:56:06.624	ui_candidate	0x00000001	DrawPrimitive	26936	6	2	0	17067B48	0x04A27E80B33843DA	32	32	DXT1	6	0x00000000	1	0x00000144	1	0	0	0	14743D90	2560	1440	X8R8G8B8	0	0	1	0	1	0	0	1	974	0	0
2026-06-02 17:56:06.624	ui_candidate	0x00000001	DrawPrimitive	26937	6	2	0	170670C8	0x0DD2C7F4A1D321A0	32	32	DXT1	6	0x00000000	1	0x00000144	1	0	0	0	14743D90	2560	1440	X8R8G8B8	0	0	1	0	1	0	0	1	975	0	0
2026-06-02 17:56:06.624	ui_candidate	0x00000001	DrawPrimitive	26938	6	2	0	170677C8	0x39C11678DB9E1ECA	32	32	DXT1	6	0x00000000	1	0x00000144	1	0	0	0	14743D90	2560	1440	X8R8G8B8	0	0	1	0	1	0	0	1	976	0	0
2026-06-02 17:56:06.625	ui_candidate	0x00000001	DrawPrimitive	26939	6	2	0	17068088	0x6D93936E0D8BA3F0	32	32	DXT1	6	0x00000000	1	0x00000144	1	0	0	0	14743D90	2560	1440	X8R8G8B8	0	0	1	0	1	0	0	1	977	0	0
2026-06-02 17:56:06.625	ui_candidate	0x00000001	DrawPrimitive	26940	6	2	0	17066C68	0xD005126C01455ED3	32	32	DXT1	6	0x00000000	1	0x00000144	1	0	0	0	14743D90	2560	1440	X8R8G8B8	0	0	1	0	1	0	0	1	978	0	0
2026-06-02 17:56:06.625	ui_candidate	0x00000001	DrawPrimitive	26941	6	2	0	17066D48	0x3F3A78A10CC76A98	32	32	DXT1	6	0x00000000	1	0x00000144	1	0	0	0	14743D90	2560	1440	X8R8G8B8	0	0	1	0	1	0	0	1	979	0	0
2026-06-02 17:56:06.626	ui_candidate	0x00000001	DrawPrimitive	26942	6	2	0	17068248	0xB7961770ADE2F7C0	32	32	DXT1	6	0x00000000	1	0x00000144	1	0	0	0	14743D90	2560	1440	X8R8G8B8	0	0	1	0	1	0	0	1	980	0	0
2026-06-02 17:56:06.626	ui_candidate	0x00000001	DrawPrimitive	26943	6	2	0	17067EC8	0x565B87B407BB4E1D	32	32	DXT1	6	0x00000000	1	0x00000144	1	0	0	0	14743D90	2560	1440	X8R8G8B8	0	0	1	0	1	0	0	1	981	0	0
2026-06-02 17:56:06.626	ui_candidate	0x00000001	DrawPrimitive	26944	6	2	0	170671A8	0x23A54922BAA1CFA8	64	64	DXT1	7	0x00000000	1	0x00000144	1	0	0	0	14743D90	2560	1440	X8R8G8B8	0	0	1	0	1	0	0	1	982	0	0
2026-06-02 17:56:06.627	ui_candidate	0x00000001	DrawPrimitive	26945	6	2	0	170685C8	0x20188F04F7057944	32	32	DXT1	6	0x00000000	1	0x00000144	1	0	0	0	14743D90	2560	1440	X8R8G8B8	0	0	1	0	1	0	0	1	983	0	0
2026-06-02 17:56:06.627	ui_candidate	0x00000001	DrawPrimitive	26946	6	2	0	17068168	0x671C348D75AAD4A8	32	32	DXT1	6	0x00000000	1	0x00000144	1	0	0	0	14743D90	2560	1440	X8R8G8B8	0	0	1	0	1	0	0	1	984	0	0
2026-06-02 17:56:06.627	ui_candidate	0x00000001	DrawPrimitive	26947	6	2	0	17068328	0xFF548E89021CBC04	32	32	DXT1	6	0x00000000	1	0x00000144	1	0	0	0	14743D90	2560	1440	X8R8G8B8	0	0	1	0	1	0	0	1	985	0	0
2026-06-02 17:56:06.628	ui_candidate	0x00000001	DrawPrimitive	26948	6	2	0	17066E28	0xDB0F40ECD6BD6E02	32	32	DXT1	6	0x00000000	1	0x00000144	1	0	0	0	14743D90	2560	1440	X8R8G8B8	0	0	1	0	1	0	0	1	986	0	0
2026-06-02 17:56:06.628	ui_candidate	0x00000001	DrawPrimitive	26949	6	2	0	17067988	0xF619F58C4508E3E4	32	32	DXT1	6	0x00000000	1	0x00000144	1	0	0	0	14743D90	2560	1440	X8R8G8B8	0	0	1	0	1	0	0	1	987	0	0
2026-06-02 17:56:06.628	ui_candidate	0x00000001	DrawPrimitive	26950	6	2	0	17066F08	0xFECCF68B75998178	32	32	DXT1	6	0x00000000	1	0x00000144	1	0	0	0	14743D90	2560	1440	X8R8G8B8	0	0	1	0	1	0	0	1	988	0	0
2026-06-02 17:56:06.629	ui_candidate	0x00000001	DrawPrimitive	26951	6	2	0	17067C28	0x73AD06200F1B0B74	32	32	DXT1	6	0x00000000	1	0x00000144	1	0	0	0	14743D90	2560	1440	X8R8G8B8	0	0	1	0	1	0	0	1	989	0	0
2026-06-02 17:56:06.629	ui_candidate	0x00000001	DrawPrimitive	26952	6	2	0	17067D08	0x89EE11B82A536A1C	32	32	DXT1	6	0x00000000	1	0x00000144	1	0	0	0	14743D90	2560	1440	X8R8G8B8	0	0	1	0	1	0	0	1	990	0	0
2026-06-02 17:56:06.629	ui_candidate	0x00000001	DrawPrimitive	26953	6	2	0	17068408	0x279CF322E698370C	32	32	DXT1	6	0x00000000	1	0x00000144	1	0	0	0	14743D90	2560	1440	X8R8G8B8	0	0	1	0	1	0	0	1	991	0	0
2026-06-02 17:56:06.630	ui_candidate	0x00000001	DrawPrimitive	26954	6	2	0	1706A388	0xBC98BD520F160553	32	128	A8R8G8B8	8	0x00000000	1	0x00000144	1	0	0	0	14743D90	2560	1440	X8R8G8B8	0	0	1	0	1	0	0	1	992	0	0
2026-06-02 17:56:06.630	ui_candidate	0x00000001	DrawPrimitive	26955	6	2	0	17069908	0x8500CE1A39B69E7E	64	64	A8R8G8B8	7	0x00000000	1	0x00000144	1	0	0	0	14743D90	2560	1440	X8R8G8B8	0	0	1	0	1	0	0	1	993	0	0
2026-06-02 17:56:06.630	ui_candidate	0x00000001	DrawPrimitive	26956	6	2	0	17069128	0x039AEBB2A2ECBFE0	128	64	DXT1	8	0x00000000	1	0x00000144	1	0	0	0	14743D90	2560	1440	X8R8G8B8	0	0	1	0	1	0	0	1	994	0	0
2026-06-02 17:56:06.631	ui_candidate	0x00000001	DrawPrimitive	26957	6	2	0	17069F28	0x4EB501C5568839C6	128	128	A8R8G8B8	8	0x00000000	1	0x00000144	1	0	0	0	14743D90	2560	1440	X8R8G8B8	0	0	1	0	1	0	0	1	995	0	0
2026-06-02 17:56:06.631	ui_candidate	0x00000001	DrawPrimitive	26958	6	2	0	17069208	0x6AE6FBD9049FD599	128	128	DXT1	8	0x00000000	1	0x00000144	1	0	0	0	14743D90	2560	1440	X8R8G8B8	0	0	1	0	1	0	0	1	996	0	0
2026-06-02 17:56:06.631	ui_candidate	0x00000001	DrawPrimitive	26959	6	2	0	170694A8	0x64BAE7A60291C721	128	128	DXT1	8	0x00000000	1	0x00000144	1	0	0	0	14743D90	2560	1440	X8R8G8B8	0	0	1	0	1	0	0	1	997	0	0
2026-06-02 17:56:06.632	ui_candidate	0x00000001	DrawPrimitive	26960	6	2	0	17068DA8	0x05B22213FB58C633	128	128	DXT1	8	0x00000000	1	0x00000144	1	0	0	0	14743D90	2560	1440	X8R8G8B8	0	0	1	0	1	0	0	1	998	0	0
2026-06-02 17:56:06.632	ui_candidate	0x00000001	DrawPrimitive	26961	6	2	0	170692E8	0xBC6C0529D15CA38E	128	32	DXT1	8	0x00000000	1	0x00000144	1	0	0	0	14743D90	2560	1440	X8R8G8B8	0	0	1	0	1	0	0	1	999	0	0
2026-06-02 17:56:06.633	ui_candidate	0x00000001	DrawPrimitive	26962	6	2	0	17069048	0xAD225055C1D8894E	128	128	DXT1	8	0x00000000	1	0x00000144	1	0	0	0	14743D90	2560	1440	X8R8G8B8	0	0	1	0	1	0	0	1	1000	0	0
2026-06-02 17:56:06.633	ui_candidate	0x00000001	DrawPrimitive	26963	6	2	0	17068F68	0x7C27802C9544B5EF	128	128	DXT1	8	0x00000000	1	0x00000144	1	0	0	0	14743D90	2560	1440	X8R8G8B8	0	0	1	0	1	0	0	1	1001	0	0
2026-06-02 17:56:06.633	ui_candidate	0x00000001	DrawPrimitive	26964	6	2	0	17069748	0x86880FB504C2F349	32	128	DXT1	8	0x00000000	1	0x00000144	1	0	0	0	14743D90	2560	1440	X8R8G8B8	0	0	1	0	1	0	0	1	1002	0	0
2026-06-02 17:56:06.634	ui_candidate	0x00000001	DrawPrimitive	26965	6	2	0	17069D68	0x3B5879A70AEB707B	64	64	DXT1	7	0x00000000	1	0x00000144	1	0	0	0	14743D90	2560	1440	X8R8G8B8	0	0	1	0	1	0	0	1	1003	0	0
2026-06-02 17:56:06.634	ui_candidate	0x00000001	DrawPrimitive	26966	6	2	0	17068868	0x5CAC8BD8D173A75E	128	32	DXT1	8	0x00000000	1	0x00000144	1	0	0	0	14743D90	2560	1440	X8R8G8B8	0	0	1	0	1	0	0	1	1004	0	0
2026-06-02 17:56:06.634	ui_candidate	0x00000001	DrawPrimitive	26967	6	2	0	170693C8	0x3403A549AD6540B7	128	64	DXT1	8	0x00000000	1	0x00000144	1	0	0	0	14743D90	2560	1440	X8R8G8B8	0	0	1	0	1	0	0	1	1005	0	0
2026-06-02 17:56:06.635	ui_candidate	0x00000001	DrawPrimitive	26968	6	2	0	17069C88	0x0FCBC0AA2BD67B6C	128	128	DXT1	8	0x00000000	1	0x00000144	1	0	0	0	14743D90	2560	1440	X8R8G8B8	0	0	1	0	1	0	0	1	1006	0	0
2026-06-02 17:56:06.635	ui_candidate	0x00000001	DrawPrimitive	26969	6	2	0	1706A0E8	0xE443439878EAA28B	128	128	DXT1	8	0x00000000	1	0x00000144	1	0	0	0	14743D90	2560	1440	X8R8G8B8	0	0	1	0	1	0	0	1	1007	0	0
2026-06-02 17:56:06.635	ui_candidate	0x00000001	DrawPrimitive	26970	6	2	0	1706A1C8	0x953306E8EBA70A17	128	128	DXT1	8	0x00000000	1	0x00000144	1	0	0	0	14743D90	2560	1440	X8R8G8B8	0	0	1	0	1	0	0	1	1008	0	0
2026-06-02 17:56:06.636	ui_candidate	0x00000001	DrawPrimitive	26971	6	2	0	17069BA8	0x6BD5BACCA9029444	128	128	DXT1	8	0x00000000	1	0x00000144	1	0	0	0	14743D90	2560	1440	X8R8G8B8	0	0	1	0	1	0	0	1	1009	0	0
2026-06-02 17:56:06.636	ui_candidate	0x00000001	DrawPrimitive	26972	6	2	0	17068A28	0x44011A224A3030F4	64	128	DXT1	8	0x00000000	1	0x00000144	1	0	0	0	14743D90	2560	1440	X8R8G8B8	0	0	1	0	1	0	0	1	1010	0	0
2026-06-02 17:56:06.636	ui_candidate	0x00000001	DrawPrimitive	26973	6	2	0	17069E48	0xC6CA2ABDBCC76206	128	128	DXT1	8	0x00000000	1	0x00000144	1	0	0	0	14743D90	2560	1440	X8R8G8B8	0	0	1	0	1	0	0	1	1011	0	0
2026-06-02 17:56:06.637	ui_candidate	0x00000001	DrawPrimitive	26974	6	2	0	170699E8	0xD65E70B3F727E2BC	64	32	DXT1	7	0x00000000	1	0x00000144	1	0	0	0	14743D90	2560	1440	X8R8G8B8	0	0	1	0	1	0	0	1	1012	0	0
2026-06-02 17:56:06.637	ui_candidate	0x00000001	DrawPrimitive	26975	6	2	0	1706A2A8	0x0B5B54C916E86246	64	64	DXT1	7	0x00000000	1	0x00000144	1	0	0	0	14743D90	2560	1440	X8R8G8B8	0	0	1	0	1	0	0	1	1013	0	0
2026-06-02 17:56:06.637	ui_candidate	0x00000001	DrawPrimitive	26976	6	2	0	1706A008	0xE0824B3AFE45B6B2	64	64	A8R8G8B8	7	0x00000000	1	0x00000144	1	0	0	0	14743D90	2560	1440	X8R8G8B8	0	0	1	0	1	0	0	1	1014	0	0
2026-06-02 17:56:06.638	ui_candidate	0x00000001	DrawPrimitive	26977	6	2	0	17069588	0xE2D292E572FE84CF	128	128	DXT1	8	0x00000000	1	0x00000144	1	0	0	0	14743D90	2560	1440	X8R8G8B8	0	0	1	0	1	0	0	1	1015	0	0
2026-06-02 17:56:06.638	ui_candidate	0x00000001	DrawPrimitive	26978	6	2	0	17068948	0xB16D589F1D0D306D	64	128	A8R8G8B8	8	0x00000000	1	0x00000144	1	0	0	0	14743D90	2560	1440	X8R8G8B8	0	0	1	0	1	0	0	1	1016	0	0
2026-06-02 17:56:06.640	ui_candidate	0x00000001	DrawPrimitive	26979	6	2	0	17069828	0x19442AE01D0EA892	128	128	DXT1	8	0x00000000	1	0x00000144	1	0	0	0	14743D90	2560	1440	X8R8G8B8	0	0	1	0	1	0	0	1	1017	0	0
2026-06-02 17:56:06.640	ui_candidate	0x00000001	DrawPrimitive	26980	6	2	0	17068E88	0x0C10F867E92B2D44	128	128	DXT1	8	0x00000000	1	0x00000144	1	0	0	0	14743D90	2560	1440	X8R8G8B8	0	0	1	0	1	0	0	1	1018	0	0
2026-06-02 17:56:06.640	ui_candidate	0x00000001	DrawPrimitive	26981	6	2	0	17068B08	0xBE1E140D204C7173	64	64	A8R8G8B8	7	0x00000000	1	0x00000144	1	0	0	0	14743D90	2560	1440	X8R8G8B8	0	0	1	0	1	0	0	1	1019	0	0
2026-06-02 17:56:06.641	ui_candidate	0x00000001	DrawPrimitive	26982	6	2	0	17068BE8	0x54BC4749FFBF6DA6	64	64	A8R8G8B8	7	0x00000000	1	0x00000144	1	0	0	0	14743D90	2560	1440	X8R8G8B8	0	0	1	0	1	0	0	1	1020	0	0
2026-06-02 17:56:06.641	ui_candidate	0x00000001	DrawPrimitive	26983	6	2	0	17068CC8	0x9ED09618421ADC55	128	64	A8R8G8B8	8	0x00000000	1	0x00000144	1	0	0	0	14743D90	2560	1440	X8R8G8B8	0	0	1	0	1	0	0	1	1021	0	0
2026-06-02 17:56:06.641	ui_candidate	0x00000001	DrawPrimitive	26984	6	2	0	17069668	0x5564B6F40E9012DE	64	64	DXT1	7	0x00000000	1	0x00000144	1	0	0	0	14743D90	2560	1440	X8R8G8B8	0	0	1	0	1	0	0	1	1022	0	0
2026-06-02 17:56:06.642	ui_candidate	0x00000001	DrawPrimitive	26985	6	2	0	17069AC8	0x5860E6B81F255ACD	128	64	DXT1	8	0x00000000	1	0x00000144	1	0	0	0	14743D90	2560	1440	X8R8G8B8	0	0	1	0	1	0	0	1	1023	0	0
2026-06-02 17:56:06.642	ui_candidate	0x00000001	DrawPrimitive	26986	6	2	0	1706BC08	0x207BF4023071F1DD	64	64	DXT1	7	0x00000000	1	0x00000144	1	0	0	0	14743D90	2560	1440	X8R8G8B8	0	0	1	0	1	0	0	1	1024	0	0
2026-06-02 17:56:06.642	ui_candidate	0x00000001	DrawPrimitive	26987	6	2	0	1706A8C8	0x35A30B62FE7140C6	128	64	DXT1	8	0x00000000	1	0x00000144	1	0	0	0	14743D90	2560	1440	X8R8G8B8	0	0	1	0	1	0	0	1	1025	0	0
2026-06-02 17:56:06.643	ui_candidate	0x00000001	DrawPrimitive	26988	6	2	0	1706B5E8	0x6C85020AF402B03F	64	64	DXT1	7	0x00000000	1	0x00000144	1	0	0	0	14743D90	2560	1440	X8R8G8B8	0	0	1	0	1	0	0	1	1026	0	0
2026-06-02 17:56:06.643	ui_candidate	0x00000001	DrawPrimitive	26989	6	2	0	1706B188	0x71C77707156E7E27	128	64	DXT1	8	0x00000000	1	0x00000144	1	0	0	0	14743D90	2560	1440	X8R8G8B8	0	0	1	0	1	0	0	1	1027	0	0
2026-06-02 17:56:06.643	ui_candidate	0x00000001	DrawPrimitive	26990	6	2	0	1706B268	0x5E1A8EE695D14EF3	128	64	DXT1	8	0x00000000	1	0x00000144	1	0	0	0	14743D90	2560	1440	X8R8G8B8	0	0	1	0	1	0	0	1	1028	0	0
2026-06-02 17:56:06.644	ui_candidate	0x00000001	DrawPrimitive	26991	6	2	0	1706B348	0x5155403A4BFF98D1	128	64	DXT1	8	0x00000000	1	0x00000144	1	0	0	0	14743D90	2560	1440	X8R8G8B8	0	0	1	0	1	0	0	1	1029	0	0
2026-06-02 17:56:06.644	ui_candidate	0x00000001	DrawPrimitive	26992	6	2	0	1706B6C8	0x385340F83DB01170	128	64	A8R8G8B8	8	0x00000000	1	0x00000144	1	0	0	0	14743D90	2560	1440	X8R8G8B8	0	0	1	0	1	0	0	1	1030	0	0
2026-06-02 17:56:06.644	ui_candidate	0x00000001	DrawPrimitive	26993	6	2	0	1706BB28	0xF3375ECA3EB1DE1A	128	64	DXT1	8	0x00000000	1	0x00000144	1	0	0	0	14743D90	2560	1440	X8R8G8B8	0	0	1	0	1	0	0	1	1031	0	0
2026-06-02 17:56:06.645	ui_candidate	0x00000001	DrawPrimitive	26994	6	2	0	1706B428	0x501142EDAC52C852	128	64	DXT1	8	0x00000000	1	0x00000144	1	0	0	0	14743D90	2560	1440	X8R8G8B8	0	0	1	0	1	0	0	1	1032	0	0
2026-06-02 17:56:06.645	ui_candidate	0x00000001	DrawPrimitive	26995	6	2	0	1706BCE8	0xF20E5D533BFAFE31	64	128	DXT1	8	0x00000000	1	0x00000144	1	0	0	0	14743D90	2560	1440	X8R8G8B8	0	0	1	0	1	0	0	1	1033	0	0
2026-06-02 17:56:06.646	ui_candidate	0x00000001	DrawPrimitive	26996	6	2	0	1706B968	0xA47863DA15F4FD33	128	64	DXT1	8	0x00000000	1	0x00000144	1	0	0	0	14743D90	2560	1440	X8R8G8B8	0	0	1	0	1	0	0	1	1034	0	0
2026-06-02 17:56:06.646	ui_candidate	0x00000001	DrawPrimitive	26997	6	2	0	1706BDC8	0x4DE8C3A86AA8F846	128	64	DXT1	8	0x00000000	1	0x00000144	1	0	0	0	14743D90	2560	1440	X8R8G8B8	0	0	1	0	1	0	0	1	1035	0	0
2026-06-02 17:56:06.646	ui_candidate	0x00000001	DrawPrimitive	26998	6	2	0	1706B508	0xBBA3FAF782C37D8E	128	64	DXT1	8	0x00000000	1	0x00000144	1	0	0	0	14743D90	2560	1440	X8R8G8B8	0	0	1	0	1	0	0	1	1036	0	0
2026-06-02 17:56:06.647	ui_candidate	0x00000001	DrawPrimitive	26999	6	2	0	1706B888	0xA1505F5CBA9D102D	128	64	DXT1	8	0x00000000	1	0x00000144	1	0	0	0	14743D90	2560	1440	X8R8G8B8	0	0	1	0	1	0	0	1	1037	0	0
2026-06-02 17:56:06.647	ui_candidate	0x00000001	DrawPrimitive	27000	6	2	0	1706B7A8	0x23E32D4B7DB4F1BB	128	64	DXT1	8	0x00000000	1	0x00000144	1	0	0	0	14743D90	2560	1440	X8R8G8B8	0	0	1	0	1	0	0	1	1038	0	0
2026-06-02 17:56:06.647	ui_candidate	0x00000001	DrawPrimitive	27001	6	2	0	1706AD28	0xD08EAB8AE42EBB7C	128	64	DXT1	8	0x00000000	1	0x00000144	1	0	0	0	14743D90	2560	1440	X8R8G8B8	0	0	1	0	1	0	0	1	1039	0	0
2026-06-02 17:56:06.648	ui_candidate	0x00000001	DrawPrimitive	27002	6	2	0	1706AE08	0x6FFFA341884EAA39	128	64	DXT1	8	0x00000000	1	0x00000144	1	0	0	0	14743D90	2560	1440	X8R8G8B8	0	0	1	0	1	0	0	1	1040	0	0
2026-06-02 17:56:06.648	ui_candidate	0x00000001	DrawPrimitive	27003	6	2	0	1706AB68	0xB63D3095BE63C55B	128	64	DXT1	8	0x00000000	1	0x00000144	1	0	0	0	14743D90	2560	1440	X8R8G8B8	0	0	1	0	1	0	0	1	1041	0	0
2026-06-02 17:56:06.648	ui_candidate	0x00000001	DrawPrimitive	27004	6	2	0	1706BEA8	0x214D6F25A5557B0C	128	64	DXT1	8	0x00000000	1	0x00000144	1	0	0	0	14743D90	2560	1440	X8R8G8B8	0	0	1	0	1	0	0	1	1042	0	0
2026-06-02 17:56:06.649	ui_candidate	0x00000001	DrawPrimitive	27005	6	2	0	1706AC48	0x8B1C159A9BE1725B	128	32	DXT1	8	0x00000000	1	0x00000144	1	0	0	0	14743D90	2560	1440	X8R8G8B8	0	0	1	0	1	0	0	1	1043	0	0
2026-06-02 17:56:06.649	ui_candidate	0x00000001	DrawPrimitive	27006	6	2	0	1706AEE8	0x4FF35C6DC2C9AC0B	128	64	DXT1	8	0x00000000	1	0x00000144	1	0	0	0	14743D90	2560	1440	X8R8G8B8	0	0	1	0	1	0	0	1	1044	0	0
2026-06-02 17:56:06.649	ui_candidate	0x00000001	DrawPrimitive	27007	6	2	0	1706AFC8	0x38E0D27AAC3D2642	128	64	DXT1	8	0x00000000	1	0x00000144	1	0	0	0	14743D90	2560	1440	X8R8G8B8	0	0	1	0	1	0	0	1	1045	0	0
2026-06-02 17:56:06.650	ui_candidate	0x00000001	DrawPrimitive	27008	6	2	0	1706BA48	0xBAC1387DE2DFC0D0	128	64	DXT1	8	0x00000000	1	0x00000144	1	0	0	0	14743D90	2560	1440	X8R8G8B8	0	0	1	0	1	0	0	1	1046	0	0
2026-06-02 17:56:06.650	ui_candidate	0x00000001	DrawPrimitive	27009	6	2	0	1706BF88	0xF863E2713211A5D9	128	64	DXT1	8	0x00000000	1	0x00000144	1	0	0	0	14743D90	2560	1440	X8R8G8B8	0	0	1	0	1	0	0	1	1047	0	0
2026-06-02 17:56:06.650	ui_candidate	0x00000001	DrawPrimitive	27010	6	2	0	1706B0A8	0xF83EAFE71ABBE9D8	128	64	DXT1	8	0x00000000	1	0x00000144	1	0	0	0	14743D90	2560	1440	X8R8G8B8	0	0	1	0	1	0	0	1	1048	0	0
2026-06-02 17:56:06.650	ui_candidate	0x00000001	DrawPrimitive	27011	6	2	0	1706A468	0x875CA8A6277C2C9C	128	64	DXT1	8	0x00000000	1	0x00000144	1	0	0	0	14743D90	2560	1440	X8R8G8B8	0	0	1	0	1	0	0	1	1049	0	0
2026-06-02 17:56:06.651	ui_candidate	0x00000001	DrawPrimitive	27012	6	2	0	1706A548	0x55836AFEDD2EE7D5	128	64	DXT1	8	0x00000000	1	0x00000144	1	0	0	0	14743D90	2560	1440	X8R8G8B8	0	0	1	0	1	0	0	1	1050	0	0
2026-06-02 17:56:06.651	ui_candidate	0x00000001	DrawPrimitive	27013	6	2	0	1706A628	0xC8AAEFBA8203EDC0	128	64	DXT1	8	0x00000000	1	0x00000144	1	0	0	0	14743D90	2560	1440	X8R8G8B8	0	0	1	0	1	0	0	1	1051	0	0
2026-06-02 17:56:06.651	ui_candidate	0x00000001	DrawPrimitive	27014	6	2	0	1706A708	0x4DE3C7841C80317E	128	64	DXT1	8	0x00000000	1	0x00000144	1	0	0	0	14743D90	2560	1440	X8R8G8B8	0	0	1	0	1	0	0	1	1052	0	0
2026-06-02 17:56:06.652	ui_candidate	0x00000001	DrawPrimitive	27015	6	2	0	1706A7E8	0xE2F1A9F137C42E7B	128	64	DXT1	8	0x00000000	1	0x00000144	1	0	0	0	14743D90	2560	1440	X8R8G8B8	0	0	1	0	1	0	0	1	1053	0	0
2026-06-02 17:56:06.652	ui_candidate	0x00000001	DrawPrimitive	27016	6	2	0	1706A9A8	0xA37A444B8B83EF78	128	64	DXT1	8	0x00000000	1	0x00000144	1	0	0	0	14743D90	2560	1440	X8R8G8B8	0	0	1	0	1	0	0	1	1054	0	0
2026-06-02 17:56:06.652	ui_candidate	0x00000001	DrawPrimitive	27017	6	2	0	1706AA88	0xB0350AED1799FC82	128	64	DXT1	8	0x00000000	1	0x00000144	1	0	0	0	14743D90	2560	1440	X8R8G8B8	0	0	1	0	1	0	0	1	1055	0	0
2026-06-02 17:56:06.653	ui_candidate	0x00000001	DrawPrimitive	27018	6	2	0	1706C768	0x33160B7BB260D01D	128	64	DXT1	8	0x00000000	1	0x00000144	1	0	0	0	14743D90	2560	1440	X8R8G8B8	0	0	1	0	1	0	0	1	1056	0	0
2026-06-02 17:56:06.653	ui_candidate	0x00000001	DrawPrimitive	27019	6	2	0	1706D028	0xE8C61AD4617AC4D1	128	64	DXT1	8	0x00000000	1	0x00000144	1	0	0	0	14743D90	2560	1440	X8R8G8B8	0	0	1	0	1	0	0	1	1057	0	0
2026-06-02 17:56:06.654	ui_candidate	0x00000001	DrawPrimitive	27020	6	2	0	1706CCA8	0x9E220D73F164F7E7	128	64	DXT1	8	0x00000000	1	0x00000144	1	0	0	0	14743D90	2560	1440	X8R8G8B8	0	0	1	0	1	0	0	1	1058	0	0
2026-06-02 17:56:06.654	ui_candidate	0x00000001	DrawPrimitive	27021	6	2	0	1706DAA8	0x95F126C6FE29FE51	128	32	DXT1	8	0x00000000	1	0x00000144	1	0	0	0	14743D90	2560	1440	X8R8G8B8	0	0	1	0	1	0	0	1	1059	0	0
2026-06-02 17:56:06.655	ui_candidate	0x00000001	DrawPrimitive	27022	6	2	0	1706CF48	0x59BEDAD0AA05745B	128	64	DXT1	8	0x00000000	1	0x00000144	1	0	0	0	14743D90	2560	1440	X8R8G8B8	0	0	1	0	1	0	0	1	1060	0	0
2026-06-02 17:56:06.655	ui_candidate	0x00000001	DrawPrimitive	27023	6	2	0	1706CBC8	0x50C084D09776E2CF	128	64	DXT1	8	0x00000000	1	0x00000144	1	0	0	0	14743D90	2560	1440	X8R8G8B8	0	0	1	0	1	0	0	1	1061	0	0
2026-06-02 17:56:06.655	ui_candidate	0x00000001	DrawPrimitive	27024	6	2	0	1706C848	0xC995C7A20E319EBD	128	64	DXT1	8	0x00000000	1	0x00000144	1	0	0	0	14743D90	2560	1440	X8R8G8B8	0	0	1	0	1	0	0	1	1062	0	0
2026-06-02 17:56:06.656	ui_candidate	0x00000001	DrawPrimitive	27025	6	2	0	1706D488	0xD8C4007349B1E55B	128	32	DXT1	8	0x00000000	1	0x00000144	1	0	0	0	14743D90	2560	1440	X8R8G8B8	0	0	1	0	1	0	0	1	1063	0	0
2026-06-02 17:56:06.656	ui_candidate	0x00000001	DrawPrimitive	27026	6	2	0	1706CD88	0xBED9584BFDC6EE90	128	64	DXT1	8	0x00000000	1	0x00000144	1	0	0	0	14743D90	2560	1440	X8R8G8B8	0	0	1	0	1	0	0	1	1064	0	0
2026-06-02 17:56:06.656	ui_candidate	0x00000001	DrawPrimitive	27027	6	2	0	1706C308	0x7E0CEF87C37CFC86	128	64	DXT1	8	0x00000000	1	0x00000144	1	0	0	0	14743D90	2560	1440	X8R8G8B8	0	0	1	0	1	0	0	1	1065	0	0
2026-06-02 17:56:06.657	ui_candidate	0x00000001	DrawPrimitive	27028	6	2	0	1706C228	0x94ECA26B5C2EAE59	128	64	DXT1	8	0x00000000	1	0x00000144	1	0	0	0	14743D90	2560	1440	X8R8G8B8	0	0	1	0	1	0	0	1	1066	0	0
2026-06-02 17:56:06.657	ui_candidate	0x00000001	DrawPrimitive	27029	6	2	0	1706C928	0xD5DF7D4B0EBB362B	128	64	DXT1	8	0x00000000	1	0x00000144	1	0	0	0	14743D90	2560	1440	X8R8G8B8	0	0	1	0	1	0	0	1	1067	0	0
2026-06-02 17:56:06.658	ui_candidate	0x00000001	DrawPrimitive	27030	6	2	0	1706CAE8	0x37D310A23E328742	128	64	DXT1	8	0x00000000	1	0x00000144	1	0	0	0	14743D90	2560	1440	X8R8G8B8	0	0	1	0	1	0	0	1	1068	0	0
2026-06-02 17:56:06.658	ui_candidate	0x00000001	DrawPrimitive	27031	6	2	0	1706D108	0x4B1E85E830848AAF	128	64	DXT1	8	0x00000000	1	0x00000144	1	0	0	0	14743D90	2560	1440	X8R8G8B8	0	0	1	0	1	0	0	1	1069	0	0
2026-06-02 17:56:06.658	ui_candidate	0x00000001	DrawPrimitive	27032	6	2	0	1706CE68	0x7B6537AA665860C4	128	64	DXT1	8	0x00000000	1	0x00000144	1	0	0	0	14743D90	2560	1440	X8R8G8B8	0	0	1	0	1	0	0	1	1070	0	0
2026-06-02 17:56:06.659	ui_candidate	0x00000001	DrawPrimitive	27033	6	2	0	1706D568	0xDAA056976736B3AB	128	64	DXT1	8	0x00000000	1	0x00000144	1	0	0	0	14743D90	2560	1440	X8R8G8B8	0	0	1	0	1	0	0	1	1071	0	0
2026-06-02 17:56:06.659	ui_candidate	0x00000001	DrawPrimitive	27034	6	2	0	1706D1E8	0xB3487F942E379761	128	64	DXT1	8	0x00000000	1	0x00000144	1	0	0	0	14743D90	2560	1440	X8R8G8B8	0	0	1	0	1	0	0	1	1072	0	0
2026-06-02 17:56:06.659	ui_candidate	0x00000001	DrawPrimitive	27035	6	2	0	1706D2C8	0x8DBD12FF451AB598	128	64	DXT1	8	0x00000000	1	0x00000144	1	0	0	0	14743D90	2560	1440	X8R8G8B8	0	0	1	0	1	0	0	1	1073	0	0
2026-06-02 17:56:06.660	ui_candidate	0x00000001	DrawPrimitive	27036	6	2	0	1706D648	0xD367C66EC566FD9D	128	64	DXT1	8	0x00000000	1	0x00000144	1	0	0	0	14743D90	2560	1440	X8R8G8B8	0	0	1	0	1	0	0	1	1074	0	0
2026-06-02 17:56:06.660	ui_candidate	0x00000001	DrawPrimitive	27037	6	2	0	1706C3E8	0x1B9774E2F37FA818	128	64	DXT1	8	0x00000000	1	0x00000144	1	0	0	0	14743D90	2560	1440	X8R8G8B8	0	0	1	0	1	0	0	1	1075	0	0
2026-06-02 17:56:06.660	ui_candidate	0x00000001	DrawPrimitive	27038	6	2	0	1706D808	0xDF9A4E1900535E39	128	32	DXT1	8	0x00000000	1	0x00000144	1	0	0	0	14743D90	2560	1440	X8R8G8B8	0	0	1	0	1	0	0	1	1076	0	0
2026-06-02 17:56:06.660	ui_candidate	0x00000001	DrawPrimitive	27039	6	2	0	1706D8E8	0xD273FE357F991524	128	64	DXT1	8	0x00000000	1	0x00000144	1	0	0	0	14743D90	2560	1440	X8R8G8B8	0	0	1	0	1	0	0	1	1077	0	0
2026-06-02 17:56:06.661	ui_candidate	0x00000001	DrawPrimitive	27040	6	2	0	1706D9C8	0xA333E0DD35FEF6CA	128	64	DXT1	8	0x00000000	1	0x00000144	1	0	0	0	14743D90	2560	1440	X8R8G8B8	0	0	1	0	1	0	0	1	1078	0	0
2026-06-02 17:56:06.661	ui_candidate	0x00000001	DrawPrimitive	27041	6	2	0	1706D3A8	0x0FEA28BB2ABB2D03	128	64	DXT1	8	0x00000000	1	0x00000144	1	0	0	0	14743D90	2560	1440	X8R8G8B8	0	0	1	0	1	0	0	1	1079	0	0
2026-06-02 17:56:06.661	ui_candidate	0x00000001	DrawPrimitive	27042	6	2	0	1706D728	0xAF55B888876AEFE5	128	64	A8R8G8B8	8	0x00000000	1	0x00000144	1	0	0	0	14743D90	2560	1440	X8R8G8B8	0	0	1	0	1	0	0	1	1080	0	0
2026-06-02 17:56:06.662	ui_candidate	0x00000001	DrawPrimitive	27043	6	2	0	1706DB88	0x05F91B090396C67C	128	32	DXT1	8	0x00000000	1	0x00000144	1	0	0	0	14743D90	2560	1440	X8R8G8B8	0	0	1	0	1	0	0	1	1081	0	0
2026-06-02 17:56:06.662	ui_candidate	0x00000001	DrawPrimitive	27044	6	2	0	1706C068	0x8C667E5A292022D8	128	64	DXT1	8	0x00000000	1	0x00000144	1	0	0	0	14743D90	2560	1440	X8R8G8B8	0	0	1	0	1	0	0	1	1082	0	0
2026-06-02 17:56:06.662	ui_candidate	0x00000001	DrawPrimitive	27045	6	2	0	1706C148	0x6E5251B53480B074	32	64	DXT1	7	0x00000000	1	0x00000144	1	0	0	0	14743D90	2560	1440	X8R8G8B8	0	0	1	0	1	0	0	1	1083	0	0
2026-06-02 17:56:06.663	ui_candidate	0x00000001	DrawPrimitive	27046	6	2	0	1706C4C8	0x575A1D858869AAFF	32	64	DXT1	7	0x00000000	1	0x00000144	1	0	0	0	14743D90	2560	1440	X8R8G8B8	0	0	1	0	1	0	0	1	1084	0	0
2026-06-02 17:56:06.663	ui_candidate	0x00000001	DrawPrimitive	27047	6	2	0	1706C5A8	0x831CCD2E971800B3	128	64	DXT1	8	0x00000000	1	0x00000144	1	0	0	0	14743D90	2560	1440	X8R8G8B8	0	0	1	0	1	0	0	1	1085	0	0
2026-06-02 17:56:06.663	ui_candidate	0x00000001	DrawPrimitive	27048	6	2	0	1706C688	0x1D1F310261E06EEE	128	64	DXT1	8	0x00000000	1	0x00000144	1	0	0	0	14743D90	2560	1440	X8R8G8B8	0	0	1	0	1	0	0	1	1086	0	0
2026-06-02 17:56:06.664	ui_candidate	0x00000001	DrawPrimitive	27049	6	2	0	1706CA08	0x0B07F9BD1D40488B	128	64	DXT1	8	0x00000000	1	0x00000144	1	0	0	0	14743D90	2560	1440	X8R8G8B8	0	0	1	0	1	0	0	1	1087	0	0
2026-06-02 17:56:06.664	ui_candidate	0x00000001	DrawPrimitive	27050	6	2	0	1706DC68	0xD2123F4D71B0951D	128	64	DXT1	8	0x00000000	1	0x00000144	1	0	0	0	14743D90	2560	1440	X8R8G8B8	0	0	1	0	1	0	0	1	1088	0	0
2026-06-02 17:56:06.664	ui_candidate	0x00000001	DrawPrimitive	27051	6	2	0	1706E0C8	0xC44DE763C55B88B7	128	64	DXT1	8	0x00000000	1	0x00000144	1	0	0	0	14743D90	2560	1440	X8R8G8B8	0	0	1	0	1	0	0	1	1089	0	0
2026-06-02 17:56:06.665	ui_candidate	0x00000001	DrawPrimitive	27052	6	2	0	1706E1A8	0x0847F90E1F125366	128	64	DXT1	8	0x00000000	1	0x00000144	1	0	0	0	14743D90	2560	1440	X8R8G8B8	0	0	1	0	1	0	0	1	1090	0	0
2026-06-02 17:56:06.665	ui_candidate	0x00000001	DrawPrimitive	27053	6	2	0	1706DE28	0x762F6CAE5B7F9BF7	128	64	DXT1	8	0x00000000	1	0x00000144	1	0	0	0	14743D90	2560	1440	X8R8G8B8	0	0	1	0	1	0	0	1	1091	0	0
2026-06-02 17:56:06.665	ui_candidate	0x00000001	DrawPrimitive	27054	6	2	0	1706DF08	0x4DB0BFFD174272E3	128	64	DXT1	8	0x00000000	1	0x00000144	1	0	0	0	14743D90	2560	1440	X8R8G8B8	0	0	1	0	1	0	0	1	1092	0	0
2026-06-02 17:56:06.666	ui_candidate	0x00000001	DrawPrimitive	27055	6	2	0	1706E288	0xEB0119A6EFB40A20	128	64	DXT1	8	0x00000000	1	0x00000144	1	0	0	0	14743D90	2560	1440	X8R8G8B8	0	0	1	0	1	0	0	1	1093	0	0
2026-06-02 17:56:06.666	ui_candidate	0x00000001	DrawPrimitive	27056	6	2	0	1706DFE8	0x5909B5568CD937C8	128	64	DXT1	8	0x00000000	1	0x00000144	1	0	0	0	14743D90	2560	1440	X8R8G8B8	0	0	1	0	1	0	0	1	1094	0	0
2026-06-02 17:56:06.666	ui_candidate	0x00000001	DrawPrimitive	27057	6	2	0	1706DD48	0x91651E959558E4EF	128	64	DXT1	8	0x00000000	1	0x00000144	1	0	0	0	14743D90	2560	1440	X8R8G8B8	0	0	1	0	1	0	0	1	1095	0	0
2026-06-02 17:56:06.667	ui_candidate	0x00000001	DrawPrimitive	27058	6	2	0	1704EB68	0x73D0ACFC9DF8490A	128	64	DXT1	8	0x00000000	1	0x00000144	1	0	0	0	14743D90	2560	1440	X8R8G8B8	0	0	1	0	1	0	0	1	1096	0	0
2026-06-02 17:56:06.667	ui_candidate	0x00000001	DrawPrimitive	27059	6	2	0	1704F968	0x69D4ECD355A9A279	128	64	DXT1	8	0x00000000	1	0x00000144	1	0	0	0	14743D90	2560	1440	X8R8G8B8	0	0	1	0	1	0	0	1	1097	0	0
2026-06-02 17:56:06.667	ui_candidate	0x00000001	DrawPrimitive	27060	6	2	0	1704EEE8	0x5FE77841ADAE81B2	128	64	DXT1	8	0x00000000	1	0x00000144	1	0	0	0	14743D90	2560	1440	X8R8G8B8	0	0	1	0	1	0	0	1	1098	0	0
2026-06-02 17:56:06.667	ui_candidate	0x00000001	DrawPrimitive	27061	6	2	0	1704EC48	0x611F54349A56354D	128	64	DXT1	8	0x00000000	1	0x00000144	1	0	0	0	14743D90	2560	1440	X8R8G8B8	0	0	1	0	1	0	0	1	1099	0	0
2026-06-02 17:56:06.668	ui_candidate	0x00000001	DrawPrimitive	27062	6	2	0	1704EFC8	0x7FAF00307AEE3278	128	32	DXT1	8	0x00000000	1	0x00000144	1	0	0	0	14743D90	2560	1440	X8R8G8B8	0	0	1	0	1	0	0	1	1100	0	0
2026-06-02 17:56:06.668	ui_candidate	0x00000001	DrawPrimitive	27063	6	2	0	1704ED28	0xAC3DCDFADF7188E2	128	32	DXT1	8	0x00000000	1	0x00000144	1	0	0	0	14743D90	2560	1440	X8R8G8B8	0	0	1	0	1	0	0	1	1101	0	0
2026-06-02 17:56:06.668	ui_candidate	0x00000001	DrawPrimitive	27064	6	2	0	1704F348	0x8245FB394D9536A2	128	64	DXT1	8	0x00000000	1	0x00000144	1	0	0	0	14743D90	2560	1440	X8R8G8B8	0	0	1	0	1	0	0	1	1102	0	0
2026-06-02 17:56:06.668	ui_candidate	0x00000001	DrawPrimitive	27065	6	2	0	1704FF88	0x9B15DAB4AAFBF6C7	128	128	DXT1	8	0x00000000	1	0x00000144	1	0	0	0	14743D90	2560	1440	X8R8G8B8	0	0	1	0	1	0	0	1	1103	0	0
2026-06-02 17:56:06.670	ui_candidate	0x00000001	DrawPrimitive	27066	6	2	0	1704FB28	0xF57A8A433E4E5BAA	128	64	DXT1	8	0x00000000	1	0x00000144	1	0	0	0	14743D90	2560	1440	X8R8G8B8	0	0	1	0	1	0	0	1	1104	0	0
2026-06-02 17:56:06.670	ui_candidate	0x00000001	DrawPrimitive	27067	6	2	0	1704E628	0x84FFFA0A144F0D8F	128	64	DXT1	8	0x00000000	1	0x00000144	1	0	0	0	14743D90	2560	1440	X8R8G8B8	0	0	1	0	1	0	0	1	1105	0	0
2026-06-02 17:56:06.671	ui_candidate	0x00000001	DrawPrimitive	27068	6	2	0	1704E468	0x15683B95ACF53280	128	64	DXT1	8	0x00000000	1	0x00000144	1	0	0	0	14743D90	2560	1440	X8R8G8B8	0	0	1	0	1	0	0	1	1106	0	0
2026-06-02 17:56:06.671	ui_candidate	0x00000001	DrawPrimitive	27069	6	2	0	1704F428	0xB290821D46B15811	128	64	DXT1	8	0x00000000	1	0x00000144	1	0	0	0	14743D90	2560	1440	X8R8G8B8	0	0	1	0	1	0	0	1	1107	0	0
2026-06-02 17:56:06.672	ui_candidate	0x00000001	DrawPrimitive	27070	6	2	0	1704F508	0x241D1598F3BBB025	128	64	DXT1	8	0x00000000	1	0x00000144	1	0	0	0	14743D90	2560	1440	X8R8G8B8	0	0	1	0	1	0	0	1	1108	0	0
2026-06-02 17:56:06.672	ui_candidate	0x00000001	DrawPrimitive	27071	6	2	0	1704FA48	0xE81D7F7CD44AE347	128	64	DXT1	8	0x00000000	1	0x00000144	1	0	0	0	14743D90	2560	1440	X8R8G8B8	0	0	1	0	1	0	0	1	1109	0	0
2026-06-02 17:56:06.673	ui_candidate	0x00000001	DrawPrimitive	27072	6	2	0	1704EE08	0x74B4823C01597F1A	128	64	DXT1	8	0x00000000	1	0x00000144	1	0	0	0	14743D90	2560	1440	X8R8G8B8	0	0	1	0	1	0	0	1	1110	0	0
2026-06-02 17:56:06.673	ui_candidate	0x00000001	DrawPrimitive	27073	6	2	0	1704FC08	0x2853A41F2F893782	128	64	DXT1	8	0x00000000	1	0x00000144	1	0	0	0	14743D90	2560	1440	X8R8G8B8	0	0	1	0	1	0	0	1	1111	0	0
2026-06-02 17:56:06.674	ui_candidate	0x00000001	DrawPrimitive	27074	6	2	0	1704E9A8	0x988988900B271017	128	64	DXT1	8	0x00000000	1	0x00000144	1	0	0	0	14743D90	2560	1440	X8R8G8B8	0	0	1	0	1	0	0	1	1112	0	0
2026-06-02 17:56:06.674	ui_candidate	0x00000001	DrawPrimitive	27075	6	2	0	1704E548	0x7A05952B7B9C2D98	128	64	DXT1	8	0x00000000	1	0x00000144	1	0	0	0	14743D90	2560	1440	X8R8G8B8	0	0	1	0	1	0	0	1	1113	0	0
2026-06-02 17:56:06.675	ui_candidate	0x00000001	DrawPrimitive	27076	6	2	0	1704F888	0xD3AC33CFF5408580	128	64	DXT1	8	0x00000000	1	0x00000144	1	0	0	0	14743D90	2560	1440	X8R8G8B8	0	0	1	0	1	0	0	1	1114	0	0
2026-06-02 17:56:06.675	ui_candidate	0x00000001	DrawPrimitive	27077	6	2	0	1704F6C8	0xD5ADB4BEA8B77BFB	128	64	DXT1	8	0x00000000	1	0x00000144	1	0	0	0	14743D90	2560	1440	X8R8G8B8	0	0	1	0	1	0	0	1	1115	0	0
2026-06-02 17:56:06.675	ui_candidate	0x00000001	DrawPrimitive	27078	6	2	0	1704FCE8	0x6A517D272495263C	128	64	DXT1	8	0x00000000	1	0x00000144	1	0	0	0	14743D90	2560	1440	X8R8G8B8	0	0	1	0	1	0	0	1	1116	0	0
2026-06-02 17:56:06.676	ui_candidate	0x00000001	DrawPrimitive	27079	6	2	0	1704FDC8	0xF91433E539D9E22D	128	64	DXT1	8	0x00000000	1	0x00000144	1	0	0	0	14743D90	2560	1440	X8R8G8B8	0	0	1	0	1	0	0	1	1117	0	0
2026-06-02 17:56:06.676	ui_candidate	0x00000001	DrawPrimitive	27080	6	2	0	1704F5E8	0xFE954249164EEB8E	128	64	DXT1	8	0x00000000	1	0x00000144	1	0	0	0	14743D90	2560	1440	X8R8G8B8	0	0	1	0	1	0	0	1	1118	0	0
2026-06-02 17:56:06.676	ui_candidate	0x00000001	DrawPrimitive	27081	6	2	0	1704F7A8	0x16843C616E13A620	128	64	DXT1	8	0x00000000	1	0x00000144	1	0	0	0	14743D90	2560	1440	X8R8G8B8	0	0	1	0	1	0	0	1	1119	0	0
2026-06-02 17:56:06.677	ui_candidate	0x00000001	DrawPrimitive	27082	6	2	0	1704F0A8	0xDC1FE1975172ADB6	128	32	DXT1	8	0x00000000	1	0x00000144	1	0	0	0	14743D90	2560	1440	X8R8G8B8	0	0	1	0	1	0	0	1	1120	0	0
2026-06-02 17:56:06.677	ui_candidate	0x00000001	DrawPrimitive	27083	6	2	0	1704F188	0x621F0325040325AD	128	64	DXT1	8	0x00000000	1	0x00000144	1	0	0	0	14743D90	2560	1440	X8R8G8B8	0	0	1	0	1	0	0	1	1121	0	0
2026-06-02 17:56:06.678	ui_candidate	0x00000001	DrawPrimitive	27084	6	2	0	1704F268	0xA9116C03C08B7D53	128	32	DXT1	8	0x00000000	1	0x00000144	1	0	0	0	14743D90	2560	1440	X8R8G8B8	0	0	1	0	1	0	0	1	1122	0	0
2026-06-02 17:56:06.678	ui_candidate	0x00000001	DrawPrimitive	27085	6	2	0	1704E708	0x04D5339FBD9B33D2	64	32	DXT1	7	0x00000000	1	0x00000144	1	0	0	0	14743D90	2560	1440	X8R8G8B8	0	0	1	0	1	0	0	1	1123	0	0
2026-06-02 17:56:06.678	ui_candidate	0x00000001	DrawPrimitive	27086	6	2	0	1704FEA8	0x7A6C10FB6611652A	128	64	DXT1	8	0x00000000	1	0x00000144	1	0	0	0	14743D90	2560	1440	X8R8G8B8	0	0	1	0	1	0	0	1	1124	0	0
2026-06-02 17:56:06.679	ui_candidate	0x00000001	DrawPrimitive	27087	6	2	0	1704E7E8	0x1C173253E153EE57	128	64	DXT1	8	0x00000000	1	0x00000144	1	0	0	0	14743D90	2560	1440	X8R8G8B8	0	0	1	0	1	0	0	1	1125	0	0
2026-06-02 17:56:06.679	ui_candidate	0x00000001	DrawPrimitive	27088	6	2	0	1704E8C8	0x1E9A2DCBA51A41BE	128	64	DXT1	8	0x00000000	1	0x00000144	1	0	0	0	14743D90	2560	1440	X8R8G8B8	0	0	1	0	1	0	0	1	1126	0	0
2026-06-02 17:56:06.679	ui_candidate	0x00000001	DrawPrimitive	27089	6	2	0	1704EA88	0xBE4C50F1F5B4C51B	128	32	DXT1	8	0x00000000	1	0x00000144	1	0	0	0	14743D90	2560	1440	X8R8G8B8	0	0	1	0	1	0	0	1	1127	0	0
2026-06-02 17:56:06.680	ui_candidate	0x00000001	DrawPrimitive	27090	6	2	0	17051AA8	0xD1C0F39F5B849E7C	128	64	DXT1	8	0x00000000	1	0x00000144	1	0	0	0	14743D90	2560	1440	X8R8G8B8	0	0	1	0	1	0	0	1	1128	0	0
2026-06-02 17:56:06.680	ui_candidate	0x00000001	DrawPrimitive	27091	6	2	0	17051808	0x3E2658975A14B77A	128	32	DXT1	8	0x00000000	1	0x00000144	1	0	0	0	14743D90	2560	1440	X8R8G8B8	0	0	1	0	1	0	0	1	1129	0	0
2026-06-02 17:56:06.680	ui_candidate	0x00000001	DrawPrimitive	27092	6	2	0	17051B88	0x7EEA28529B8F7EC7	64	128	DXT1	8	0x00000000	1	0x00000144	1	0	0	0	14743D90	2560	1440	X8R8G8B8	0	0	1	0	1	0	0	1	1130	0	0
2026-06-02 17:56:06.680	ui_candidate	0x00000001	DrawPrimitive	27093	6	2	0	17051568	0xBAA4C94C0D20DB02	128	64	A8R8G8B8	8	0x00000000	1	0x00000144	1	0	0	0	14743D90	2560	1440	X8R8G8B8	0	0	1	0	1	0	0	1	1131	0	0
2026-06-02 17:56:06.681	ui_candidate	0x00000001	DrawPrimitive	27094	6	2	0	17050068	0xC0692D1A2ADFE30A	64	32	DXT1	7	0x00000000	1	0x00000144	1	0	0	0	14743D90	2560	1440	X8R8G8B8	0	0	1	0	1	0	0	1	1132	0	0
2026-06-02 17:56:06.681	ui_candidate	0x00000001	DrawPrimitive	27095	6	2	0	17050F48	0xDF92D7E7F95B945F	128	128	DXT1	8	0x00000000	1	0x00000144	1	0	0	0	14743D90	2560	1440	X8R8G8B8	0	0	1	0	1	0	0	1	1133	0	0
2026-06-02 17:56:06.681	ui_candidate	0x00000001	DrawPrimitive	27096	6	2	0	17050228	0xF870B9AE59689CCF	128	128	DXT1	8	0x00000000	1	0x00000144	1	0	0	0	14743D90	2560	1440	X8R8G8B8	0	0	1	0	1	0	0	1	1134	0	0
2026-06-02 17:56:06.682	ui_candidate	0x00000001	DrawPrimitive	27097	6	2	0	17050E68	0x4595A34C9CD5F426	128	128	A8R8G8B8	8	0x00000000	1	0x00000144	1	0	0	0	14743D90	2560	1440	X8R8G8B8	0	0	1	0	1	0	0	1	1135	0	0
2026-06-02 17:56:06.682	ui_candidate	0x00000001	DrawPrimitive	27098	6	2	0	17050928	0xDD410FA52ECE1BF7	32	128	DXT1	8	0x00000000	1	0x00000144	1	0	0	0	14743D90	2560	1440	X8R8G8B8	0	0	1	0	1	0	0	1	1136	0	0
2026-06-02 17:56:06.683	ui_candidate	0x00000001	DrawPrimitive	27099	6	2	0	170503E8	0xF66EE42ED28E584F	32	64	DXT1	7	0x00000000	1	0x00000144	1	0	0	0	14743D90	2560	1440	X8R8G8B8	0	0	1	0	1	0	0	1	1137	0	0
2026-06-02 17:56:06.683	ui_candidate	0x00000001	DrawPrimitive	27100	6	2	0	17050768	0x479351174C3FCEEE	32	128	DXT1	8	0x00000000	1	0x00000144	1	0	0	0	14743D90	2560	1440	X8R8G8B8	0	0	1	0	1	0	0	1	1138	0	0
2026-06-02 17:56:06.683	ui_candidate	0x00000001	DrawPrimitive	27101	6	2	0	17050308	0x0A1B79746FD86993	32	128	DXT1	8	0x00000000	1	0x00000144	1	0	0	0	14743D90	2560	1440	X8R8G8B8	0	0	1	0	1	0	0	1	1139	0	0
2026-06-02 17:56:06.684	ui_candidate	0x00000001	DrawPrimitive	27102	6	2	0	170504C8	0xAEB5EA17366092D8	128	32	A8R8G8B8	8	0x00000000	1	0x00000144	1	0	0	0	14743D90	2560	1440	X8R8G8B8	0	0	1	0	1	0	0	1	1140	0	0
2026-06-02 17:56:06.684	ui_candidate	0x00000001	DrawPrimitive	27103	6	2	0	170505A8	0xC721B0B79085ECAF	32	32	DXT1	6	0x00000000	1	0x00000144	1	0	0	0	14743D90	2560	1440	X8R8G8B8	0	0	1	0	1	0	0	1	1141	0	0
2026-06-02 17:56:06.684	ui_candidate	0x00000001	DrawPrimitive	27104	6	2	0	17051028	0x79F1CF00F36557B8	128	64	DXT1	8	0x00000000	1	0x00000144	1	0	0	0	14743D90	2560	1440	X8R8G8B8	0	0	1	0	1	0	0	1	1142	0	0
2026-06-02 17:56:06.685	ui_candidate	0x00000001	DrawPrimitive	27105	6	2	0	170518E8	0x5CA7A2EE25A9765A	64	64	A8R8G8B8	7	0x00000000	1	0x00000144	1	0	0	0	14743D90	2560	1440	X8R8G8B8	0	0	1	0	1	0	0	1	1143	0	0
2026-06-02 17:56:06.685	ui_candidate	0x00000001	DrawPrimitive	27106	6	2	0	17051488	0x9D548D7D00EC3B23	64	32	A8R8G8B8	7	0x00000000	1	0x00000144	1	0	0	0	14743D90	2560	1440	X8R8G8B8	0	0	1	0	1	0	0	1	1144	0	0
2026-06-02 17:56:06.686	ui_candidate	0x00000001	DrawPrimitive	27107	6	2	0	17050148	0xEEE6E5F7BBE0FF16	32	64	DXT1	7	0x00000000	1	0x00000144	1	0	0	0	14743D90	2560	1440	X8R8G8B8	0	0	1	0	1	0	0	1	1145	0	0
2026-06-02 17:56:06.686	ui_candidate	0x00000001	DrawPrimitive	27108	6	2	0	17051648	0x3EEAFCAF62934F86	64	64	A8R8G8B8	7	0x00000000	1	0x00000144	1	0	0	0	14743D90	2560	1440	X8R8G8B8	0	0	1	0	1	0	0	1	1146	0	0
2026-06-02 17:56:06.686	ui_candidate	0x00000001	DrawPrimitive	27109	6	2	0	17051728	0x3BF3BB736877F8F1	128	64	DXT1	8	0x00000000	1	0x00000144	1	0	0	0	14743D90	2560	1440	X8R8G8B8	0	0	1	0	1	0	0	1	1147	0	0
2026-06-02 17:56:06.687	ui_candidate	0x00000001	DrawPrimitive	27110	6	2	0	170519C8	0xE310BFF537001C73	64	32	DXT1	7	0x00000000	1	0x00000144	1	0	0	0	14743D90	2560	1440	X8R8G8B8	0	0	1	0	1	0	0	1	1148	0	0
2026-06-02 17:56:06.687	ui_candidate	0x00000001	DrawPrimitive	27111	6	2	0	17050688	0x738A2472491A02A2	32	64	A8R8G8B8	7	0x00000000	1	0x00000144	1	0	0	0	14743D90	2560	1440	X8R8G8B8	0	0	1	0	1	0	0	1	1149	0	0
2026-06-02 17:56:06.687	ui_candidate	0x00000001	DrawPrimitive	27112	6	2	0	17050848	0xAFD6E334F3623899	64	64	DXT1	7	0x00000000	1	0x00000144	1	0	0	0	14743D90	2560	1440	X8R8G8B8	0	0	1	0	1	0	0	1	1150	0	0
2026-06-02 17:56:06.688	ui_candidate	0x00000001	DrawPrimitive	27113	6	2	0	17050A08	0x84FC7629435EC275	32	64	DXT1	7	0x00000000	1	0x00000144	1	0	0	0	14743D90	2560	1440	X8R8G8B8	0	0	1	0	1	0	0	1	1151	0	0
2026-06-02 17:56:06.688	ui_candidate	0x00000001	DrawPrimitive	27114	6	2	0	17050AE8	0x0CFD7CC593AA49EA	32	64	DXT1	7	0x00000000	1	0x00000144	1	0	0	0	14743D90	2560	1440	X8R8G8B8	0	0	1	0	1	0	0	1	1152	0	0
2026-06-02 17:56:06.688	ui_candidate	0x00000001	DrawPrimitive	27115	6	2	0	17051108	0xBEC7E19DF8889CFE	64	32	A8R8G8B8	7	0x00000000	1	0x00000144	1	0	0	0	14743D90	2560	1440	X8R8G8B8	0	0	1	0	1	0	0	1	1153	0	0
2026-06-02 17:56:06.688	ui_candidate	0x00000001	DrawPrimitive	27116	6	2	0	170511E8	0x98489E3BE8EB2EB6	32	64	DXT1	7	0x00000000	1	0x00000144	1	0	0	0	14743D90	2560	1440	X8R8G8B8	0	0	1	0	1	0	0	1	1154	0	0
2026-06-02 17:56:06.690	ui_candidate	0x00000001	DrawPrimitive	27117	6	2	0	17050BC8	0xF615FA2B66D0FD26	128	64	A8R8G8B8	8	0x00000000	1	0x00000144	1	0	0	0	14743D90	2560	1440	X8R8G8B8	0	0	1	0	1	0	0	1	1155	0	0
2026-06-02 17:56:06.690	ui_candidate	0x00000001	DrawPrimitive	27118	6	2	0	17050CA8	0x9CA027F820664D8F	64	64	DXT1	7	0x00000000	1	0x00000144	1	0	0	0	14743D90	2560	1440	X8R8G8B8	0	0	1	0	1	0	0	1	1156	0	0
2026-06-02 17:56:06.690	ui_candidate	0x00000001	DrawPrimitive	27119	6	2	0	17050D88	0x50DDE165E559B20B	64	128	DXT1	8	0x00000000	1	0x00000144	1	0	0	0	14743D90	2560	1440	X8R8G8B8	0	0	1	0	1	0	0	1	1157	0	0
2026-06-02 17:56:06.691	ui_candidate	0x00000001	DrawPrimitive	27120	6	2	0	170512C8	0x416B47C4C3DDE78B	128	128	DXT1	8	0x00000000	1	0x00000144	1	0	0	0	14743D90	2560	1440	X8R8G8B8	0	0	1	0	1	0	0	1	1158	0	0
2026-06-02 17:56:06.691	ui_candidate	0x00000001	DrawPrimitive	27121	6	2	0	170513A8	0x9D4B07A4EB52191E	128	128	DXT1	8	0x00000000	1	0x00000144	1	0	0	0	14743D90	2560	1440	X8R8G8B8	0	0	1	0	1	0	0	1	1159	0	0
2026-06-02 17:56:06.692	ui_candidate	0x00000001	DrawPrimitive	27122	6	2	0	18354360	0xC63F6F76A5EA3AFC	64	64	DXT1	7	0x00000000	1	0x00000144	1	0	0	0	14743D90	2560	1440	X8R8G8B8	0	0	1	0	1	0	0	1	1160	0	0
2026-06-02 17:56:06.692	ui_candidate	0x00000001	DrawPrimitive	27123	6	2	0	18353480	0x599D41F32E21FFD6	64	64	A8R8G8B8	7	0x00000000	1	0x00000144	1	0	0	0	14743D90	2560	1440	X8R8G8B8	0	0	1	0	1	0	0	1	1161	0	0
2026-06-02 17:56:06.692	ui_candidate	0x00000001	DrawPrimitive	27124	6	2	0	18354FA0	0x469D8950EA14A50C	128	128	A8R8G8B8	8	0x00000000	1	0x00000144	1	0	0	0	14743D90	2560	1440	X8R8G8B8	0	0	1	0	1	0	0	1	1162	0	0
2026-06-02 17:56:06.693	ui_candidate	0x00000001	DrawPrimitive	27125	6	2	0	18353560	0xAC8D7DF767C268F4	64	64	DXT1	7	0x00000000	1	0x00000144	1	0	0	0	14743D90	2560	1440	X8R8G8B8	0	0	1	0	1	0	0	1	1163	0	0
2026-06-02 17:56:06.693	ui_candidate	0x00000001	DrawPrimitive	27126	6	2	0	183546E0	0x79930EFD68F8A577	64	32	DXT1	7	0x00000000	1	0x00000144	1	0	0	0	14743D90	2560	1440	X8R8G8B8	0	0	1	0	1	0	0	1	1164	0	0
2026-06-02 17:56:06.693	ui_candidate	0x00000001	DrawPrimitive	27127	6	2	0	18353640	0xDED2A5C80FAE79CB	128	32	DXT1	8	0x00000000	1	0x00000144	1	0	0	0	14743D90	2560	1440	X8R8G8B8	0	0	1	0	1	0	0	1	1165	0	0
2026-06-02 17:56:06.694	ui_candidate	0x00000001	DrawPrimitive	27128	6	2	0	18354B40	0x6839A967EEC7EAAA	64	32	DXT1	7	0x00000000	1	0x00000144	1	0	0	0	14743D90	2560	1440	X8R8G8B8	0	0	1	0	1	0	0	1	1166	0	0
2026-06-02 17:56:06.694	ui_candidate	0x00000001	DrawPrimitive	27129	6	2	0	18354A60	0xAFBA25AFA82FEEB6	64	64	A8R8G8B8	7	0x00000000	1	0x00000144	1	0	0	0	14743D90	2560	1440	X8R8G8B8	0	0	1	0	1	0	0	1	1167	0	0
2026-06-02 17:56:06.694	ui_candidate	0x00000001	DrawPrimitive	27130	6	2	0	18354EC0	0x5CF27F0DC3F39484	128	64	A8R8G8B8	8	0x00000000	1	0x00000144	1	0	0	0	14743D90	2560	1440	X8R8G8B8	0	0	1	0	1	0	0	1	1168	0	0
2026-06-02 17:56:06.695	ui_candidate	0x00000001	DrawPrimitive	27131	6	2	0	18353720	0x41F772919DAC8B91	128	128	DXT1	1	0x00000000	1	0x00000144	1	0	0	0	14743D90	2560	1440	X8R8G8B8	0	0	1	0	1	0	0	1	1169	0	0
2026-06-02 17:56:06.695	ui_candidate	0x00000001	DrawPrimitive	27132	6	2	0	183548A0	0x6219991F945B22DF	128	128	DXT1	8	0x00000000	1	0x00000144	1	0	0	0	14743D90	2560	1440	X8R8G8B8	0	0	1	0	1	0	0	1	1170	0	0
2026-06-02 17:56:06.695	ui_candidate	0x00000001	DrawPrimitive	27133	6	2	0	18353F00	0x1D4A06EBEE96A7FF	128	32	DXT1	8	0x00000000	1	0x00000144	1	0	0	0	14743D90	2560	1440	X8R8G8B8	0	0	1	0	1	0	0	1	1171	0	0
2026-06-02 17:56:06.696	ui_candidate	0x00000001	DrawPrimitive	27134	6	2	0	18353E20	0x8AAD827071E805C8	128	32	DXT1	8	0x00000000	1	0x00000144	1	0	0	0	14743D90	2560	1440	X8R8G8B8	0	0	1	0	1	0	0	1	1172	0	0
2026-06-02 17:56:06.696	ui_candidate	0x00000001	DrawPrimitive	27135	6	2	0	18354C20	0x00A13740C0B479DC	128	32	DXT1	8	0x00000000	1	0x00000144	1	0	0	0	14743D90	2560	1440	X8R8G8B8	0	0	1	0	1	0	0	1	1173	0	0
2026-06-02 17:56:06.696	ui_candidate	0x00000001	DrawPrimitive	27136	6	2	0	183547C0	0x7C065A4705707820	128	32	DXT1	8	0x00000000	1	0x00000144	1	0	0	0	14743D90	2560	1440	X8R8G8B8	0	0	1	0	1	0	0	1	1174	0	0
2026-06-02 17:56:06.697	ui_candidate	0x00000001	DrawPrimitive	27137	6	2	0	183539C0	0x48553CC61867B02A	128	32	DXT1	8	0x00000000	1	0x00000144	1	0	0	0	14743D90	2560	1440	X8R8G8B8	0	0	1	0	1	0	0	1	1175	0	0
2026-06-02 17:56:06.697	ui_candidate	0x00000001	DrawPrimitive	27138	6	2	0	18353800	0xF847B162EB96B28D	128	32	DXT1	8	0x00000000	1	0x00000144	1	0	0	0	14743D90	2560	1440	X8R8G8B8	0	0	1	0	1	0	0	1	1176	0	0
2026-06-02 17:56:06.697	ui_candidate	0x00000001	DrawPrimitive	27139	6	2	0	18353C60	0x31FD748B79C80EA5	128	32	DXT1	8	0x00000000	1	0x00000144	1	0	0	0	14743D90	2560	1440	X8R8G8B8	0	0	1	0	1	0	0	1	1177	0	0
2026-06-02 17:56:06.698	ui_candidate	0x00000001	DrawPrimitive	27140	6	2	0	18354980	0x9F1D757B811536A0	32	32	DXT1	6	0x00000000	1	0x00000144	1	0	0	0	14743D90	2560	1440	X8R8G8B8	0	0	1	0	1	0	0	1	1178	0	0
2026-06-02 17:56:06.698	ui_candidate	0x00000001	DrawPrimitive	27141	6	2	0	18354D00	0x936B742E8A8BEDA4	32	32	DXT1	6	0x00000000	1	0x00000144	1	0	0	0	14743D90	2560	1440	X8R8G8B8	0	0	1	0	1	0	0	1	1179	0	0
2026-06-02 17:56:06.698	ui_candidate	0x00000001	DrawPrimitive	27142	6	2	0	183538E0	0x9025722DF5E1C828	32	32	DXT1	6	0x00000000	1	0x00000144	1	0	0	0	14743D90	2560	1440	X8R8G8B8	0	0	1	0	1	0	0	1	1180	0	0
2026-06-02 17:56:06.699	ui_candidate	0x00000001	DrawPrimitive	27143	6	2	0	18353B80	0x2CE940D76497EAB3	128	128	DXT1	1	0x00000000	1	0x00000144	1	0	0	0	14743D90	2560	1440	X8R8G8B8	0	0	1	0	1	0	0	1	1181	0	0
2026-06-02 17:56:06.699	ui_candidate	0x00000001	DrawPrimitive	27144	6	2	0	18353AA0	0xEDF31AA94B20E753	128	64	A8R8G8B8	8	0x00000000	1	0x00000144	1	0	0	0	14743D90	2560	1440	X8R8G8B8	0	0	1	0	1	0	0	1	1182	0	0
2026-06-02 17:56:06.699	ui_candidate	0x00000001	DrawPrimitive	27145	6	2	0	18353D40	0xA42E035794B07285	128	128	DXT1	1	0x00000000	1	0x00000144	1	0	0	0	14743D90	2560	1440	X8R8G8B8	0	0	1	0	1	0	0	1	1183	0	0
2026-06-02 17:56:06.699	ui_candidate	0x00000001	DrawPrimitive	27146	6	2	0	18354440	0x8E34DAD9BD444DF7	128	128	DXT1	1	0x00000000	1	0x00000144	1	0	0	0	14743D90	2560	1440	X8R8G8B8	0	0	1	0	1	0	0	1	1184	0	0
2026-06-02 17:56:06.700	ui_candidate	0x00000001	DrawPrimitive	27147	6	2	0	18353FE0	0xC3CEC25DAEBDCA19	128	64	A8R8G8B8	1	0x00000000	1	0x00000144	1	0	0	0	14743D90	2560	1440	X8R8G8B8	0	0	1	0	1	0	0	1	1185	0	0
2026-06-02 17:56:06.700	ui_candidate	0x00000001	DrawPrimitive	27148	6	2	0	183540C0	0x41B0BAC8AFD970BA	128	128	DXT1	8	0x00000000	1	0x00000144	1	0	0	0	14743D90	2560	1440	X8R8G8B8	0	0	1	0	1	0	0	1	1186	0	0
2026-06-02 17:56:06.700	ui_candidate	0x00000001	DrawPrimitive	27149	6	2	0	18354600	0x57191B271480E3BD	128	128	DXT1	8	0x00000000	1	0x00000144	1	0	0	0	14743D90	2560	1440	X8R8G8B8	0	0	1	0	1	0	0	1	1187	0	0
2026-06-02 17:56:06.701	ui_candidate	0x00000001	DrawPrimitive	27150	6	2	0	183541A0	0x474287CCAAB9C6AD	128	128	DXT1	8	0x00000000	1	0x00000144	1	0	0	0	14743D90	2560	1440	X8R8G8B8	0	0	1	0	1	0	0	1	1188	0	0
2026-06-02 17:56:06.701	ui_candidate	0x00000001	DrawPrimitive	27151	6	2	0	18354DE0	0x93D84852FCD517B8	128	128	DXT1	8	0x00000000	1	0x00000144	1	0	0	0	14743D90	2560	1440	X8R8G8B8	0	0	1	0	1	0	0	1	1189	0	0
2026-06-02 17:56:06.701	ui_candidate	0x00000001	DrawPrimitive	27152	6	2	0	18354280	0x106936A420B106D0	32	32	A8R8G8B8	6	0x00000000	1	0x00000144	1	0	0	0	14743D90	2560	1440	X8R8G8B8	0	0	1	0	1	0	0	1	1190	0	0
2026-06-02 17:56:06.702	ui_candidate	0x00000001	DrawPrimitive	27153	6	2	0	18354520	0x94110F3D39FE81C2	64	32	DXT1	7	0x00000000	1	0x00000144	1	0	0	0	14743D90	2560	1440	X8R8G8B8	0	0	1	0	1	0	0	1	1191	0	0
2026-06-02 17:56:06.702	ui_candidate	0x00000001	DrawPrimitive	27154	6	2	0	18355160	0x100B108A09883BDD	64	64	DXT1	7	0x00000000	1	0x00000144	1	0	0	0	14743D90	2560	1440	X8R8G8B8	0	0	1	0	1	0	0	1	1192	0	0
2026-06-02 17:56:06.703	ui_candidate	0x00000001	DrawPrimitive	27155	6	2	0	18355940	0x4A4EE441CBB67AF8	128	128	DXT1	8	0x00000000	1	0x00000144	1	0	0	0	14743D90	2560	1440	X8R8G8B8	0	0	1	0	1	0	0	1	1193	0	0
2026-06-02 17:56:06.703	ui_candidate	0x00000001	DrawPrimitive	27156	6	2	0	18355860	0x1747E06A8868A6B6	64	64	DXT1	7	0x00000000	1	0x00000144	1	0	0	0	14743D90	2560	1440	X8R8G8B8	0	0	1	0	1	0	0	1	1194	0	0
2026-06-02 17:56:06.703	ui_candidate	0x00000001	DrawPrimitive	27157	6	2	0	18356120	0xE56E2C947C83B785	64	64	DXT1	7	0x00000000	1	0x00000144	1	0	0	0	14743D90	2560	1440	X8R8G8B8	0	0	1	0	1	0	0	1	1195	0	0
2026-06-02 17:56:06.704	ui_candidate	0x00000001	DrawPrimitive	27158	6	2	0	183564A0	0x4C27B02B7E182133	128	128	DXT1	8	0x00000000	1	0x00000144	1	0	0	0	14743D90	2560	1440	X8R8G8B8	0	0	1	0	1	0	0	1	1196	0	0
2026-06-02 17:56:06.704	ui_candidate	0x00000001	DrawPrimitive	27159	6	2	0	18355320	0xE5DAF246C6F32E73	64	64	DXT1	7	0x00000000	1	0x00000144	1	0	0	0	14743D90	2560	1440	X8R8G8B8	0	0	1	0	1	0	0	1	1197	0	0
2026-06-02 17:56:06.704	ui_candidate	0x00000001	DrawPrimitive	27160	6	2	0	18355A20	0x234D55FC03AB8660	64	32	A8R8G8B8	7	0x00000000	1	0x00000144	1	0	0	0	14743D90	2560	1440	X8R8G8B8	0	0	1	0	1	0	0	1	1198	0	0
2026-06-02 17:56:06.705	ui_candidate	0x00000001	DrawPrimitive	27161	6	2	0	18356820	0xCF1FF884AA088B49	64	64	DXT1	7	0x00000000	1	0x00000144	1	0	0	0	14743D90	2560	1440	X8R8G8B8	0	0	1	0	1	0	0	1	1199	0	0
2026-06-02 17:56:06.705	ui_candidate	0x00000001	DrawPrimitive	27162	6	2	0	18356BA0	0xF177ABAFE6065F31	64	32	A8R8G8B8	7	0x00000000	1	0x00000144	1	0	0	0	14743D90	2560	1440	X8R8G8B8	0	0	1	0	1	0	0	1	1200	0	0
2026-06-02 17:56:06.705	ui_candidate	0x00000001	DrawPrimitive	27163	6	2	0	18355240	0xF9B43A351E659DCE	128	128	DXT1	8	0x00000000	1	0x00000144	1	0	0	0	14743D90	2560	1440	X8R8G8B8	0	0	1	0	1	0	0	1	1201	0	0
2026-06-02 17:56:06.706	ui_candidate	0x00000001	DrawPrimitive	27164	6	2	0	18355080	0x939829086A1416E4	64	64	A8R8G8B8	7	0x00000000	1	0x00000144	1	0	0	0	14743D90	2560	1440	X8R8G8B8	0	0	1	0	1	0	0	1	1202	0	0
2026-06-02 17:56:06.706	ui_candidate	0x00000001	DrawPrimitive	27165	6	2	0	18356660	0xBFD750A344C8C1D1	128	64	DXT1	8	0x00000000	1	0x00000144	1	0	0	0	14743D90	2560	1440	X8R8G8B8	0	0	1	0	1	0	0	1	1203	0	0
2026-06-02 17:56:06.706	ui_candidate	0x00000001	DrawPrimitive	27166	6	2	0	183563C0	0x107B042DB2AEAEC8	128	64	DXT1	8	0x00000000	1	0x00000144	1	0	0	0	14743D90	2560	1440	X8R8G8B8	0	0	1	0	1	0	0	1	1204	0	0
2026-06-02 17:56:06.707	ui_candidate	0x00000001	DrawPrimitive	27167	6	2	0	18355DA0	0xD8ACE493DCEF7713	32	64	DXT1	7	0x00000000	1	0x00000144	1	0	0	0	14743D90	2560	1440	X8R8G8B8	0	0	1	0	1	0	0	1	1205	0	0
2026-06-02 17:56:06.707	ui_candidate	0x00000001	DrawPrimitive	27168	6	2	0	18355B00	0x8A2755ED4A001BCD	128	128	DXT1	8	0x00000000	1	0x00000144	1	0	0	0	14743D90	2560	1440	X8R8G8B8	0	0	1	0	1	0	0	1	1206	0	0
2026-06-02 17:56:06.708	ui_candidate	0x00000001	DrawPrimitive	27169	6	2	0	18355F60	0xABE8680FDF8B6997	64	64	A8R8G8B8	7	0x00000000	1	0x00000144	1	0	0	0	14743D90	2560	1440	X8R8G8B8	0	0	1	0	1	0	0	1	1207	0	0
2026-06-02 17:56:06.708	ui_candidate	0x00000001	DrawPrimitive	27170	6	2	0	18356200	0x9BE1BC9F1309DC8D	64	64	DXT1	7	0x00000000	1	0x00000144	1	0	0	0	14743D90	2560	1440	X8R8G8B8	0	0	1	0	1	0	0	1	1208	0	0
2026-06-02 17:56:06.708	ui_candidate	0x00000001	DrawPrimitive	27171	6	2	0	18356740	0x1EED61C647F285C6	128	128	DXT1	1	0x00000000	1	0x00000144	1	0	0	0	14743D90	2560	1440	X8R8G8B8	0	0	1	0	1	0	0	1	1209	0	0
2026-06-02 17:56:06.708	ui_candidate	0x00000001	DrawPrimitive	27172	6	2	0	18355400	0x5B48307B36B7B299	64	128	DXT1	8	0x00000000	1	0x00000144	1	0	0	0	14743D90	2560	1440	X8R8G8B8	0	0	1	0	1	0	0	1	1210	0	0
2026-06-02 17:56:06.710	ui_candidate	0x00000001	DrawPrimitive	27173	6	2	0	18356900	0xB8AAE9897819879D	64	128	DXT1	8	0x00000000	1	0x00000144	1	0	0	0	14743D90	2560	1440	X8R8G8B8	0	0	1	0	1	0	0	1	1211	0	0
2026-06-02 17:56:06.710	ui_candidate	0x00000001	DrawPrimitive	27174	6	2	0	18356040	0xEF9D5B7731BA58E1	64	128	DXT1	8	0x00000000	1	0x00000144	1	0	0	0	14743D90	2560	1440	X8R8G8B8	0	0	1	0	1	0	0	1	1212	0	0
2026-06-02 17:56:06.710	ui_candidate	0x00000001	DrawPrimitive	27175	6	2	0	183554E0	0xF7B841241EACC601	64	64	DXT1	7	0x00000000	1	0x00000144	1	0	0	0	14743D90	2560	1440	X8R8G8B8	0	0	1	0	1	0	0	1	1213	0	0
2026-06-02 17:56:06.711	ui_candidate	0x00000001	DrawPrimitive	27176	6	2	0	183569E0	0x9443AD703E242DA1	64	64	DXT1	7	0x00000000	1	0x00000144	1	0	0	0	14743D90	2560	1440	X8R8G8B8	0	0	1	0	1	0	0	1	1214	0	0
2026-06-02 17:56:06.711	ui_candidate	0x00000001	DrawPrimitive	27177	6	2	0	18356AC0	0x8C77B8F403FE4158	64	64	DXT1	7	0x00000000	1	0x00000144	1	0	0	0	14743D90	2560	1440	X8R8G8B8	0	0	1	0	1	0	0	1	1215	0	0
2026-06-02 17:56:06.712	ui_candidate	0x00000001	DrawPrimitive	27178	6	2	0	183555C0	0xAABD6F94445F0E7A	256	32	DXT1	9	0x00000000	1	0x00000144	1	0	0	0	14743D90	2560	1440	X8R8G8B8	0	0	1	0	1	0	0	1	1216	0	0
2026-06-02 17:56:06.712	ui_candidate	0x00000001	DrawPrimitive	27179	6	2	0	18355BE0	0x259F7EEC1A02EC6A	32	32	A8R8G8B8	6	0x00000000	1	0x00000144	1	0	0	0	14743D90	2560	1440	X8R8G8B8	0	0	1	0	1	0	0	1	1217	0	0
2026-06-02 17:56:06.712	ui_candidate	0x00000001	DrawPrimitive	27180	6	2	0	18356580	0x0AEE66BC85B503D0	128	128	DXT1	8	0x00000000	1	0x00000144	1	0	0	0	14743D90	2560	1440	X8R8G8B8	0	0	1	0	1	0	0	1	1218	0	0
2026-06-02 17:56:06.712	ui_candidate	0x00000001	DrawPrimitive	27181	6	2	0	183556A0	0x9D0D73C1D1A84AD2	128	64	DXT1	8	0x00000000	1	0x00000144	1	0	0	0	14743D90	2560	1440	X8R8G8B8	0	0	1	0	1	0	0	1	1219	0	0
2026-06-02 17:56:06.713	ui_candidate	0x00000001	DrawPrimitive	27182	6	2	0	18355780	0xF77D888941F4BB8C	64	64	DXT1	7	0x00000000	1	0x00000144	1	0	0	0	14743D90	2560	1440	X8R8G8B8	0	0	1	0	1	0	0	1	1220	0	0
2026-06-02 17:56:06.713	ui_candidate	0x00000001	DrawPrimitive	27183	6	2	0	18355CC0	0x742D87E1D5D5F7E4	128	128	DXT1	8	0x00000000	1	0x00000144	1	0	0	0	14743D90	2560	1440	X8R8G8B8	0	0	1	0	1	0	0	1	1221	0	0
2026-06-02 17:56:06.714	ui_candidate	0x00000001	DrawPrimitive	27184	6	2	0	18355E80	0x4B3D266661B7F9A8	128	128	DXT1	8	0x00000000	1	0x00000144	1	0	0	0	14743D90	2560	1440	X8R8G8B8	0	0	1	0	1	0	0	1	1222	0	0
2026-06-02 17:56:06.714	ui_candidate	0x00000001	DrawPrimitive	27185	6	2	0	183562E0	0x9E1DF03CB6C387C0	64	64	DXT1	7	0x00000000	1	0x00000144	1	0	0	0	14743D90	2560	1440	X8R8G8B8	0	0	1	0	1	0	0	1	1223	0	0
2026-06-02 17:56:06.714	ui_candidate	0x00000001	DrawPrimitive	27186	6	2	0	183587A0	0x78ECEA77AAD0F6F7	128	32	A8R8G8B8	8	0x00000000	1	0x00000144	1	0	0	0	14743D90	2560	1440	X8R8G8B8	0	0	1	0	1	0	0	1	1224	0	0
2026-06-02 17:56:06.715	ui_candidate	0x00000001	DrawPrimitive	27187	6	2	0	18356E40	0x5EA6676B881A226E	128	128	DXT1	8	0x00000000	1	0x00000144	1	0	0	0	14743D90	2560	1440	X8R8G8B8	0	0	1	0	1	0	0	1	1225	0	0
2026-06-02 17:56:06.715	ui_candidate	0x00000001	DrawPrimitive	27188	6	2	0	18357460	0xF245475213E104DA	128	128	DXT1	8	0x00000000	1	0x00000144	1	0	0	0	14743D90	2560	1440	X8R8G8B8	0	0	1	0	1	0	0	1	1226	0	0
2026-06-02 17:56:06.715	ui_candidate	0x00000001	DrawPrimitive	27189	6	2	0	18357B60	0x85C8BDC3B64C9DD6	128	128	DXT1	8	0x00000000	1	0x00000144	1	0	0	0	14743D90	2560	1440	X8R8G8B8	0	0	1	0	1	0	0	1	1227	0	0
2026-06-02 17:56:06.716	ui_candidate	0x00000001	DrawPrimitive	27190	6	2	0	18357FC0	0x4920D21AF827FBE7	128	128	DXT1	8	0x00000000	1	0x00000144	1	0	0	0	14743D90	2560	1440	X8R8G8B8	0	0	1	0	1	0	0	1	1228	0	0
2026-06-02 17:56:06.716	ui_candidate	0x00000001	DrawPrimitive	27191	6	2	0	183585E0	0xC98350052CDE94CA	64	64	DXT1	7	0x00000000	1	0x00000144	1	0	0	0	14743D90	2560	1440	X8R8G8B8	0	0	1	0	1	0	0	1	1229	0	0
2026-06-02 17:56:06.716	ui_candidate	0x00000001	DrawPrimitive	27192	6	2	0	18357C40	0x6F26C2C14C981112	64	64	A8R8G8B8	7	0x00000000	1	0x00000144	1	0	0	0	14743D90	2560	1440	X8R8G8B8	0	0	1	0	1	0	0	1	1230	0	0
2026-06-02 17:56:06.717	ui_candidate	0x00000001	DrawPrimitive	27193	6	2	0	18357D20	0xD1C6AA0C042AB8CB	64	64	DXT1	7	0x00000000	1	0x00000144	1	0	0	0	14743D90	2560	1440	X8R8G8B8	0	0	1	0	1	0	0	1	1231	0	0
2026-06-02 17:56:06.717	ui_candidate	0x00000001	DrawPrimitive	27194	6	2	0	18357620	0xC3F876EC9F4690A6	64	128	DXT1	8	0x00000000	1	0x00000144	1	0	0	0	14743D90	2560	1440	X8R8G8B8	0	0	1	0	1	0	0	1	1232	0	0
2026-06-02 17:56:06.718	ui_candidate	0x00000001	DrawPrimitive	27195	6	2	0	183577E0	0x34C8816485093284	64	32	DXT1	7	0x00000000	1	0x00000144	1	0	0	0	14743D90	2560	1440	X8R8G8B8	0	0	1	0	1	0	0	1	1233	0	0
2026-06-02 17:56:06.718	ui_candidate	0x00000001	DrawPrimitive	27196	6	2	0	183586C0	0x287F2AEAFA88D906	32	32	DXT1	6	0x00000000	1	0x00000144	1	0	0	0	14743D90	2560	1440	X8R8G8B8	0	0	1	0	1	0	0	1	1234	0	0
2026-06-02 17:56:06.719	ui_candidate	0x00000001	DrawPrimitive	27197	6	2	0	18358420	0xBC802C8AD40C667A	64	64	DXT1	7	0x00000000	1	0x00000144	1	0	0	0	14743D90	2560	1440	X8R8G8B8	0	0	1	0	1	0	0	1	1235	0	0
2026-06-02 17:56:06.719	ui_candidate	0x00000001	DrawPrimitive	27198	6	2	0	18357EE0	0x4D044CD8094DCCB5	64	64	DXT1	7	0x00000000	1	0x00000144	1	0	0	0	14743D90	2560	1440	X8R8G8B8	0	0	1	0	1	0	0	1	1236	0	0
2026-06-02 17:56:06.720	ui_candidate	0x00000001	DrawPrimitive	27199	6	2	0	18358500	0xE381B523B04698EE	64	64	DXT1	7	0x00000000	1	0x00000144	1	0	0	0	14743D90	2560	1440	X8R8G8B8	0	0	1	0	1	0	0	1	1237	0	0
2026-06-02 17:56:06.720	ui_candidate	0x00000001	DrawPrimitive	27200	6	2	0	18357380	0x0BE6B598CF927661	32	32	DXT1	6	0x00000000	1	0x00000144	1	0	0	0	14743D90	2560	1440	X8R8G8B8	0	0	1	0	1	0	0	1	1238	0	0
2026-06-02 17:56:06.720	ui_candidate	0x00000001	DrawPrimitive	27201	6	2	0	18357700	0xF6693D2A0F1EBC6C	64	32	DXT1	7	0x00000000	1	0x00000144	1	0	0	0	14743D90	2560	1440	X8R8G8B8	0	0	1	0	1	0	0	1	1239	0	0
2026-06-02 17:56:06.720	ui_candidate	0x00000001	DrawPrimitive	27202	6	2	0	183571C0	0xC3D634B449A18479	32	256	A8R8G8B8	9	0x00000000	1	0x00000144	1	0	0	0	14743D90	2560	1440	X8R8G8B8	0	0	1	0	1	0	0	1	1240	0	0
2026-06-02 17:56:06.720	ui_candidate	0x00000001	DrawPrimitive	27203	6	2	0	18356C80	0x91A6EA4C136EC815	128	256	A8R8G8B8	9	0x00000000	1	0x00000144	1	0	0	0	14743D90	2560	1440	X8R8G8B8	0	0	1	0	1	0	0	1	1241	0	0
2026-06-02 17:56:06.721	ui_candidate	0x00000001	DrawPrimitive	27204	6	2	0	18357E00	0x01276877FE9D56DF	32	256	A8R8G8B8	9	0x00000000	1	0x00000144	1	0	0	0	14743D90	2560	1440	X8R8G8B8	0	0	1	0	1	0	0	1	1242	0	0
2026-06-02 17:56:06.721	ui_candidate	0x00000001	DrawPrimitive	27205	6	2	0	183580A0	0xC2F9B6CCAE6DCA35	128	128	DXT1	8	0x00000000	1	0x00000144	1	0	0	0	14743D90	2560	1440	X8R8G8B8	0	0	1	0	1	0	0	1	1243	0	0
2026-06-02 17:56:06.721	ui_candidate	0x00000001	DrawPrimitive	27206	6	2	0	18356F20	0x23FA96CE883917EC	32	32	DXT1	6	0x00000000	1	0x00000144	1	0	0	0	14743D90	2560	1440	X8R8G8B8	0	0	1	0	1	0	0	1	1244	0	0
2026-06-02 17:56:06.722	ui_candidate	0x00000001	DrawPrimitive	27207	6	2	0	183578C0	0x6EFCC80F21FF2CC2	128	128	A8R8G8B8	8	0x00000000	1	0x00000144	1	0	0	0	14743D90	2560	1440	X8R8G8B8	0	0	1	0	1	0	0	1	1245	0	0
2026-06-02 17:56:06.722	ui_candidate	0x00000001	DrawPrimitive	27208	6	2	0	183579A0	0x81F9E2ABF45EFACC	128	128	DXT1	8	0x00000000	1	0x00000144	1	0	0	0	14743D90	2560	1440	X8R8G8B8	0	0	1	0	1	0	0	1	1246	0	0
2026-06-02 17:56:06.723	ui_candidate	0x00000001	DrawPrimitive	27209	6	2	0	18358340	0xFE9C5DB4B132BD4B	128	128	DXT1	8	0x00000000	1	0x00000144	1	0	0	0	14743D90	2560	1440	X8R8G8B8	0	0	1	0	1	0	0	1	1247	0	0
2026-06-02 17:56:06.723	ui_candidate	0x00000001	DrawPrimitive	27210	6	2	0	18356D60	0x2406902792F696FE	128	128	DXT1	8	0x00000000	1	0x00000144	1	0	0	0	14743D90	2560	1440	X8R8G8B8	0	0	1	0	1	0	0	1	1248	0	0
2026-06-02 17:56:06.724	ui_candidate	0x00000001	DrawPrimitive	27211	6	2	0	183570E0	0x3C7FC4FAD134E45A	128	128	DXT1	8	0x00000000	1	0x00000144	1	0	0	0	14743D90	2560	1440	X8R8G8B8	0	0	1	0	1	0	0	1	1249	0	0
2026-06-02 17:56:06.724	ui_candidate	0x00000001	DrawPrimitive	27212	6	2	0	18358180	0xACA884427C583BC2	128	128	A8R8G8B8	8	0x00000000	1	0x00000144	1	0	0	0	14743D90	2560	1440	X8R8G8B8	0	0	1	0	1	0	0	1	1250	0	0
2026-06-02 17:56:06.725	ui_candidate	0x00000001	DrawPrimitive	27213	6	2	0	18358260	0x53E722409A878AF0	128	128	DXT1	8	0x00000000	1	0x00000144	1	0	0	0	14743D90	2560	1440	X8R8G8B8	0	0	1	0	1	0	0	1	1251	0	0
2026-06-02 17:56:06.725	ui_candidate	0x00000001	DrawPrimitive	27214	6	2	0	18357A80	0xF29DAC1134E6D64F	128	128	DXT1	8	0x00000000	1	0x00000144	1	0	0	0	14743D90	2560	1440	X8R8G8B8	0	0	1	0	1	0	0	1	1252	0	0
2026-06-02 17:56:06.726	ui_candidate	0x00000001	DrawPrimitive	27215	6	2	0	18357000	0x27A5CE53BAB6A06E	128	128	DXT1	8	0x00000000	1	0x00000144	1	0	0	0	14743D90	2560	1440	X8R8G8B8	0	0	1	0	1	0	0	1	1253	0	0
2026-06-02 17:56:06.726	ui_candidate	0x00000001	DrawPrimitive	27216	6	2	0	183572A0	0xD9E5616A11A6BAAF	128	128	DXT1	8	0x00000000	1	0x00000144	1	0	0	0	14743D90	2560	1440	X8R8G8B8	0	0	1	0	1	0	0	1	1254	0	0
2026-06-02 17:56:06.727	ui_candidate	0x00000001	DrawPrimitive	27217	6	2	0	18357540	0x3D458A17254234EC	128	128	DXT1	8	0x00000000	1	0x00000144	1	0	0	0	14743D90	2560	1440	X8R8G8B8	0	0	1	0	1	0	0	1	1255	0	0
2026-06-02 17:56:06.727	ui_candidate	0x00000001	DrawPrimitive	27218	6	2	0	18359840	0x770191B523D26D82	128	128	DXT1	8	0x00000000	1	0x00000144	1	0	0	0	14743D90	2560	1440	X8R8G8B8	0	0	1	0	1	0	0	1	1256	0	0
2026-06-02 17:56:06.728	ui_candidate	0x00000001	DrawPrimitive	27219	6	2	0	18358EA0	0x995C4448196D3807	128	128	A8R8G8B8	8	0x00000000	1	0x00000144	1	0	0	0	14743D90	2560	1440	X8R8G8B8	0	0	1	0	1	0	0	1	1257	0	0
2026-06-02 17:56:06.728	ui_candidate	0x00000001	DrawPrimitive	27220	6	2	0	18359140	0xF9A4E0480825ADB4	128	128	DXT1	8	0x00000000	1	0x00000144	1	0	0	0	14743D90	2560	1440	X8R8G8B8	0	0	1	0	1	0	0	1	1258	0	0
2026-06-02 17:56:06.728	ui_candidate	0x00000001	DrawPrimitive	27221	6	2	0	183593E0	0x8CD61EAA7BCE80BA	128	128	DXT1	8	0x00000000	1	0x00000144	1	0	0	0	14743D90	2560	1440	X8R8G8B8	0	0	1	0	1	0	0	1	1259	0	0
2026-06-02 17:56:06.730	ui_candidate	0x00000001	DrawPrimitive	27222	6	2	0	1835A020	0x68B6D55AA541A9A3	128	128	DXT1	8	0x00000000	1	0x00000144	1	0	0	0	14743D90	2560	1440	X8R8G8B8	0	0	1	0	1	0	0	1	1260	0	0
2026-06-02 17:56:06.730	ui_candidate	0x00000001	DrawPrimitive	27223	6	2	0	18358CE0	0xC0E24BF10F60323C	128	128	DXT1	8	0x00000000	1	0x00000144	1	0	0	0	14743D90	2560	1440	X8R8G8B8	0	0	1	0	1	0	0	1	1261	0	0
2026-06-02 17:56:06.731	ui_candidate	0x00000001	DrawPrimitive	27224	6	2	0	18359760	0x7E8FDAE54B9BFA55	256	256	DXT1	9	0x00000000	1	0x00000144	1	0	0	0	14743D90	2560	1440	X8R8G8B8	0	0	1	0	1	0	0	1	1262	0	0
2026-06-02 17:56:06.732	ui_candidate	0x00000001	DrawPrimitive	27225	6	2	0	18358C00	0xB47F235F47AB3DF9	128	64	A8R8G8B8	8	0x00000000	1	0x00000144	1	0	0	0	14743D90	2560	1440	X8R8G8B8	0	0	1	0	1	0	0	1	1263	0	0
2026-06-02 17:56:06.732	ui_candidate	0x00000001	DrawPrimitive	27226	6	2	0	18359680	0xAC1927C612899AF7	64	128	DXT1	8	0x00000000	1	0x00000144	1	0	0	0	14743D90	2560	1440	X8R8G8B8	0	0	1	0	1	0	0	1	1264	0	0
2026-06-02 17:56:06.732	ui_candidate	0x00000001	DrawPrimitive	27227	6	2	0	18358DC0	0x973BA14A35D3D035	128	128	A8R8G8B8	8	0x00000000	1	0x00000144	1	0	0	0	14743D90	2560	1440	X8R8G8B8	0	0	1	0	1	0	0	1	1265	0	0
2026-06-02 17:56:06.733	ui_candidate	0x00000001	DrawPrimitive	27228	6	2	0	18358F80	0x3167F380A220B2BA	128	128	A8R8G8B8	8	0x00000000	1	0x00000144	1	0	0	0	14743D90	2560	1440	X8R8G8B8	0	0	1	0	1	0	0	1	1266	0	0
2026-06-02 17:56:06.733	ui_candidate	0x00000001	DrawPrimitive	27229	6	2	0	18359E60	0x9D8309A3C7D111DE	128	128	A8R8G8B8	8	0x00000000	1	0x00000144	1	0	0	0	14743D90	2560	1440	X8R8G8B8	0	0	1	0	1	0	0	1	1267	0	0
2026-06-02 17:56:06.734	ui_candidate	0x00000001	DrawPrimitive	27230	6	2	0	1835A100	0x443E1A687FF40F36	128	128	A8R8G8B8	8	0x00000000	1	0x00000144	1	0	0	0	14743D90	2560	1440	X8R8G8B8	0	0	1	0	1	0	0	1	1268	0	0
2026-06-02 17:56:06.734	ui_candidate	0x00000001	DrawPrimitive	27231	6	2	0	18359F40	0xC79E7D016338E746	128	128	DXT1	8	0x00000000	1	0x00000144	1	0	0	0	14743D90	2560	1440	X8R8G8B8	0	0	1	0	1	0	0	1	1269	0	0
2026-06-02 17:56:06.735	ui_candidate	0x00000001	DrawPrimitive	27232	6	2	0	183594C0	0x2E44173E8DF2F5F7	128	32	A8R8G8B8	8	0x00000000	1	0x00000144	1	0	0	0	14743D90	2560	1440	X8R8G8B8	0	0	1	0	1	0	0	1	1270	0	0
2026-06-02 17:56:06.735	ui_candidate	0x00000001	DrawPrimitive	27233	6	2	0	18359AE0	0xCC7C676B00086CCD	128	32	A8R8G8B8	8	0x00000000	1	0x00000144	1	0	0	0	14743D90	2560	1440	X8R8G8B8	0	0	1	0	1	0	0	1	1271	0	0
2026-06-02 17:56:06.735	ui_candidate	0x00000001	DrawPrimitive	27234	6	2	0	18358960	0x9C526F14A24DA005	128	32	A8R8G8B8	8	0x00000000	1	0x00000144	1	0	0	0	14743D90	2560	1440	X8R8G8B8	0	0	1	0	1	0	0	1	1272	0	0
2026-06-02 17:56:06.736	ui_candidate	0x00000001	DrawPrimitive	27235	6	2	0	18359060	0x831C83DA96FCDCB5	64	32	A8R8G8B8	7	0x00000000	1	0x00000144	1	0	0	0	14743D90	2560	1440	X8R8G8B8	0	0	1	0	1	0	0	1	1273	0	0
2026-06-02 17:56:06.736	ui_candidate	0x00000001	DrawPrimitive	27236	6	2	0	18359220	0x136369EB5B8DA0DE	64	32	A8R8G8B8	7	0x00000000	1	0x00000144	1	0	0	0	14743D90	2560	1440	X8R8G8B8	0	0	1	0	1	0	0	1	1274	0	0
2026-06-02 17:56:06.736	ui_candidate	0x00000001	DrawPrimitive	27237	6	2	0	1835A3A0	0xFF260FFC1CB18868	64	32	A8R8G8B8	7	0x00000000	1	0x00000144	1	0	0	0	14743D90	2560	1440	X8R8G8B8	0	0	1	0	1	0	0	1	1275	0	0
2026-06-02 17:56:06.737	ui_candidate	0x00000001	DrawPrimitive	27238	6	2	0	18358A40	0xA27AD817BC2E64CC	128	32	A8R8G8B8	8	0x00000000	1	0x00000144	1	0	0	0	14743D90	2560	1440	X8R8G8B8	0	0	1	0	1	0	0	1	1276	0	0
2026-06-02 17:56:06.737	ui_candidate	0x00000001	DrawPrimitive	27239	6	2	0	18358B20	0x03C6BC117EE81738	128	32	A8R8G8B8	8	0x00000000	1	0x00000144	1	0	0	0	14743D90	2560	1440	X8R8G8B8	0	0	1	0	1	0	0	1	1277	0	0
2026-06-02 17:56:06.738	ui_candidate	0x00000001	DrawPrimitive	27240	6	2	0	18359920	0xAD7359ADBE246821	128	32	A8R8G8B8	8	0x00000000	1	0x00000144	1	0	0	0	14743D90	2560	1440	X8R8G8B8	0	0	1	0	1	0	0	1	1278	0	0
2026-06-02 17:56:06.738	ui_candidate	0x00000001	DrawPrimitive	27241	6	2	0	18359CA0	0xEA4BE989CBE99B6C	128	32	A8R8G8B8	8	0x00000000	1	0x00000144	1	0	0	0	14743D90	2560	1440	X8R8G8B8	0	0	1	0	1	0	0	1	1279	0	0
2026-06-02 17:56:06.738	ui_candidate	0x00000001	DrawPrimitive	27242	6	2	0	1835A1E0	0xAA5C46D84868AE26	128	32	A8R8G8B8	8	0x00000000	1	0x00000144	1	0	0	0	14743D90	2560	1440	X8R8G8B8	0	0	1	0	1	0	0	1	1280	0	0
2026-06-02 17:56:06.739	ui_candidate	0x00000001	DrawPrimitive	27243	6	2	0	18359D80	0xB7E12C4E2C8387D9	128	32	A8R8G8B8	8	0x00000000	1	0x00000144	1	0	0	0	14743D90	2560	1440	X8R8G8B8	0	0	1	0	1	0	0	1	1281	0	0
2026-06-02 17:56:06.739	ui_candidate	0x00000001	DrawPrimitive	27244	6	2	0	18359BC0	0xA8920AAB935C0945	128	32	A8R8G8B8	8	0x00000000	1	0x00000144	1	0	0	0	14743D90	2560	1440	X8R8G8B8	0	0	1	0	1	0	0	1	1282	0	0
2026-06-02 17:56:06.739	ui_candidate	0x00000001	DrawPrimitive	27245	6	2	0	18359300	0x8617CAB5060DFE01	128	32	A8R8G8B8	8	0x00000000	1	0x00000144	1	0	0	0	14743D90	2560	1440	X8R8G8B8	0	0	1	0	1	0	0	1	1283	0	0
2026-06-02 17:56:06.740	ui_candidate	0x00000001	DrawPrimitive	27246	6	2	0	1835A2C0	0x944D3973343F5FCA	128	32	A8R8G8B8	8	0x00000000	1	0x00000144	1	0	0	0	14743D90	2560	1440	X8R8G8B8	0	0	1	0	1	0	0	1	1284	0	0
2026-06-02 17:56:06.740	ui_candidate	0x00000001	DrawPrimitive	27247	6	2	0	183595A0	0xBD55E16483F0894E	128	32	A8R8G8B8	8	0x00000000	1	0x00000144	1	0	0	0	14743D90	2560	1440	X8R8G8B8	0	0	1	0	1	0	0	1	1285	0	0
2026-06-02 17:56:06.740	ui_candidate	0x00000001	DrawPrimitive	27248	6	2	0	18359A00	0x5F5641B148F207DA	64	32	A8R8G8B8	7	0x00000000	1	0x00000144	1	0	0	0	14743D90	2560	1440	X8R8G8B8	0	0	1	0	1	0	0	1	1286	0	0
2026-06-02 17:56:06.741	ui_candidate	0x00000001	DrawPrimitive	27249	6	2	0	18358880	0x8A879650D9B4119B	128	32	A8R8G8B8	8	0x00000000	1	0x00000144	1	0	0	0	14743D90	2560	1440	X8R8G8B8	0	0	1	0	1	0	0	1	1287	0	0
2026-06-02 17:56:06.741	ui_candidate	0x00000001	DrawPrimitive	27250	6	2	0	1835AD40	0x7E193D67F6151C53	128	32	A8R8G8B8	8	0x00000000	1	0x00000144	1	0	0	0	14743D90	2560	1440	X8R8G8B8	0	0	1	0	1	0	0	1	1288	0	0
2026-06-02 17:56:06.741	ui_candidate	0x00000001	DrawPrimitive	27251	6	2	0	1835B980	0x7B996AAD2427103E	128	32	A8R8G8B8	8	0x00000000	1	0x00000144	1	0	0	0	14743D90	2560	1440	X8R8G8B8	0	0	1	0	1	0	0	1	1289	0	0
2026-06-02 17:56:06.742	ui_candidate	0x00000001	DrawPrimitive	27252	6	2	0	1835B360	0x6F93C9A2469B619E	128	32	A8R8G8B8	8	0x00000000	1	0x00000144	1	0	0	0	14743D90	2560	1440	X8R8G8B8	0	0	1	0	1	0	0	1	1290	0	0
2026-06-02 17:56:06.742	ui_candidate	0x00000001	DrawPrimitive	27253	6	2	0	1835B1A0	0x21375AF855E6CC73	128	32	A8R8G8B8	8	0x00000000	1	0x00000144	1	0	0	0	14743D90	2560	1440	X8R8G8B8	0	0	1	0	1	0	0	1	1291	0	0
2026-06-02 17:56:06.742	ui_candidate	0x00000001	DrawPrimitive	27254	6	2	0	1835BC20	0xFB2FCB9DC447A22C	128	32	A8R8G8B8	8	0x00000000	1	0x00000144	1	0	0	0	14743D90	2560	1440	X8R8G8B8	0	0	1	0	1	0	0	1	1292	0	0
2026-06-02 17:56:06.743	ui_candidate	0x00000001	DrawPrimitive	27255	6	2	0	1835AF00	0xCF446238BB305522	128	32	A8R8G8B8	8	0x00000000	1	0x00000144	1	0	0	0	14743D90	2560	1440	X8R8G8B8	0	0	1	0	1	0	0	1	1293	0	0
2026-06-02 17:56:06.743	ui_candidate	0x00000001	DrawPrimitive	27256	6	2	0	1835AC60	0x786EA3566E3DA233	128	64	A8R8G8B8	8	0x00000000	1	0x00000144	1	0	0	0	14743D90	2560	1440	X8R8G8B8	0	0	1	0	1	0	0	1	1294	0	0
2026-06-02 17:56:06.743	ui_candidate	0x00000001	DrawPrimitive	27257	6	2	0	1835AB80	0xE69172A783489D66	64	32	A8R8G8B8	7	0x00000000	1	0x00000144	1	0	0	0	14743D90	2560	1440	X8R8G8B8	0	0	1	0	1	0	0	1	1295	0	0
2026-06-02 17:56:06.744	ui_candidate	0x00000001	DrawPrimitive	27258	6	2	0	1835A640	0x00D703570184CD5D	128	32	A8R8G8B8	8	0x00000000	1	0x00000144	1	0	0	0	14743D90	2560	1440	X8R8G8B8	0	0	1	0	1	0	0	1	1296	0	0
2026-06-02 17:56:06.744	ui_candidate	0x00000001	DrawPrimitive	27259	6	2	0	1835A720	0xFA79EC0D0047CC51	128	32	A8R8G8B8	8	0x00000000	1	0x00000144	1	0	0	0	14743D90	2560	1440	X8R8G8B8	0	0	1	0	1	0	0	1	1297	0	0
2026-06-02 17:56:06.744	ui_candidate	0x00000001	DrawPrimitive	27260	6	2	0	1835B0C0	0xE2AC15D24BD7B4EC	128	32	A8R8G8B8	8	0x00000000	1	0x00000144	1	0	0	0	14743D90	2560	1440	X8R8G8B8	0	0	1	0	1	0	0	1	1298	0	0
2026-06-02 17:56:06.745	ui_candidate	0x00000001	DrawPrimitive	27261	6	2	0	1835BD00	0x24157800AFE8749F	128	32	A8R8G8B8	8	0x00000000	1	0x00000144	1	0	0	0	14743D90	2560	1440	X8R8G8B8	0	0	1	0	1	0	0	1	1299	0	0
2026-06-02 17:56:06.745	ui_candidate	0x00000001	DrawPrimitive	27262	6	2	0	1835BDE0	0xE7BCF30D25340B57	128	32	A8R8G8B8	8	0x00000000	1	0x00000144	1	0	0	0	14743D90	2560	1440	X8R8G8B8	0	0	1	0	1	0	0	1	1300	0	0
2026-06-02 17:56:06.745	ui_candidate	0x00000001	DrawPrimitive	27263	6	2	0	1835AE20	0x2156A90760C7EA0F	64	32	A8R8G8B8	7	0x00000000	1	0x00000144	1	0	0	0	14743D90	2560	1440	X8R8G8B8	0	0	1	0	1	0	0	1	1301	0	0
2026-06-02 17:56:06.746	ui_candidate	0x00000001	DrawPrimitive	27264	6	2	0	1835AFE0	0x50D6A15F20F7C754	128	32	A8R8G8B8	8	0x00000000	1	0x00000144	1	0	0	0	14743D90	2560	1440	X8R8G8B8	0	0	1	0	1	0	0	1	1302	0	0
2026-06-02 17:56:06.746	ui_candidate	0x00000001	DrawPrimitive	27265	6	2	0	1835B6E0	0x829D3DE034D1BC7E	128	32	A8R8G8B8	8	0x00000000	1	0x00000144	1	0	0	0	14743D90	2560	1440	X8R8G8B8	0	0	1	0	1	0	0	1	1303	0	0
2026-06-02 17:56:06.746	ui_candidate	0x00000001	DrawPrimitive	27266	6	2	0	1835BEC0	0xD84471397E644F17	128	32	A8R8G8B8	8	0x00000000	1	0x00000144	1	0	0	0	14743D90	2560	1440	X8R8G8B8	0	0	1	0	1	0	0	1	1304	0	0
2026-06-02 17:56:06.747	ui_candidate	0x00000001	DrawPrimitive	27267	6	2	0	1835B280	0x7EB505F6B9BF7BCA	128	32	A8R8G8B8	8	0x00000000	1	0x00000144	1	0	0	0	14743D90	2560	1440	X8R8G8B8	0	0	1	0	1	0	0	1	1305	0	0
2026-06-02 17:56:06.747	ui_candidate	0x00000001	DrawPrimitive	27268	6	2	0	1835BFA0	0xC8C8EA7CEC82DF7D	128	32	A8R8G8B8	8	0x00000000	1	0x00000144	1	0	0	0	14743D90	2560	1440	X8R8G8B8	0	0	1	0	1	0	0	1	1306	0	0
2026-06-02 17:56:06.747	ui_candidate	0x00000001	DrawPrimitive	27269	6	2	0	1835B600	0xDE45AA2F15FB58E1	128	32	A8R8G8B8	8	0x00000000	1	0x00000144	1	0	0	0	14743D90	2560	1440	X8R8G8B8	0	0	1	0	1	0	0	1	1307	0	0
2026-06-02 17:56:06.748	ui_candidate	0x00000001	DrawPrimitive	27270	6	2	0	1835B440	0x21CF5D8A87A86621	128	32	A8R8G8B8	8	0x00000000	1	0x00000144	1	0	0	0	14743D90	2560	1440	X8R8G8B8	0	0	1	0	1	0	0	1	1308	0	0
2026-06-02 17:56:06.748	ui_candidate	0x00000001	DrawPrimitive	27271	6	2	0	1835A9C0	0x6FAA4924127CFAF4	128	32	A8R8G8B8	8	0x00000000	1	0x00000144	1	0	0	0	14743D90	2560	1440	X8R8G8B8	0	0	1	0	1	0	0	1	1309	0	0
2026-06-02 17:56:06.748	ui_candidate	0x00000001	DrawPrimitive	27272	6	2	0	1835A800	0x4E63C3F3662254E5	128	32	A8R8G8B8	8	0x00000000	1	0x00000144	1	0	0	0	14743D90	2560	1440	X8R8G8B8	0	0	1	0	1	0	0	1	1310	0	0
2026-06-02 17:56:06.749	ui_candidate	0x00000001	DrawPrimitive	27273	6	2	0	1835B520	0xE6133099ED7E9D86	128	32	A8R8G8B8	8	0x00000000	1	0x00000144	1	0	0	0	14743D90	2560	1440	X8R8G8B8	0	0	1	0	1	0	0	1	1311	0	0
2026-06-02 17:56:06.749	ui_candidate	0x00000001	DrawPrimitive	27274	6	2	0	1835B7C0	0xF32BEB52C09A54DE	128	32	A8R8G8B8	8	0x00000000	1	0x00000144	1	0	0	0	14743D90	2560	1440	X8R8G8B8	0	0	1	0	1	0	0	1	1312	0	0
2026-06-02 17:56:06.749	ui_candidate	0x00000001	DrawPrimitive	27275	6	2	0	1835A8E0	0xBB9A8BC00A86DF13	128	32	A8R8G8B8	8	0x00000000	1	0x00000144	1	0	0	0	14743D90	2560	1440	X8R8G8B8	0	0	1	0	1	0	0	1	1313	0	0
2026-06-02 17:56:06.750	ui_candidate	0x00000001	DrawPrimitive	27276	6	2	0	1835BA60	0xE80017FD6F70B221	128	32	A8R8G8B8	8	0x00000000	1	0x00000144	1	0	0	0	14743D90	2560	1440	X8R8G8B8	0	0	1	0	1	0	0	1	1314	0	0
2026-06-02 17:56:06.750	ui_candidate	0x00000001	DrawPrimitive	27277	6	2	0	1835AAA0	0x1BC34DB120855A57	128	32	A8R8G8B8	8	0x00000000	1	0x00000144	1	0	0	0	14743D90	2560	1440	X8R8G8B8	0	0	1	0	1	0	0	1	1315	0	0
2026-06-02 17:56:06.750	ui_candidate	0x00000001	DrawPrimitive	27278	6	2	0	1835B8A0	0x30B7C61BEE887C06	64	32	A8R8G8B8	7	0x00000000	1	0x00000144	1	0	0	0	14743D90	2560	1440	X8R8G8B8	0	0	1	0	1	0	0	1	1316	0	0
2026-06-02 17:56:06.750	ui_candidate	0x00000001	DrawPrimitive	27279	6	2	0	1835BB40	0xAE98667AC5C31628	128	32	A8R8G8B8	8	0x00000000	1	0x00000144	1	0	0	0	14743D90	2560	1440	X8R8G8B8	0	0	1	0	1	0	0	1	1317	0	0
2026-06-02 17:56:06.751	ui_candidate	0x00000001	DrawPrimitive	27280	6	2	0	1835A480	0x6AE44336C31FCE1F	128	32	A8R8G8B8	8	0x00000000	1	0x00000144	1	0	0	0	14743D90	2560	1440	X8R8G8B8	0	0	1	0	1	0	0	1	1318	0	0
2026-06-02 17:56:06.751	ui_candidate	0x00000001	DrawPrimitive	27281	6	2	0	1835A560	0xA5CC3C074BB91219	64	32	A8R8G8B8	7	0x00000000	1	0x00000144	1	0	0	0	14743D90	2560	1440	X8R8G8B8	0	0	1	0	1	0	0	1	1319	0	0
2026-06-02 17:56:06.751	ui_candidate	0x00000001	DrawPrimitive	27282	6	2	0	1835C6A0	0x89C7A20D544D6004	64	32	A8R8G8B8	7	0x00000000	1	0x00000144	1	0	0	0	14743D90	2560	1440	X8R8G8B8	0	0	1	0	1	0	0	1	1320	0	0
2026-06-02 17:56:06.752	ui_candidate	0x00000001	DrawPrimitive	27283	6	2	0	1835C860	0xD205DE6DBD0F49B5	64	32	A8R8G8B8	7	0x00000000	1	0x00000144	1	0	0	0	14743D90	2560	1440	X8R8G8B8	0	0	1	0	1	0	0	1	1321	0	0
2026-06-02 17:56:06.752	ui_candidate	0x00000001	DrawPrimitive	27284	6	2	0	1835C780	0x2BAEE3BDF96B8754	128	32	A8R8G8B8	8	0x00000000	1	0x00000144	1	0	0	0	14743D90	2560	1440	X8R8G8B8	0	0	1	0	1	0	0	1	1322	0	0
2026-06-02 17:56:06.752	ui_candidate	0x00000001	DrawPrimitive	27285	6	2	0	1835C5C0	0x8B92DF942030D7E3	64	32	A8R8G8B8	7	0x00000000	1	0x00000144	1	0	0	0	14743D90	2560	1440	X8R8G8B8	0	0	1	0	1	0	0	1	1323	0	0
2026-06-02 17:56:06.752	ui_candidate	0x00000001	DrawPrimitive	27286	6	2	0	1835D900	0x1FA2D44DF028537E	32	32	DXT1	6	0x00000000	1	0x00000144	1	0	0	0	14743D90	2560	1440	X8R8G8B8	0	0	1	0	1	0	0	1	1324	0	0
2026-06-02 17:56:06.754	ui_candidate	0x00000001	DrawPrimitive	27287	6	2	0	1835C4E0	0xE38BD6C9603200A5	128	128	A8R8G8B8	8	0x00000000	1	0x00000144	1	0	0	0	14743D90	2560	1440	X8R8G8B8	0	0	1	0	1	0	0	1	1325	0	0
2026-06-02 17:56:06.754	ui_candidate	0x00000001	DrawPrimitive	27288	6	2	0	1835C940	0x566176F52200AC88	128	128	A8R8G8B8	8	0x00000000	1	0x00000144	1	0	0	0	14743D90	2560	1440	X8R8G8B8	0	0	1	0	1	0	0	1	1326	0	0
2026-06-02 17:56:06.754	ui_candidate	0x00000001	DrawPrimitive	27289	6	2	0	1835C400	0xDE8C175C76F0D68A	128	128	A8R8G8B8	8	0x00000000	1	0x00000144	1	0	0	0	14743D90	2560	1440	X8R8G8B8	0	0	1	0	1	0	0	1	1327	0	0
2026-06-02 17:56:06.755	ui_candidate	0x00000001	DrawPrimitive	27290	6	2	0	1835CF60	0x611A25979B9CAEB6	64	128	DXT1	8	0x00000000	1	0x00000144	1	0	0	0	14743D90	2560	1440	X8R8G8B8	0	0	1	0	1	0	0	1	1328	0	0
2026-06-02 17:56:06.755	ui_candidate	0x00000001	DrawPrimitive	27291	6	2	0	1835CBE0	0x7B1114E468B3276A	128	128	A8R8G8B8	8	0x00000000	1	0x00000144	1	0	0	0	14743D90	2560	1440	X8R8G8B8	0	0	1	0	1	0	0	1	1329	0	0
2026-06-02 17:56:06.756	ui_candidate	0x00000001	DrawPrimitive	27292	6	2	0	1835CA20	0x79321316789BCABA	128	128	A8R8G8B8	8	0x00000000	1	0x00000144	1	0	0	0	14743D90	2560	1440	X8R8G8B8	0	0	1	0	1	0	0	1	1330	0	0
2026-06-02 17:56:06.756	ui_candidate	0x00000001	DrawPrimitive	27293	6	2	0	1835D040	0xB36D7A1FC572A950	128	128	A8R8G8B8	8	0x00000000	1	0x00000144	1	0	0	0	14743D90	2560	1440	X8R8G8B8	0	0	1	0	1	0	0	1	1331	0	0
2026-06-02 17:56:06.756	ui_candidate	0x00000001	DrawPrimitive	27294	6	2	0	1835CB00	0xE52AE1200001C591	128	64	DXT1	8	0x00000000	1	0x00000144	1	0	0	0	14743D90	2560	1440	X8R8G8B8	0	0	1	0	1	0	0	1	1332	0	0
2026-06-02 17:56:06.757	ui_candidate	0x00000001	DrawPrimitive	27295	6	2	0	1835D740	0xFB046FC983F9D055	64	128	DXT1	8	0x00000000	1	0x00000144	1	0	0	0	14743D90	2560	1440	X8R8G8B8	0	0	1	0	1	0	0	1	1333	0	0
2026-06-02 17:56:06.757	ui_candidate	0x00000001	DrawPrimitive	27296	6	2	0	1835DBA0	0x6204270B13DC1076	64	128	DXT1	8	0x00000000	1	0x00000144	1	0	0	0	14743D90	2560	1440	X8R8G8B8	0	0	1	0	1	0	0	1	1334	0	0
2026-06-02 17:56:06.757	ui_candidate	0x00000001	DrawPrimitive	27297	6	2	0	1835CCC0	0xBC329F8310C7E816	64	128	DXT1	8	0x00000000	1	0x00000144	1	0	0	0	14743D90	2560	1440	X8R8G8B8	0	0	1	0	1	0	0	1	1335	0	0
2026-06-02 17:56:06.758	ui_candidate	0x00000001	DrawPrimitive	27298	6	2	0	1835C240	0x53EE95A3F73206F2	128	128	A8R8G8B8	8	0x00000000	1	0x00000144	1	0	0	0	14743D90	2560	1440	X8R8G8B8	0	0	1	0	1	0	0	1	1336	0	0
2026-06-02 17:56:06.758	ui_candidate	0x00000001	DrawPrimitive	27299	6	2	0	1835CDA0	0x7921A82E0A52A4DE	128	128	A8R8G8B8	8	0x00000000	1	0x00000144	1	0	0	0	14743D90	2560	1440	X8R8G8B8	0	0	1	0	1	0	0	1	1337	0	0
2026-06-02 17:56:06.759	ui_candidate	0x00000001	DrawPrimitive	27300	6	2	0	1835CE80	0x931418A17E732E9F	128	128	A8R8G8B8	8	0x00000000	1	0x00000144	1	0	0	0	14743D90	2560	1440	X8R8G8B8	0	0	1	0	1	0	0	1	1338	0	0
2026-06-02 17:56:06.759	ui_candidate	0x00000001	DrawPrimitive	27301	6	2	0	1835D120	0xFDCE54A35FE70B5A	64	64	DXT1	7	0x00000000	1	0x00000144	1	0	0	0	14743D90	2560	1440	X8R8G8B8	0	0	1	0	1	0	0	1	1339	0	0
2026-06-02 17:56:06.759	ui_candidate	0x00000001	DrawPrimitive	27302	6	2	0	1835D200	0x1033DD63527D8C67	128	128	DXT1	8	0x00000000	1	0x00000144	1	0	0	0	14743D90	2560	1440	X8R8G8B8	0	0	1	0	1	0	0	1	1340	0	0
2026-06-02 17:56:06.760	ui_candidate	0x00000001	DrawPrimitive	27303	6	2	0	1835C320	0x25A929D200D3F7C1	128	128	DXT1	8	0x00000000	1	0x00000144	1	0	0	0	14743D90	2560	1440	X8R8G8B8	0	0	1	0	1	0	0	1	1341	0	0
2026-06-02 17:56:06.760	ui_candidate	0x00000001	DrawPrimitive	27304	6	2	0	1835D2E0	0x66FBC398600EB39C	128	128	DXT1	8	0x00000000	1	0x00000144	1	0	0	0	14743D90	2560	1440	X8R8G8B8	0	0	1	0	1	0	0	1	1342	0	0
2026-06-02 17:56:06.760	ui_candidate	0x00000001	DrawPrimitive	27305	6	2	0	1835D3C0	0x259DECB3A2D49526	128	128	DXT1	8	0x00000000	1	0x00000144	1	0	0	0	14743D90	2560	1440	X8R8G8B8	0	0	1	0	1	0	0	1	1343	0	0
2026-06-02 17:56:06.761	ui_candidate	0x00000001	DrawPrimitive	27306	6	2	0	1835D4A0	0xCF30E773C2942E45	128	128	DXT1	8	0x00000000	1	0x00000144	1	0	0	0	14743D90	2560	1440	X8R8G8B8	0	0	1	0	1	0	0	1	1344	0	0
2026-06-02 17:56:06.761	ui_candidate	0x00000001	DrawPrimitive	27307	6	2	0	1835C080	0x6E0E86D84D09FE5F	128	128	A8R8G8B8	8	0x00000000	1	0x00000144	1	0	0	0	14743D90	2560	1440	X8R8G8B8	0	0	1	0	1	0	0	1	1345	0	0
2026-06-02 17:56:06.761	ui_candidate	0x00000001	DrawPrimitive	27308	6	2	0	1835D820	0x263707E679A03B97	128	128	DXT1	8	0x00000000	1	0x00000144	1	0	0	0	14743D90	2560	1440	X8R8G8B8	0	0	1	0	1	0	0	1	1346	0	0
2026-06-02 17:56:06.762	ui_candidate	0x00000001	DrawPrimitive	27309	6	2	0	1835D580	0x3DA16B5E76A647AF	128	128	DXT1	8	0x00000000	1	0x00000144	1	0	0	0	14743D90	2560	1440	X8R8G8B8	0	0	1	0	1	0	0	1	1347	0	0
2026-06-02 17:56:06.762	ui_candidate	0x00000001	DrawPrimitive	27310	6	2	0	1835D9E0	0x0258B02A6F47DE61	128	128	DXT1	8	0x00000000	1	0x00000144	1	0	0	0	14743D90	2560	1440	X8R8G8B8	0	0	1	0	1	0	0	1	1348	0	0
2026-06-02 17:56:06.762	ui_candidate	0x00000001	DrawPrimitive	27311	6	2	0	1835D660	0x50B45EDEA6A4E562	128	128	DXT1	8	0x00000000	1	0x00000144	1	0	0	0	14743D90	2560	1440	X8R8G8B8	0	0	1	0	1	0	0	1	1349	0	0
2026-06-02 17:56:06.763	ui_candidate	0x00000001	DrawPrimitive	27312	6	2	0	1835DAC0	0x29B3BC81193238F7	128	128	DXT1	8	0x00000000	1	0x00000144	1	0	0	0	14743D90	2560	1440	X8R8G8B8	0	0	1	0	1	0	0	1	1350	0	0
2026-06-02 17:56:06.763	ui_candidate	0x00000001	DrawPrimitive	27313	6	2	0	1835C160	0xA47762FC8245B411	128	128	DXT1	8	0x00000000	1	0x00000144	1	0	0	0	14743D90	2560	1440	X8R8G8B8	0	0	1	0	1	0	0	1	1351	0	0
2026-06-02 17:56:06.763	ui_candidate	0x00000001	DrawPrimitive	27314	6	2	0	1835F180	0x383E17B707002A61	128	128	DXT1	8	0x00000000	1	0x00000144	1	0	0	0	14743D90	2560	1440	X8R8G8B8	0	0	1	0	1	0	0	1	1352	0	0
2026-06-02 17:56:06.764	ui_candidate	0x00000001	DrawPrimitive	27315	6	2	0	1835F340	0xCD78F61043253083	128	128	DXT1	8	0x00000000	1	0x00000144	1	0	0	0	14743D90	2560	1440	X8R8G8B8	0	0	1	0	1	0	0	1	1353	0	0
2026-06-02 17:56:06.764	ui_candidate	0x00000001	DrawPrimitive	27316	6	2	0	1835E0E0	0x89535F07291425B6	128	128	DXT1	8	0x00000000	1	0x00000144	1	0	0	0	14743D90	2560	1440	X8R8G8B8	0	0	1	0	1	0	0	1	1354	0	0
2026-06-02 17:56:06.765	ui_candidate	0x00000001	DrawPrimitive	27317	6	2	0	1835DF20	0xA0390F17630EA280	128	128	DXT1	8	0x00000000	1	0x00000144	1	0	0	0	14743D90	2560	1440	X8R8G8B8	0	0	1	0	1	0	0	1	1355	0	0
2026-06-02 17:56:06.765	ui_candidate	0x00000001	DrawPrimitive	27318	6	2	0	1835DD60	0x23DFF335F4011EC7	128	128	DXT1	8	0x00000000	1	0x00000144	1	0	0	0	14743D90	2560	1440	X8R8G8B8	0	0	1	0	1	0	0	1	1356	0	0
2026-06-02 17:56:06.766	ui_candidate	0x00000001	DrawPrimitive	27319	6	2	0	1835F500	0x5014FD034E094BA2	128	128	DXT1	8	0x00000000	1	0x00000144	1	0	0	0	14743D90	2560	1440	X8R8G8B8	0	0	1	0	1	0	0	1	1357	0	0
2026-06-02 17:56:06.766	ui_candidate	0x00000001	DrawPrimitive	27320	6	2	0	1835EB60	0xE268CBE6AD691C8E	128	128	DXT1	8	0x00000000	1	0x00000144	1	0	0	0	14743D90	2560	1440	X8R8G8B8	0	0	1	0	1	0	0	1	1358	0	0
2026-06-02 17:56:06.766	ui_candidate	0x00000001	DrawPrimitive	27321	6	2	0	1835EEE0	0x723BB61A28F5AF2D	128	128	DXT1	8	0x00000000	1	0x00000144	1	0	0	0	14743D90	2560	1440	X8R8G8B8	0	0	1	0	1	0	0	1	1359	0	0
2026-06-02 17:56:06.767	ui_candidate	0x00000001	DrawPrimitive	27322	6	2	0	1835F5E0	0xF0E6A5B18C8110D3	128	128	DXT1	8	0x00000000	1	0x00000144	1	0	0	0	14743D90	2560	1440	X8R8G8B8	0	0	1	0	1	0	0	1	1360	0	0
2026-06-02 17:56:06.767	ui_candidate	0x00000001	DrawPrimitive	27323	6	2	0	1835E700	0xFC2A825B451889C0	128	128	DXT1	8	0x00000000	1	0x00000144	1	0	0	0	14743D90	2560	1440	X8R8G8B8	0	0	1	0	1	0	0	1	1361	0	0
2026-06-02 17:56:06.767	ui_candidate	0x00000001	DrawPrimitive	27324	6	2	0	1835F420	0x95C0595BA4AC7547	128	128	DXT1	8	0x00000000	1	0x00000144	1	0	0	0	14743D90	2560	1440	X8R8G8B8	0	0	1	0	1	0	0	1	1362	0	0
2026-06-02 17:56:06.768	ui_candidate	0x00000001	DrawPrimitive	27325	6	2	0	1835DE40	0x468E84A0CF61B393	128	128	DXT1	8	0x00000000	1	0x00000144	1	0	0	0	14743D90	2560	1440	X8R8G8B8	0	0	1	0	1	0	0	1	1363	0	0
2026-06-02 17:56:06.768	ui_candidate	0x00000001	DrawPrimitive	27326	6	2	0	1835E1C0	0xF4F32F1130C4FE36	128	128	DXT1	8	0x00000000	1	0x00000144	1	0	0	0	14743D90	2560	1440	X8R8G8B8	0	0	1	0	1	0	0	1	1364	0	0
2026-06-02 17:56:06.768	ui_candidate	0x00000001	DrawPrimitive	27327	6	2	0	1835E7E0	0xCD8910D11D071CC9	128	128	DXT1	8	0x00000000	1	0x00000144	1	0	0	0	14743D90	2560	1440	X8R8G8B8	0	0	1	0	1	0	0	1	1365	0	0
2026-06-02 17:56:06.768	ui_candidate	0x00000001	DrawPrimitive	27328	6	2	0	1835EFC0	0x4585435A6B986DA8	128	128	DXT1	8	0x00000000	1	0x00000144	1	0	0	0	14743D90	2560	1440	X8R8G8B8	0	0	1	0	1	0	0	1	1366	0	0
2026-06-02 17:56:06.768	ui_candidate	0x00000001	DrawPrimitive	27329	6	2	0	1835E2A0	0x655D72226D650159	128	128	DXT1	8	0x00000000	1	0x00000144	1	0	0	0	14743D90	2560	1440	X8R8G8B8	0	0	1	0	1	0	0	1	1367	0	0
2026-06-02 17:56:06.769	ui_candidate	0x00000001	DrawPrimitive	27330	6	2	0	1835E8C0	0x6B353953FA1AB27D	128	128	DXT1	8	0x00000000	1	0x00000144	1	0	0	0	14743D90	2560	1440	X8R8G8B8	0	0	1	0	1	0	0	1	1368	0	0
2026-06-02 17:56:06.769	ui_candidate	0x00000001	DrawPrimitive	27331	6	2	0	1835E380	0x073432AA87B16A38	128	128	DXT1	8	0x00000000	1	0x00000144	1	0	0	0	14743D90	2560	1440	X8R8G8B8	0	0	1	0	1	0	0	1	1369	0	0
2026-06-02 17:56:06.769	ui_candidate	0x00000001	DrawPrimitive	27332	6	2	0	1835E9A0	0xE46F75CF1CF94B73	128	128	DXT1	8	0x00000000	1	0x00000144	1	0	0	0	14743D90	2560	1440	X8R8G8B8	0	0	1	0	1	0	0	1	1370	0	0
2026-06-02 17:56:06.770	ui_candidate	0x00000001	DrawPrimitive	27333	6	2	0	1835E460	0x26390037C09FA337	128	128	DXT1	8	0x00000000	1	0x00000144	1	0	0	0	14743D90	2560	1440	X8R8G8B8	0	0	1	0	1	0	0	1	1371	0	0
2026-06-02 17:56:06.770	ui_candidate	0x00000001	DrawPrimitive	27334	6	2	0	1835E540	0x611B3465C61674E2	128	128	DXT1	8	0x00000000	1	0x00000144	1	0	0	0	14743D90	2560	1440	X8R8G8B8	0	0	1	0	1	0	0	1	1372	0	0
2026-06-02 17:56:06.770	ui_candidate	0x00000001	DrawPrimitive	27335	6	2	0	1835EE00	0xF49E4D91005AF1ED	128	128	DXT1	8	0x00000000	1	0x00000144	1	0	0	0	14743D90	2560	1440	X8R8G8B8	0	0	1	0	1	0	0	1	1373	0	0
2026-06-02 17:56:06.771	ui_candidate	0x00000001	DrawPrimitive	27336	6	2	0	1835E620	0xE8589544BCD9CD0C	128	128	DXT1	8	0x00000000	1	0x00000144	1	0	0	0	14743D90	2560	1440	X8R8G8B8	0	0	1	0	1	0	0	1	1374	0	0
2026-06-02 17:56:06.771	ui_candidate	0x00000001	DrawPrimitive	27337	6	2	0	1835EC40	0xA933616D7F12A557	128	128	DXT1	8	0x00000000	1	0x00000144	1	0	0	0	14743D90	2560	1440	X8R8G8B8	0	0	1	0	1	0	0	1	1375	0	0
2026-06-02 17:56:06.771	ui_candidate	0x00000001	DrawPrimitive	27338	6	2	0	1835F6C0	0x87DCAE92CBC11BFB	128	128	DXT1	8	0x00000000	1	0x00000144	1	0	0	0	14743D90	2560	1440	X8R8G8B8	0	0	1	0	1	0	0	1	1376	0	0
2026-06-02 17:56:06.772	ui_candidate	0x00000001	DrawPrimitive	27339	6	2	0	1835EA80	0x2EDFB650AC13335B	128	128	DXT1	8	0x00000000	1	0x00000144	1	0	0	0	14743D90	2560	1440	X8R8G8B8	0	0	1	0	1	0	0	1	1377	0	0
2026-06-02 17:56:06.772	ui_candidate	0x00000001	DrawPrimitive	27340	6	2	0	1835ED20	0x1E887CD77C7E19FC	128	128	DXT1	8	0x00000000	1	0x00000144	1	0	0	0	14743D90	2560	1440	X8R8G8B8	0	0	1	0	1	0	0	1	1378	0	0
2026-06-02 17:56:06.772	ui_candidate	0x00000001	DrawPrimitive	27341	6	2	0	1835F0A0	0x71E37954B82F4579	128	128	DXT1	8	0x00000000	1	0x00000144	1	0	0	0	14743D90	2560	1440	X8R8G8B8	0	0	1	0	1	0	0	1	1379	0	0
2026-06-02 17:56:06.773	ui_candidate	0x00000001	DrawPrimitive	27342	6	2	0	1835F260	0xEA895FF186942335	128	128	DXT1	8	0x00000000	1	0x00000144	1	0	0	0	14743D90	2560	1440	X8R8G8B8	0	0	1	0	1	0	0	1	1380	0	0
2026-06-02 17:56:06.773	ui_candidate	0x00000001	DrawPrimitive	27343	6	2	0	1835F7A0	0xEAB0ED3660B4F3F5	128	128	DXT1	8	0x00000000	1	0x00000144	1	0	0	0	14743D90	2560	1440	X8R8G8B8	0	0	1	0	1	0	0	1	1381	0	0
2026-06-02 17:56:06.773	ui_candidate	0x00000001	DrawPrimitive	27344	6	2	0	1835DC80	0xEA45298C86A99A05	128	128	DXT1	8	0x00000000	1	0x00000144	1	0	0	0	14743D90	2560	1440	X8R8G8B8	0	0	1	0	1	0	0	1	1382	0	0
2026-06-02 17:56:06.774	ui_candidate	0x00000001	DrawPrimitive	27345	6	2	0	1835E000	0x5595723D32F492F7	128	128	DXT1	8	0x00000000	1	0x00000144	1	0	0	0	14743D90	2560	1440	X8R8G8B8	0	0	1	0	1	0	0	1	1383	0	0
2026-06-02 17:56:06.774	ui_candidate	0x00000001	DrawPrimitive	27346	6	2	0	1835FA40	0xED5D28F272404A3B	128	128	DXT1	8	0x00000000	1	0x00000144	1	0	0	0	14743D90	2560	1440	X8R8G8B8	0	0	1	0	1	0	0	1	1384	0	0
2026-06-02 17:56:06.775	ui_candidate	0x00000001	DrawPrimitive	27347	6	2	0	183605A0	0x784621D7C51D6F3D	128	128	DXT1	8	0x00000000	1	0x00000144	1	0	0	0	14743D90	2560	1440	X8R8G8B8	0	0	1	0	1	0	0	1	1385	0	0
2026-06-02 17:56:06.775	ui_candidate	0x00000001	DrawPrimitive	27348	6	2	0	18360300	0xCE8312F197F6D1FA	128	128	DXT1	8	0x00000000	1	0x00000144	1	0	0	0	14743D90	2560	1440	X8R8G8B8	0	0	1	0	1	0	0	1	1386	0	0
2026-06-02 17:56:06.775	ui_candidate	0x00000001	DrawPrimitive	27349	6	2	0	1835FCE0	0xD6D84F6C7EAFA229	128	128	DXT1	8	0x00000000	1	0x00000144	1	0	0	0	14743D90	2560	1440	X8R8G8B8	0	0	1	0	1	0	0	1	1387	0	0
2026-06-02 17:56:06.776	ui_candidate	0x00000001	DrawPrimitive	27350	6	2	0	183611E0	0x7D2A0BB4DF9470FB	128	128	DXT1	8	0x00000000	1	0x00000144	1	0	0	0	14743D90	2560	1440	X8R8G8B8	0	0	1	0	1	0	0	1	1388	0	0
2026-06-02 17:56:06.776	ui_candidate	0x00000001	DrawPrimitive	27351	6	2	0	18360760	0x5120986573124246	128	128	DXT1	8	0x00000000	1	0x00000144	1	0	0	0	14743D90	2560	1440	X8R8G8B8	0	0	1	0	1	0	0	1	1389	0	0
2026-06-02 17:56:06.776	ui_candidate	0x00000001	DrawPrimitive	27352	6	2	0	1835FF80	0x3DCB81DB78875B8A	128	128	DXT1	8	0x00000000	1	0x00000144	1	0	0	0	14743D90	2560	1440	X8R8G8B8	0	0	1	0	1	0	0	1	1390	0	0
2026-06-02 17:56:06.777	ui_candidate	0x00000001	DrawPrimitive	27353	6	2	0	1835FEA0	0x2BD224CE7D1EF465	128	128	DXT1	8	0x00000000	1	0x00000144	1	0	0	0	14743D90	2560	1440	X8R8G8B8	0	0	1	0	1	0	0	1	1391	0	0
2026-06-02 17:56:06.777	ui_candidate	0x00000001	DrawPrimitive	27354	6	2	0	18360140	0x3B158521B5749A1A	128	128	DXT1	8	0x00000000	1	0x00000144	1	0	0	0	14743D90	2560	1440	X8R8G8B8	0	0	1	0	1	0	0	1	1392	0	0
2026-06-02 17:56:06.777	ui_candidate	0x00000001	DrawPrimitive	27355	6	2	0	183612C0	0x6FACFB66CB2523B9	128	128	DXT1	8	0x00000000	1	0x00000144	1	0	0	0	14743D90	2560	1440	X8R8G8B8	0	0	1	0	1	0	0	1	1393	0	0
2026-06-02 17:56:06.778	ui_candidate	0x00000001	DrawPrimitive	27356	6	2	0	1835FDC0	0x353C589FD555E1C6	128	128	DXT1	8	0x00000000	1	0x00000144	1	0	0	0	14743D90	2560	1440	X8R8G8B8	0	0	1	0	1	0	0	1	1394	0	0
2026-06-02 17:56:06.778	ui_candidate	0x00000001	DrawPrimitive	27357	6	2	0	183613A0	0xC4470995C7A8E62A	128	128	DXT1	8	0x00000000	1	0x00000144	1	0	0	0	14743D90	2560	1440	X8R8G8B8	0	0	1	0	1	0	0	1	1395	0	0
2026-06-02 17:56:06.778	ui_candidate	0x00000001	DrawPrimitive	27358	6	2	0	18360840	0x06C3D7231A947E54	128	128	DXT1	8	0x00000000	1	0x00000144	1	0	0	0	14743D90	2560	1440	X8R8G8B8	0	0	1	0	1	0	0	1	1396	0	0
2026-06-02 17:56:06.779	ui_candidate	0x00000001	DrawPrimitive	27359	6	2	0	18360920	0xA03195583730B4DF	128	128	DXT1	8	0x00000000	1	0x00000144	1	0	0	0	14743D90	2560	1440	X8R8G8B8	0	0	1	0	1	0	0	1	1397	0	0
2026-06-02 17:56:06.779	ui_candidate	0x00000001	DrawPrimitive	27360	6	2	0	18360A00	0xEFFF2E4250F61F3D	128	128	DXT1	8	0x00000000	1	0x00000144	1	0	0	0	14743D90	2560	1440	X8R8G8B8	0	0	1	0	1	0	0	1	1398	0	0
2026-06-02 17:56:06.779	ui_candidate	0x00000001	DrawPrimitive	27361	6	2	0	183603E0	0xE4B4F2EC6C0A22E9	128	128	DXT1	8	0x00000000	1	0x00000144	1	0	0	0	14743D90	2560	1440	X8R8G8B8	0	0	1	0	1	0	0	1	1399	0	0
2026-06-02 17:56:06.781	ui_candidate	0x00000001	DrawPrimitive	27362	6	2	0	18361100	0x86793EF4DBC623C6	128	128	DXT1	8	0x00000000	1	0x00000144	1	0	0	0	14743D90	2560	1440	X8R8G8B8	0	0	1	0	1	0	0	1	1400	0	0
2026-06-02 17:56:06.781	ui_candidate	0x00000001	DrawPrimitive	27363	6	2	0	18360060	0x9D14FEEE687A2037	128	128	DXT1	8	0x00000000	1	0x00000144	1	0	0	0	14743D90	2560	1440	X8R8G8B8	0	0	1	0	1	0	0	1	1401	0	0
2026-06-02 17:56:06.782	ui_candidate	0x00000001	DrawPrimitive	27364	6	2	0	1835FB20	0x91365D0DC19EE921	128	128	DXT1	8	0x00000000	1	0x00000144	1	0	0	0	14743D90	2560	1440	X8R8G8B8	0	0	1	0	1	0	0	1	1402	0	0
2026-06-02 17:56:06.782	ui_candidate	0x00000001	DrawPrimitive	27365	6	2	0	18360AE0	0x79CE32C18DEC5D2B	128	128	DXT1	8	0x00000000	1	0x00000144	1	0	0	0	14743D90	2560	1440	X8R8G8B8	0	0	1	0	1	0	0	1	1403	0	0
2026-06-02 17:56:06.782	ui_candidate	0x00000001	DrawPrimitive	27366	6	2	0	1835F880	0x0CFBFBC75C79572C	128	128	DXT1	8	0x00000000	1	0x00000144	1	0	0	0	14743D90	2560	1440	X8R8G8B8	0	0	1	0	1	0	0	1	1404	0	0
2026-06-02 17:56:06.783	ui_candidate	0x00000001	DrawPrimitive	27367	6	2	0	18360BC0	0xC93A511C587B9B41	128	128	DXT1	8	0x00000000	1	0x00000144	1	0	0	0	14743D90	2560	1440	X8R8G8B8	0	0	1	0	1	0	0	1	1405	0	0
2026-06-02 17:56:06.783	ui_candidate	0x00000001	DrawPrimitive	27368	6	2	0	1835F960	0xEB7FD5A3B59BAE19	128	128	DXT1	8	0x00000000	1	0x00000144	1	0	0	0	14743D90	2560	1440	X8R8G8B8	0	0	1	0	1	0	0	1	1406	0	0
2026-06-02 17:56:06.783	ui_candidate	0x00000001	DrawPrimitive	27369	6	2	0	1835FC00	0xF70145E5884700DE	128	128	DXT1	8	0x00000000	1	0x00000144	1	0	0	0	14743D90	2560	1440	X8R8G8B8	0	0	1	0	1	0	0	1	1407	0	0
2026-06-02 17:56:06.784	ui_candidate	0x00000001	DrawPrimitive	27370	6	2	0	18360220	0x30EE8F0A75091795	128	128	DXT1	8	0x00000000	1	0x00000144	1	0	0	0	14743D90	2560	1440	X8R8G8B8	0	0	1	0	1	0	0	1	1408	0	0
2026-06-02 17:56:06.784	ui_candidate	0x00000001	DrawPrimitive	27371	6	2	0	18360CA0	0xECA965EFE204389C	128	128	DXT1	8	0x00000000	1	0x00000144	1	0	0	0	14743D90	2560	1440	X8R8G8B8	0	0	1	0	1	0	0	1	1409	0	0
2026-06-02 17:56:06.784	ui_candidate	0x00000001	DrawPrimitive	27372	6	2	0	183604C0	0x28F311C3B38170A6	128	128	DXT1	8	0x00000000	1	0x00000144	1	0	0	0	14743D90	2560	1440	X8R8G8B8	0	0	1	0	1	0	0	1	1410	0	0
2026-06-02 17:56:06.785	ui_candidate	0x00000001	DrawPrimitive	27373	6	2	0	18360680	0xD9E77CBB6AA2D51E	64	32	DXT1	7	0x00000000	1	0x00000144	1	0	0	0	14743D90	2560	1440	X8R8G8B8	0	0	1	0	1	0	0	1	1411	0	0
2026-06-02 17:56:06.785	ui_candidate	0x00000001	DrawPrimitive	27374	6	2	0	18360D80	0xF0B2986544B62584	64	64	DXT1	7	0x00000000	1	0x00000144	1	0	0	0	14743D90	2560	1440	X8R8G8B8	0	0	1	0	1	0	0	1	1412	0	0
2026-06-02 17:56:06.785	ui_candidate	0x00000001	DrawPrimitive	27375	6	2	0	18360E60	0x0B68A36F84F5AB04	128	64	DXT1	8	0x00000000	1	0x00000144	1	0	0	0	14743D90	2560	1440	X8R8G8B8	0	0	1	0	1	0	0	1	1413	0	0
2026-06-02 17:56:06.786	ui_candidate	0x00000001	DrawPrimitive	27376	6	2	0	18360F40	0x28996B5209D9DC23	128	64	DXT1	8	0x00000000	1	0x00000144	1	0	0	0	14743D90	2560	1440	X8R8G8B8	0	0	1	0	1	0	0	1	1414	0	0
2026-06-02 17:56:06.786	ui_candidate	0x00000001	DrawPrimitive	27377	6	2	0	18361020	0x94FD0839548FB13C	128	32	DXT1	8	0x00000000	1	0x00000144	1	0	0	0	14743D90	2560	1440	X8R8G8B8	0	0	1	0	1	0	0	1	1415	0	0
2026-06-02 17:56:06.786	ui_candidate	0x00000001	DrawPrimitive	27378	6	2	0	18362FA0	0x08B8D11BD9A49D7B	64	64	DXT1	7	0x00000000	1	0x00000144	1	0	0	0	14743D90	2560	1440	X8R8G8B8	0	0	1	0	1	0	0	1	1416	0	0
2026-06-02 17:56:06.787	ui_candidate	0x00000001	DrawPrimitive	27379	6	2	0	18361FE0	0xEE1967E5345D2B45	128	32	DXT1	8	0x00000000	1	0x00000144	1	0	0	0	14743D90	2560	1440	X8R8G8B8	0	0	1	0	1	0	0	1	1417	0	0
2026-06-02 17:56:06.787	ui_candidate	0x00000001	DrawPrimitive	27380	6	2	0	18362EC0	0x37BB3BCBC6B23964	128	64	DXT1	8	0x00000000	1	0x00000144	1	0	0	0	14743D90	2560	1440	X8R8G8B8	0	0	1	0	1	0	0	1	1418	0	0
2026-06-02 17:56:06.787	ui_candidate	0x00000001	DrawPrimitive	27381	6	2	0	18361640	0xD29DCC95123C4402	128	128	DXT1	8	0x00000000	1	0x00000144	1	0	0	0	14743D90	2560	1440	X8R8G8B8	0	0	1	0	1	0	0	1	1419	0	0
2026-06-02 17:56:06.788	ui_candidate	0x00000001	DrawPrimitive	27382	6	2	0	18362280	0x527860BC993D2FA3	128	64	DXT1	8	0x00000000	1	0x00000144	1	0	0	0	14743D90	2560	1440	X8R8G8B8	0	0	1	0	1	0	0	1	1420	0	0
2026-06-02 17:56:06.788	ui_candidate	0x00000001	DrawPrimitive	27383	6	2	0	18361E20	0xA6631B3A3519E800	128	128	DXT1	8	0x00000000	1	0x00000144	1	0	0	0	14743D90	2560	1440	X8R8G8B8	0	0	1	0	1	0	0	1	1421	0	0
2026-06-02 17:56:06.788	ui_candidate	0x00000001	DrawPrimitive	27384	6	2	0	183626E0	0x512F30BD15F79AF0	128	128	DXT1	8	0x00000000	1	0x00000144	1	0	0	0	14743D90	2560	1440	X8R8G8B8	0	0	1	0	1	0	0	1	1422	0	0
2026-06-02 17:56:06.789	ui_candidate	0x00000001	DrawPrimitive	27385	6	2	0	18361C60	0x387ABE796A05BE1C	128	128	DXT1	8	0x00000000	1	0x00000144	1	0	0	0	14743D90	2560	1440	X8R8G8B8	0	0	1	0	1	0	0	1	1423	0	0
2026-06-02 17:56:06.789	ui_candidate	0x00000001	DrawPrimitive	27386	6	2	0	18362360	0x2DC98B9585EA7FD8	128	128	A8R8G8B8	8	0x00000000	1	0x00000144	1	0	0	0	14743D90	2560	1440	X8R8G8B8	0	0	1	0	1	0	0	1	1424	0	0
2026-06-02 17:56:06.789	ui_candidate	0x00000001	DrawPrimitive	27387	6	2	0	18361D40	0xD5794D310083937E	128	128	DXT1	8	0x00000000	1	0x00000144	1	0	0	0	14743D90	2560	1440	X8R8G8B8	0	0	1	0	1	0	0	1	1425	0	0
2026-06-02 17:56:06.790	ui_candidate	0x00000001	DrawPrimitive	27388	6	2	0	18361480	0xD844A86F4D2227DE	128	128	DXT1	8	0x00000000	1	0x00000144	1	0	0	0	14743D90	2560	1440	X8R8G8B8	0	0	1	0	1	0	0	1	1426	0	0
2026-06-02 17:56:06.790	ui_candidate	0x00000001	DrawPrimitive	27389	6	2	0	18362A60	0x08AE958983C66A5B	128	128	A8R8G8B8	8	0x00000000	1	0x00000144	1	0	0	0	14743D90	2560	1440	X8R8G8B8	0	0	1	0	1	0	0	1	1427	0	0
2026-06-02 17:56:06.791	ui_candidate	0x00000001	DrawPrimitive	27390	6	2	0	18361F00	0x3E4E3EB610B190A3	128	128	DXT1	8	0x00000000	1	0x00000144	1	0	0	0	14743D90	2560	1440	X8R8G8B8	0	0	1	0	1	0	0	1	1428	0	0
2026-06-02 17:56:06.791	ui_candidate	0x00000001	DrawPrimitive	27391	6	2	0	18362440	0x6EC638676030D830	128	128	DXT1	8	0x00000000	1	0x00000144	1	0	0	0	14743D90	2560	1440	X8R8G8B8	0	0	1	0	1	0	0	1	1429	0	0
2026-06-02 17:56:06.791	ui_candidate	0x00000001	DrawPrimitive	27392	6	2	0	183627C0	0x36FC45D8DDE7B883	64	32	DXT1	7	0x00000000	1	0x00000144	1	0	0	0	14743D90	2560	1440	X8R8G8B8	0	0	1	0	1	0	0	1	1430	0	0
2026-06-02 17:56:06.792	ui_candidate	0x00000001	DrawPrimitive	27393	6	2	0	18362520	0xF5A70A092E42F3B9	128	128	DXT1	8	0x00000000	1	0x00000144	1	0	0	0	14743D90	2560	1440	X8R8G8B8	0	0	1	0	1	0	0	1	1431	0	0
2026-06-02 17:56:06.792	ui_candidate	0x00000001	DrawPrimitive	27394	6	2	0	183620C0	0x00E41026BC30107B	128	128	DXT1	8	0x00000000	1	0x00000144	1	0	0	0	14743D90	2560	1440	X8R8G8B8	0	0	1	0	1	0	0	1	1432	0	0
2026-06-02 17:56:06.792	ui_candidate	0x00000001	DrawPrimitive	27395	6	2	0	18362600	0xB4BCBBEFD9FF4781	128	128	DXT1	8	0x00000000	1	0x00000144	1	0	0	0	14743D90	2560	1440	X8R8G8B8	0	0	1	0	1	0	0	1	1433	0	0
2026-06-02 17:56:06.793	ui_candidate	0x00000001	DrawPrimitive	27396	6	2	0	18361720	0xFD8EA403658ED7AF	64	32	DXT1	7	0x00000000	1	0x00000144	1	0	0	0	14743D90	2560	1440	X8R8G8B8	0	0	1	0	1	0	0	1	1434	0	0
2026-06-02 17:56:06.793	ui_candidate	0x00000001	DrawPrimitive	27397	6	2	0	18361B80	0xACA55677EF4CD54D	64	32	DXT1	7	0x00000000	1	0x00000144	1	0	0	0	14743D90	2560	1440	X8R8G8B8	0	0	1	0	1	0	0	1	1435	0	0
2026-06-02 17:56:06.793	ui_candidate	0x00000001	DrawPrimitive	27398	6	2	0	183619C0	0x48B6DE102ECDF288	128	128	DXT1	8	0x00000000	1	0x00000144	1	0	0	0	14743D90	2560	1440	X8R8G8B8	0	0	1	0	1	0	0	1	1436	0	0
2026-06-02 17:56:06.794	ui_candidate	0x00000001	DrawPrimitive	27399	6	2	0	18361560	0xAB709C370FB908DB	128	128	DXT1	8	0x00000000	1	0x00000144	1	0	0	0	14743D90	2560	1440	X8R8G8B8	0	0	1	0	1	0	0	1	1437	0	0
2026-06-02 17:56:06.794	ui_candidate	0x00000001	DrawPrimitive	27400	6	2	0	183621A0	0x1B0F43937383DE89	64	64	A8R8G8B8	7	0x00000000	1	0x00000144	1	0	0	0	14743D90	2560	1440	X8R8G8B8	0	0	1	0	1	0	0	1	1438	0	0
2026-06-02 17:56:06.794	ui_candidate	0x00000001	DrawPrimitive	27401	6	2	0	183628A0	0x68DE45C722E8F9A6	64	64	A8R8G8B8	7	0x00000000	1	0x00000144	1	0	0	0	14743D90	2560	1440	X8R8G8B8	0	0	1	0	1	0	0	1	1439	0	0
2026-06-02 17:56:06.795	ui_candidate	0x00000001	DrawPrimitive	27402	6	2	0	18362980	0xDED0650023F03570	128	32	DXT1	8	0x00000000	1	0x00000144	1	0	0	0	14743D90	2560	1440	X8R8G8B8	0	0	1	0	1	0	0	1	1440	0	0
2026-06-02 17:56:06.795	ui_candidate	0x00000001	DrawPrimitive	27403	6	2	0	18362B40	0x3753C4B570664EF3	128	128	DXT1	8	0x00000000	1	0x00000144	1	0	0	0	14743D90	2560	1440	X8R8G8B8	0	0	1	0	1	0	0	1	1441	0	0
2026-06-02 17:56:06.795	ui_candidate	0x00000001	DrawPrimitive	27404	6	2	0	18362C20	0x0D3976341574D1C5	64	32	A8R8G8B8	7	0x00000000	1	0x00000144	1	0	0	0	14743D90	2560	1440	X8R8G8B8	0	0	1	0	1	0	0	1	1442	0	0
2026-06-02 17:56:06.796	ui_candidate	0x00000001	DrawPrimitive	27405	6	2	0	18362D00	0xF4D7B8883C568E43	128	64	A8R8G8B8	8	0x00000000	1	0x00000144	1	0	0	0	14743D90	2560	1440	X8R8G8B8	0	0	1	0	1	0	0	1	1443	0	0
2026-06-02 17:56:06.796	ui_candidate	0x00000001	DrawPrimitive	27406	6	2	0	18362DE0	0x622B35F7B8E40E87	32	16	A8R8G8B8	6	0x00000000	1	0x00000144	1	0	0	0	14743D90	2560	1440	X8R8G8B8	0	0	1	0	1	0	0	1	1444	0	0
2026-06-02 17:56:06.797	ui_candidate	0x00000001	DrawPrimitive	27407	6	2	0	18361800	0x783CB3AE972B0258	32	16	A8R8G8B8	6	0x00000000	1	0x00000144	1	0	0	0	14743D90	2560	1440	X8R8G8B8	0	0	1	0	1	0	0	1	1445	0	0
2026-06-02 17:56:06.797	ui_candidate	0x00000001	DrawPrimitive	27408	6	2	0	183618E0	0xACBF0213A9051C6A	32	16	A8R8G8B8	6	0x00000000	1	0x00000144	1	0	0	0	14743D90	2560	1440	X8R8G8B8	0	0	1	0	1	0	0	1	1446	0	0
2026-06-02 17:56:06.797	ui_candidate	0x00000001	DrawPrimitive	27409	6	2	0	18361AA0	0xA4CCA5711D096603	128	64	DXT1	8	0x00000000	1	0x00000144	1	0	0	0	14743D90	2560	1440	X8R8G8B8	0	0	1	0	1	0	0	1	1447	0	0
2026-06-02 17:56:06.798	ui_candidate	0x00000001	DrawPrimitive	27410	6	2	0	18364120	0x346AB85249236F1C	64	32	DXT1	7	0x00000000	1	0x00000144	1	0	0	0	14743D90	2560	1440	X8R8G8B8	0	0	1	0	1	0	0	1	1448	0	0
2026-06-02 17:56:06.798	ui_candidate	0x00000001	DrawPrimitive	27411	6	2	0	18363F60	0xE18E50D680E53BD2	32	32	A8R8G8B8	6	0x00000000	1	0x00000144	1	0	0	0	14743D90	2560	1440	X8R8G8B8	0	0	1	0	1	0	0	1	1449	0	0
2026-06-02 17:56:06.798	ui_candidate	0x00000001	DrawPrimitive	27412	6	2	0	18364660	0x2F821C0BBE5B4762	64	128	DXT1	8	0x00000000	1	0x00000144	1	0	0	0	14743D90	2560	1440	X8R8G8B8	0	0	1	0	1	0	0	1	1450	0	0
2026-06-02 17:56:06.799	ui_candidate	0x00000001	DrawPrimitive	27413	6	2	0	18364580	0x6087F9EB4BEC07AE	8	8	A8R8G8B8	4	0x00000000	1	0x00000144	1	0	0	0	14743D90	2560	1440	X8R8G8B8	0	0	1	0	1	0	0	1	1451	0	0
2026-06-02 17:56:06.799	ui_candidate	0x00000001	DrawPrimitive	27414	6	2	0	18363160	0xD9D0D405A049B4A1	8	8	A8R8G8B8	4	0x00000000	1	0x00000144	1	0	0	0	14743D90	2560	1440	X8R8G8B8	0	0	1	0	1	0	0	1	1452	0	0
2026-06-02 17:56:06.800	ui_candidate	0x00000001	DrawPrimitive	27415	6	2	0	183649E0	0x68B8DC7027BB5EA5	8	8	A8R8G8B8	4	0x00000000	1	0x00000144	1	0	0	0	14743D90	2560	1440	X8R8G8B8	0	0	1	0	1	0	0	1	1453	0	0
2026-06-02 17:56:06.800	ui_candidate	0x00000001	DrawPrimitive	27416	6	2	0	18364740	0x2F45551FAFF6107F	8	8	A8R8G8B8	4	0x00000000	1	0x00000144	1	0	0	0	14743D90	2560	1440	X8R8G8B8	0	0	1	0	1	0	0	1	1454	0	0
2026-06-02 17:56:06.800	ui_candidate	0x00000001	DrawPrimitive	27417	6	2	0	18363400	0xAB767F0AC00773F9	8	8	A8R8G8B8	4	0x00000000	1	0x00000144	1	0	0	0	14743D90	2560	1440	X8R8G8B8	0	0	1	0	1	0	0	1	1455	0	0
2026-06-02 17:56:06.800	ui_candidate	0x00000001	DrawPrimitive	27418	6	2	0	18364820	0xAA8477192F52CB42	64	32	DXT1	7	0x00000000	1	0x00000144	1	0	0	0	14743D90	2560	1440	X8R8G8B8	0	0	1	0	1	0	0	1	1456	0	0
2026-06-02 17:56:06.801	ui_candidate	0x00000001	DrawPrimitive	27419	6	2	0	18363BE0	0x432BCE5917D56928	64	64	DXT1	7	0x00000000	1	0x00000144	1	0	0	0	14743D90	2560	1440	X8R8G8B8	0	0	1	0	1	0	0	1	1457	0	0
2026-06-02 17:56:06.819	world_unshadowed_candidate	0x00000024	DrawIndexedPrimitive	5345	5	4	4	1682AA80	0xE6EC0E321A0D5CA9	64	64	A8R8G8B8	7	0x00000000	1	0x00000112	0	0	0	0	14743D90	2560	1440	X8R8G8B8	0	0	0	0	0	0	0	0	1	0	1
2026-06-02 17:56:06.820	world_unshadowed_candidate	0x00000024	DrawIndexedPrimitive	5346	5	4	4	1682B180	0x4D29CD6D0157132D	64	64	A8R8G8B8	7	0x00000000	1	0x00000112	0	0	0	0	14743D90	2560	1440	X8R8G8B8	0	0	0	0	0	0	0	0	2	0	1
2026-06-02 17:56:06.820	world_unshadowed_candidate	0x00000024	DrawIndexedPrimitive	5347	5	4	4	1682A620	0x7919EC4E5955B32E	64	64	A8R8G8B8	7	0x00000000	1	0x00000112	0	0	0	0	14743D90	2560	1440	X8R8G8B8	0	0	0	0	0	0	0	0	3	0	1
2026-06-02 17:56:06.820	world_unshadowed_candidate	0x00000024	DrawIndexedPrimitive	5349	5	4	4	1682AFC0	0xA55EB28F0D50E1DC	64	64	A8R8G8B8	7	0x00000000	1	0x00000112	0	0	0	0	14743D90	2560	1440	X8R8G8B8	0	0	0	0	0	0	0	0	5	0	1
2026-06-02 17:56:06.820	effect_candidate	0x00000010	DrawPrimitive	27422	6	2	0	1682BB20	0x5EF9EBC260F4B6BC	64	64	DXT1	7	0x00000000	1	0x00000142	0	0	0	0	14743D90	2560	1440	X8R8G8B8	0	1	0	1	1	0	0	1	6	0	1
2026-06-02 17:56:06.821	world_candidate	0x00000020	DrawIndexedPrimitive	5350	5	303	222	16D84B50	0xC4C3B2FB6C810341	128	128	DXT1	8	0x00000000	1	0x00000112	0	0	0	0	14743D90	2560	1440	X8R8G8B8	0	1	1	0	0	1	1	0	7	0	1
2026-06-02 17:56:06.821	world_candidate	0x00000020	DrawIndexedPrimitive	5351	5	400	284	15CFA8E8	0x4B3D266661B7F9A8	128	128	DXT1	8	0x00000000	1	0x00000112	0	0	0	0	14743D90	2560	1440	X8R8G8B8	0	1	1	0	0	1	1	0	8	0	1
2026-06-02 17:56:06.822	world_candidate	0x00000020	DrawIndexedPrimitive	5352	5	152	131	16D847D0	0x08E8C2FE3A662F69	128	128	DXT1	8	0x00000000	1	0x00000112	0	0	0	0	14743D90	2560	1440	X8R8G8B8	0	1	1	0	0	1	1	0	9	0	1
2026-06-02 17:56:06.822	world_candidate	0x00000020	DrawIndexedPrimitive	5353	5	567	380	15CFBFA8	0x0E7EE3CA0F6F5781	128	128	DXT1	8	0x00000000	1	0x00000112	0	0	0	0	14743D90	2560	1440	X8R8G8B8	0	1	1	0	0	1	1	0	10	0	1
2026-06-02 17:56:06.823	world_candidate	0x00000020	DrawIndexedPrimitive	5367	5	102	78	16D83570	0xCC35CD3F0A00216C	64	64	DXT1	7	0x00000000	1	0x00000112	0	0	0	0	14743D90	2560	1440	X8R8G8B8	0	1	1	0	0	1	1	0	24	0	1
2026-06-02 17:56:06.824	world_candidate	0x00000020	DrawIndexedPrimitive	5372	5	453	290	16D7FF30	0xEC14C0788E491247	128	128	DXT1	8	0x00000000	1	0x00000112	0	0	0	0	14743D90	2560	1440	X8R8G8B8	0	1	1	0	0	1	1	0	29	0	1
2026-06-02 17:56:06.825	world_candidate	0x00000020	DrawIndexedPrimitive	5373	5	251	153	16D7F750	0xFBCC524FF141B3D4	128	128	DXT1	8	0x00000000	1	0x00000112	0	0	0	0	14743D90	2560	1440	X8R8G8B8	0	1	1	0	0	1	1	0	30	0	1
2026-06-02 17:56:06.825	world_candidate	0x00000020	DrawIndexedPrimitive	5374	5	106	74	16D7F590	0x223684BFA58AC376	64	128	DXT1	8	0x00000000	1	0x00000112	0	0	0	0	14743D90	2560	1440	X8R8G8B8	0	1	1	0	0	1	1	0	31	0	1
2026-06-02 17:56:06.825	world_candidate	0x00000020	DrawIndexedPrimitive	5375	5	273	180	16D800F0	0xE47F4A69E7485DAF	128	128	DXT1	8	0x00000000	1	0x00000112	0	0	0	0	14743D90	2560	1440	X8R8G8B8	0	1	1	0	0	1	1	0	32	0	1
2026-06-02 17:56:06.826	world_candidate	0x00000020	DrawIndexedPrimitive	5376	5	14	14	16D7F2F0	0xEE424E483149D0F7	128	128	DXT1	8	0x00000000	1	0x00000112	0	0	0	0	14743D90	2560	1440	X8R8G8B8	0	1	1	0	0	1	1	0	33	0	1
2026-06-02 17:56:06.826	world_candidate	0x00000020	DrawIndexedPrimitive	5387	5	102	76	16D7FBB0	0x55F22B1785898647	64	64	DXT1	7	0x00000000	1	0x00000112	0	0	0	0	14743D90	2560	1440	X8R8G8B8	0	1	1	0	0	1	1	0	44	0	1
2026-06-02 17:56:06.827	world_candidate	0x00000020	DrawIndexedPrimitive	5391	5	303	222	16D83AB0	0x4931D958AADA3C4B	128	128	DXT1	8	0x00000000	1	0x00000112	0	0	0	0	14743D90	2560	1440	X8R8G8B8	0	1	1	0	0	1	1	0	48	0	1
2026-06-02 17:56:06.827	world_candidate	0x00000020	DrawIndexedPrimitive	5393	5	152	131	16D84FB0	0xCA32D5A43F3A8890	128	128	DXT1	8	0x00000000	1	0x00000112	0	0	0	0	14743D90	2560	1440	X8R8G8B8	0	1	1	0	0	1	1	0	50	0	1
2026-06-02 17:56:06.827	world_candidate	0x00000020	DrawIndexedPrimitive	5408	5	102	78	16D83B90	0x91CA9CF9322C1828	64	64	DXT1	7	0x00000000	1	0x00000112	0	0	0	0	14743D90	2560	1440	X8R8G8B8	0	1	1	0	0	1	1	0	65	0	1
2026-06-02 17:56:06.828	world_candidate	0x00000020	DrawIndexedPrimitive	5438	5	38	28	170597C8	0xA65157405B9AC375	64	32	DXT1	7	0x00000000	1	0x00000112	0	0	0	0	14743D90	2560	1440	X8R8G8B8	0	1	1	0	0	1	1	0	95	0	1
2026-06-02 17:56:06.828	world_candidate	0x00000020	DrawIndexedPrimitive	5439	5	128	88	1705A328	0x8B6E3B1204CFF4C0	64	64	DXT1	7	0x00000000	1	0x00000112	0	0	0	0	14743D90	2560	1440	X8R8G8B8	0	1	1	0	0	1	1	0	96	0	1
2026-06-02 17:56:06.828	world_candidate	0x00000020	DrawIndexedPrimitive	5446	5	56	40	15CF86C8	0xE1FBAA3CEBB7B33C	128	64	DXT1	8	0x00000000	1	0x00000112	0	0	0	0	14743D90	2560	1440	X8R8G8B8	0	1	1	0	0	1	1	0	103	0	1
2026-06-02 17:56:06.828	world_candidate	0x00000020	DrawIndexedPrimitive	5447	5	20	16	18361B80	0xACA55677EF4CD54D	64	32	DXT1	7	0x00000000	1	0x00000112	0	0	0	0	14743D90	2560	1440	X8R8G8B8	0	1	1	0	0	1	1	0	104	0	1
2026-06-02 17:56:06.830	world_candidate	0x00000020	DrawIndexedPrimitive	5448	5	20	16	18361720	0xFD8EA403658ED7AF	64	32	DXT1	7	0x00000000	1	0x00000112	0	0	0	0	14743D90	2560	1440	X8R8G8B8	0	1	1	0	0	1	1	0	105	0	1
2026-06-02 17:56:06.830	world_candidate	0x00000020	DrawIndexedPrimitive	5451	5	14	14	17056188	0x522C269E16CC9D54	32	32	DXT1	6	0x00000000	1	0x00000112	0	0	0	0	14743D90	2560	1440	X8R8G8B8	0	1	1	0	0	1	1	0	108	0	1
2026-06-02 17:56:06.830	world_candidate	0x00000020	DrawIndexedPrimitive	5452	5	144	100	18358420	0xBC802C8AD40C667A	64	64	DXT1	7	0x00000000	1	0x00000112	0	0	0	0	14743D90	2560	1440	X8R8G8B8	0	1	1	0	0	1	1	0	109	0	1
2026-06-02 17:56:06.831	world_candidate	0x00000020	DrawIndexedPrimitive	5453	5	2	4	1706CA08	0x0B07F9BD1D40488B	128	64	DXT1	8	0x00000000	1	0x00000112	0	0	0	0	14743D90	2560	1440	X8R8G8B8	0	1	1	0	0	1	1	0	110	0	1
2026-06-02 17:56:06.831	world_candidate	0x00000020	DrawIndexedPrimitive	5458	5	32	24	18359F40	0xC79E7D016338E746	128	128	DXT1	8	0x00000000	1	0x00000112	0	0	0	0	14743D90	2560	1440	X8R8G8B8	0	1	1	0	0	1	1	0	115	0	1
2026-06-02 17:56:06.832	world_candidate	0x00000020	DrawIndexedPrimitive	5461	5	74	40	183611E0	0x7D2A0BB4DF9470FB	128	128	DXT1	8	0x00000000	1	0x00000000	0	0	0	0	14743D90	2560	1440	X8R8G8B8	0	1	1	0	0	0	1	0	118	0	1
2026-06-02 17:56:06.832	world_candidate	0x00000020	DrawIndexedPrimitive	5462	5	16	14	1705C7E8	0x6C732DC9A81DD021	128	64	DXT1	8	0x00000000	1	0x00000000	0	0	0	0	14743D90	2560	1440	X8R8G8B8	0	1	1	0	0	0	1	0	119	0	1
2026-06-02 17:56:06.832	world_candidate	0x00000020	DrawIndexedPrimitive	5463	5	55	40	1706D1E8	0xB3487F942E379761	128	64	DXT1	8	0x00000000	1	0x00000000	0	0	0	0	14743D90	2560	1440	X8R8G8B8	0	1	1	0	0	0	1	0	120	0	1
2026-06-02 17:56:06.833	world_candidate	0x00000020	DrawIndexedPrimitive	5464	5	268	176	18360BC0	0xC93A511C587B9B41	128	128	DXT1	8	0x00000000	1	0x00000000	0	0	0	0	14743D90	2560	1440	X8R8G8B8	0	1	1	0	0	0	1	0	121	0	1
2026-06-02 17:56:06.833	world_candidate	0x00000020	DrawIndexedPrimitive	5465	5	43	24	1704F5E8	0xFE954249164EEB8E	128	64	DXT1	8	0x00000000	1	0x00000000	0	0	0	0	14743D90	2560	1440	X8R8G8B8	0	1	1	0	0	0	1	0	122	0	1
2026-06-02 17:56:06.834	world_candidate	0x00000020	DrawIndexedPrimitive	5489	5	27	21	18364660	0x2F821C0BBE5B4762	64	128	DXT1	8	0x00000000	1	0x00000112	0	0	0	0	14743D90	2560	1440	X8R8G8B8	0	1	1	0	0	1	1	0	146	0	1
2026-06-02 17:56:06.834	world_candidate	0x00000020	DrawIndexedPrimitive	5490	5	14	12	1706AC48	0x8B1C159A9BE1725B	128	32	DXT1	8	0x00000000	1	0x00000112	0	0	0	0	14743D90	2560	1440	X8R8G8B8	0	1	1	0	0	1	1	0	147	0	1
2026-06-02 17:56:06.834	world_candidate	0x00000020	DrawIndexedPrimitive	5491	5	8	8	18362280	0x527860BC993D2FA3	128	64	DXT1	8	0x00000000	1	0x00000112	0	0	0	0	14743D90	2560	1440	X8R8G8B8	0	1	1	0	0	1	1	0	148	0	1
2026-06-02 17:56:06.835	world_candidate	0x00000020	DrawIndexedPrimitive	5492	5	131	82	1835D900	0x1FA2D44DF028537E	32	32	DXT1	6	0x00000000	1	0x00000112	0	0	0	0	14743D90	2560	1440	X8R8G8B8	0	1	1	0	0	1	1	0	149	0	1
2026-06-02 17:56:06.835	world_candidate	0x00000020	DrawIndexedPrimitive	5493	5	179	122	1835F500	0x5014FD034E094BA2	128	128	DXT1	8	0x00000000	1	0x00000112	0	0	0	0	14743D90	2560	1440	X8R8G8B8	0	1	1	0	0	1	1	0	150	0	1
2026-06-02 17:56:06.835	world_candidate	0x00000020	DrawIndexedPrimitive	5494	5	104	74	1706D108	0x4B1E85E830848AAF	128	64	DXT1	8	0x00000000	1	0x00000112	0	0	0	0	14743D90	2560	1440	X8R8G8B8	0	1	1	0	0	1	1	0	151	0	1
2026-06-02 17:56:06.836	world_candidate	0x00000020	DrawIndexedPrimitive	5495	5	43	24	17069E48	0xC6CA2ABDBCC76206	128	128	DXT1	8	0x00000000	1	0x00000112	0	0	0	0	14743D90	2560	1440	X8R8G8B8	0	1	1	0	0	1	1	0	152	0	1
2026-06-02 17:56:06.836	world_candidate	0x00000020	DrawIndexedPrimitive	5496	5	68	49	183603E0	0xE4B4F2EC6C0A22E9	128	128	DXT1	8	0x00000000	1	0x00000112	0	0	0	0	14743D90	2560	1440	X8R8G8B8	0	1	1	0	0	1	1	0	153	0	1
2026-06-02 17:56:06.836	world_candidate	0x00000020	DrawIndexedPrimitive	5497	5	94	65	18354600	0x57191B271480E3BD	128	128	DXT1	8	0x00000000	1	0x00000112	0	0	0	0	14743D90	2560	1440	X8R8G8B8	0	1	1	0	0	1	1	0	154	0	1
2026-06-02 17:56:06.837	world_candidate	0x00000020	DrawIndexedPrimitive	5498	5	136	100	1706A2A8	0x0B5B54C916E86246	64	64	DXT1	7	0x00000000	1	0x00000112	0	0	0	0	14743D90	2560	1440	X8R8G8B8	0	1	1	0	0	1	1	0	155	0	1
2026-06-02 17:56:06.837	world_candidate	0x00000020	DrawIndexedPrimitive	5499	5	20	16	1835D200	0x1033DD63527D8C67	128	128	DXT1	8	0x00000000	1	0x00000112	0	0	0	0	14743D90	2560	1440	X8R8G8B8	0	1	1	0	0	1	1	0	156	0	1
2026-06-02 17:56:06.837	world_candidate	0x00000020	DrawIndexedPrimitive	5500	5	54	38	170699E8	0xD65E70B3F727E2BC	64	32	DXT1	7	0x00000000	1	0x00000112	0	0	0	0	14743D90	2560	1440	X8R8G8B8	0	1	1	0	0	1	1	0	157	0	1
2026-06-02 17:56:06.838	world_candidate	0x00000020	DrawIndexedPrimitive	5501	5	44	32	1705CD28	0x086D805FA0A96A4B	128	128	DXT1	8	0x00000000	1	0x00000112	0	0	0	0	14743D90	2560	1440	X8R8G8B8	0	1	1	0	0	1	1	0	158	0	1
2026-06-02 17:56:06.838	world_candidate	0x00000020	DrawIndexedPrimitive	5502	5	68	48	1835CB00	0xE52AE1200001C591	128	64	DXT1	8	0x00000000	1	0x00000112	0	0	0	0	14743D90	2560	1440	X8R8G8B8	0	1	1	0	0	1	1	0	159	0	1
2026-06-02 17:56:06.838	world_unshadowed_candidate	0x00000024	DrawIndexedPrimitive	5508	5	58	43	18358180	0xACA884427C583BC2	128	128	A8R8G8B8	8	0x00000000	1	0x00000112	0	0	0	0	14743D90	2560	1440	X8R8G8B8	0	1	1	0	0	1	1	0	165	0	1
2026-06-02 17:56:06.839	world_candidate	0x00000020	DrawIndexedPrimitive	5509	5	83	63	18358CE0	0xC0E24BF10F60323C	128	128	DXT1	8	0x00000000	1	0x00000112	0	0	0	0	14743D90	2560	1440	X8R8G8B8	0	1	1	0	0	1	1	0	166	0	1
2026-06-02 17:56:06.839	world_candidate	0x00000020	DrawIndexedPrimitive	5510	5	457	285	1835D740	0xFB046FC983F9D055	64	128	DXT1	8	0x00000000	1	0x00000112	0	0	0	0	14743D90	2560	1440	X8R8G8B8	0	1	1	0	0	1	1	0	167	0	1
2026-06-02 17:56:06.839	world_candidate	0x00000020	DrawIndexedPrimitive	5519	5	44	29	1835CF60	0x611A25979B9CAEB6	64	128	DXT1	8	0x00000000	1	0x00000112	0	0	0	0	14743D90	2560	1440	X8R8G8B8	0	1	1	0	0	1	1	0	176	0	1
2026-06-02 17:56:06.840	world_candidate	0x00000020	DrawIndexedPrimitive	5549	5	672	444	1705D6C8	0x7EBC3F00247767D9	32	32	DXT1	6	0x00000000	1	0x00000000	0	0	0	0	14743D90	2560	1440	X8R8G8B8	0	1	1	0	0	0	1	0	206	0	1
2026-06-02 17:56:06.840	world_candidate	0x00000020	DrawIndexedPrimitive	5550	5	27	21	1705C468	0x9D4E4453CB3B1B28	64	64	DXT1	7	0x00000000	1	0x00000000	0	0	0	0	14743D90	2560	1440	X8R8G8B8	0	1	1	0	0	0	1	0	207	0	1
2026-06-02 17:56:06.840	world_candidate	0x00000020	DrawIndexedPrimitive	5553	5	256	172	17054128	0x408978C093DE548D	16	64	DXT1	7	0x00000000	1	0x00000112	0	0	0	0	14743D90	2560	1440	X8R8G8B8	0	1	1	0	0	0	1	0	210	0	1
2026-06-02 17:56:06.841	world_candidate	0x00000020	DrawIndexedPrimitive	5555	5	50	34	1585BF40	0x11CECE50508E6D2E	16	16	DXT1	5	0x00000000	1	0x00000112	0	0	0	0	14743D90	2560	1440	X8R8G8B8	0	1	1	0	0	0	1	0	212	0	1
2026-06-02 17:56:06.841	world_candidate	0x00000020	DrawIndexedPrimitive	5558	5	88	55	1585BBC0	0x223334581D872753	16	16	DXT1	5	0x00000000	1	0x00000112	0	0	0	0	14743D90	2560	1440	X8R8G8B8	0	1	1	0	0	0	1	0	215	0	1
2026-06-02 17:56:06.841	world_candidate	0x00000020	DrawIndexedPrimitive	5559	5	14	12	1706DC68	0xD2123F4D71B0951D	128	64	DXT1	8	0x00000000	1	0x00000112	0	0	0	0	14743D90	2560	1440	X8R8G8B8	0	1	1	0	0	0	1	0	216	0	1
2026-06-02 17:56:06.842	world_candidate	0x00000020	DrawIndexedPrimitive	5560	5	51	34	1704E708	0x04D5339FBD9B33D2	64	32	DXT1	7	0x00000000	1	0x00000112	0	0	0	0	14743D90	2560	1440	X8R8G8B8	0	1	1	0	0	0	1	0	217	0	1
2026-06-02 17:56:06.842	world_candidate	0x00000020	DrawIndexedPrimitive	5562	5	1121	679	17059C28	0x211E67C931F22371	128	128	DXT1	8	0x00000000	1	0x00000112	0	0	0	0	14743D90	2560	1440	X8R8G8B8	0	1	1	0	0	1	1	0	219	0	1
2026-06-02 17:56:06.843	world_candidate	0x00000020	DrawIndexedPrimitive	5563	5	116	76	170583A8	0x89814BB51F536FF4	256	256	DXT1	9	0x00000000	1	0x00000112	0	0	0	0	14743D90	2560	1440	X8R8G8B8	0	1	1	0	0	1	1	0	220	0	1
2026-06-02 17:56:06.843	world_candidate	0x00000020	DrawIndexedPrimitive	5564	5	251	176	17050148	0xEEE6E5F7BBE0FF16	32	64	DXT1	7	0x00000000	1	0x00000112	0	0	0	0	14743D90	2560	1440	X8R8G8B8	0	1	1	0	0	1	1	0	221	0	1
2026-06-02 17:56:06.843	world_candidate	0x00000020	DrawIndexedPrimitive	5565	5	17	10	15CF7388	0xAEB92DEA46004BEB	64	64	DXT1	7	0x00000000	1	0x00000112	0	0	0	0	14743D90	2560	1440	X8R8G8B8	0	1	1	0	0	1	1	0	222	0	1
2026-06-02 17:56:06.844	world_candidate	0x00000020	DrawIndexedPrimitive	5566	5	38	26	17055548	0x5B4A3FAF6EC604BB	32	32	DXT1	6	0x00000000	1	0x00000112	0	0	0	0	14743D90	2560	1440	X8R8G8B8	0	1	1	0	0	1	1	0	223	0	1
2026-06-02 17:56:06.844	world_candidate	0x00000020	DrawIndexedPrimitive	5567	5	4	6	17056C08	0x02D2A52AE35F0EA4	64	64	DXT1	7	0x00000000	1	0x00000112	0	0	0	0	14743D90	2560	1440	X8R8G8B8	0	1	1	0	0	1	1	0	224	0	1
2026-06-02 17:56:06.844	world_candidate	0x00000020	DrawIndexedPrimitive	5568	5	4	6	170565E8	0x757DA6AA9D8DC2B0	32	32	DXT1	6	0x00000000	1	0x00000112	0	0	0	0	14743D90	2560	1440	X8R8G8B8	0	1	1	0	0	1	1	0	225	0	1
2026-06-02 17:56:06.845	world_candidate	0x00000020	DrawIndexedPrimitive	5569	5	44	35	17050D88	0x50DDE165E559B20B	64	128	DXT1	8	0x00000000	1	0x00000112	0	0	0	0	14743D90	2560	1440	X8R8G8B8	0	1	1	0	0	1	1	0	226	0	1
2026-06-02 17:56:06.845	world_candidate	0x00000020	DrawIndexedPrimitive	5570	5	75	52	15AA3570	0x9ACDF1DD3A0E9D90	64	64	DXT1	7	0x00000000	1	0x00000112	0	0	0	0	14743D90	2560	1440	X8R8G8B8	0	1	1	0	0	1	1	0	227	0	1
2026-06-02 17:56:06.846	world_candidate	0x00000020	DrawIndexedPrimitive	5631	5	11	8	183585E0	0xC98350052CDE94CA	64	64	DXT1	7	0x00000000	1	0x00000112	0	0	0	0	14743D90	2560	1440	X8R8G8B8	0	1	1	0	0	0	1	0	288	0	1
2026-06-02 17:56:06.846	world_candidate	0x00000020	DrawIndexedPrimitive	5635	5	37	24	16D7F4B0	0x888068D6ECFADC94	128	64	DXT1	8	0x00000000	1	0x00000112	0	0	0	0	14743D90	2560	1440	X8R8G8B8	0	1	1	0	0	1	1	0	292	0	1
2026-06-02 17:56:06.847	world_candidate	0x00000020	DrawIndexedPrimitive	5636	5	537	348	183569E0	0x9443AD703E242DA1	64	64	DXT1	7	0x00000000	1	0x00000000	0	0	0	0	14743D90	2560	1440	X8R8G8B8	0	1	1	0	0	0	1	0	293	0	1
2026-06-02 17:56:06.847	world_candidate	0x00000020	DrawIndexedPrimitive	5637	5	665	425	183554E0	0xF7B841241EACC601	64	64	DXT1	7	0x00000000	1	0x00000000	0	0	0	0	14743D90	2560	1440	X8R8G8B8	0	1	1	0	0	0	1	0	294	0	1
2026-06-02 17:56:06.848	world_candidate	0x00000020	DrawIndexedPrimitive	5638	5	510	245	18359760	0x7E8FDAE54B9BFA55	256	256	DXT1	9	0x00000000	1	0x00000000	0	0	0	0	14743D90	2560	1440	X8R8G8B8	0	1	1	0	0	0	1	0	295	0	1
2026-06-02 17:56:06.848	world_candidate	0x00000020	DrawIndexedPrimitive	5639	5	595	388	183572A0	0xD9E5616A11A6BAAF	128	128	DXT1	8	0x00000000	1	0x00000000	0	0	0	0	14743D90	2560	1440	X8R8G8B8	0	1	1	0	0	0	1	0	296	0	1
2026-06-02 17:56:06.848	world_candidate	0x00000020	DrawIndexedPrimitive	5640	5	286	188	18358340	0xFE9C5DB4B132BD4B	128	128	DXT1	8	0x00000000	1	0x00000000	0	0	0	0	14743D90	2560	1440	X8R8G8B8	0	1	1	0	0	0	1	0	297	0	1
2026-06-02 17:56:06.848	world_candidate	0x00000020	DrawIndexedPrimitive	5641	5	192	113	1705E148	0xCDC9066D74791BED	128	128	DXT1	8	0x00000000	1	0x00000000	0	0	0	0	14743D90	2560	1440	X8R8G8B8	0	1	1	0	0	0	1	0	298	0	1
2026-06-02 17:56:06.850	world_candidate	0x00000020	DrawIndexedPrimitive	5642	5	396	267	17067368	0xE196067389270F93	32	32	DXT1	6	0x00000000	1	0x00000000	0	0	0	0	14743D90	2560	1440	X8R8G8B8	0	1	1	0	0	0	1	0	299	0	1
2026-06-02 17:56:06.850	world_candidate	0x00000020	DrawIndexedPrimitive	5643	5	471	291	1705BBA8	0xED15B5BCF57A4460	128	128	DXT1	8	0x00000000	1	0x00000000	0	0	0	0	14743D90	2560	1440	X8R8G8B8	0	1	1	0	0	0	1	0	300	0	1
2026-06-02 17:56:06.850	world_candidate	0x00000020	DrawIndexedPrimitive	5644	5	877	576	1705B748	0x444DBB52F2310683	128	128	DXT1	8	0x00000000	1	0x00000000	0	0	0	0	14743D90	2560	1440	X8R8G8B8	0	1	1	0	0	0	1	0	301	0	1
2026-06-02 17:56:06.850	world_candidate	0x00000020	DrawIndexedPrimitive	5645	5	1214	814	17066C68	0xD005126C01455ED3	32	32	DXT1	6	0x00000000	1	0x00000000	0	0	0	0	14743D90	2560	1440	X8R8G8B8	0	1	1	0	0	0	1	0	302	0	1
2026-06-02 17:56:06.851	world_candidate	0x00000020	DrawIndexedPrimitive	5646	5	33	25	17067A68	0x385FE9C009287EF7	32	32	DXT1	6	0x00000000	1	0x00000000	0	0	0	0	14743D90	2560	1440	X8R8G8B8	0	1	1	0	0	0	1	0	303	0	1
2026-06-02 17:56:06.851	world_candidate	0x00000020	DrawIndexedPrimitive	5647	5	61	45	17066648	0xEB55E003508F6283	32	32	DXT1	6	0x00000000	1	0x00000000	0	0	0	0	14743D90	2560	1440	X8R8G8B8	0	1	1	0	0	0	1	0	304	0	1
2026-06-02 17:56:06.851	world_candidate	0x00000020	DrawIndexedPrimitive	5648	5	229	155	17068788	0x3374B25F149C95BE	32	32	DXT1	6	0x00000000	1	0x00000000	0	0	0	0	14743D90	2560	1440	X8R8G8B8	0	1	1	0	0	0	1	0	305	0	1
2026-06-02 17:56:06.851	world_candidate	0x00000020	DrawIndexedPrimitive	5649	5	284	194	17068408	0x279CF322E698370C	32	32	DXT1	6	0x00000000	1	0x00000000	0	0	0	0	14743D90	2560	1440	X8R8G8B8	0	1	1	0	0	0	1	0	306	0	1
2026-06-02 17:56:06.851	world_candidate	0x00000020	DrawIndexedPrimitive	5650	5	382	242	17061A28	0xA43D05DBA91916AD	32	32	DXT1	6	0x00000000	1	0x00000000	0	0	0	0	14743D90	2560	1440	X8R8G8B8	0	1	1	0	0	0	1	0	307	0	1
2026-06-02 17:56:06.852	world_candidate	0x00000020	DrawIndexedPrimitive	5651	5	604	409	17067988	0xF619F58C4508E3E4	32	32	DXT1	6	0x00000000	1	0x00000000	0	0	0	0	14743D90	2560	1440	X8R8G8B8	0	1	1	0	0	0	1	0	308	0	1
2026-06-02 17:56:06.852	world_candidate	0x00000020	DrawIndexedPrimitive	5652	5	76	54	17063388	0x0183C3FCBCAC546B	32	32	DXT1	6	0x00000000	1	0x00000000	0	0	0	0	14743D90	2560	1440	X8R8G8B8	0	1	1	0	0	0	1	0	309	0	1
2026-06-02 17:56:06.852	world_candidate	0x00000020	DrawIndexedPrimitive	5653	5	112	77	17061948	0x86D0BA982A64B3CC	32	32	DXT1	6	0x00000000	1	0x00000000	0	0	0	0	14743D90	2560	1440	X8R8G8B8	0	1	1	0	0	0	1	0	310	0	1
2026-06-02 17:56:06.852	world_candidate	0x00000020	DrawIndexedPrimitive	5654	5	169	115	170631C8	0xBB9765C90B3B2A98	64	32	DXT1	7	0x00000000	1	0x00000000	0	0	0	0	14743D90	2560	1440	X8R8G8B8	0	1	1	0	0	0	1	0	311	0	1
2026-06-02 17:56:06.853	world_candidate	0x00000020	DrawIndexedPrimitive	5655	5	38	28	17061B08	0x3047D271A6C278EB	32	32	DXT1	6	0x00000000	1	0x00000000	0	0	0	0	14743D90	2560	1440	X8R8G8B8	0	1	1	0	0	0	1	0	312	0	1
2026-06-02 17:56:06.853	world_candidate	0x00000020	DrawIndexedPrimitive	5656	5	55	35	170630E8	0xACCD3C864D2FEBD4	32	32	DXT1	6	0x00000000	1	0x00000000	0	0	0	0	14743D90	2560	1440	X8R8G8B8	0	1	1	0	0	0	1	0	313	0	1
2026-06-02 17:56:06.853	world_candidate	0x00000020	DrawIndexedPrimitive	5657	5	9	9	170632A8	0xA98B7EB0DE937D39	32	32	DXT1	6	0x00000000	1	0x00000000	0	0	0	0	14743D90	2560	1440	X8R8G8B8	0	1	1	0	0	0	1	0	314	0	1
2026-06-02 17:56:06.853	world_candidate	0x00000020	DrawIndexedPrimitive	5658	5	142	97	17062748	0xC3416FA40CF3215B	64	32	DXT1	7	0x00000000	1	0x00000000	0	0	0	0	14743D90	2560	1440	X8R8G8B8	0	1	1	0	0	0	1	0	315	0	1
2026-06-02 17:56:06.854	world_candidate	0x00000020	DrawIndexedPrimitive	5659	5	50	36	17062668	0xE135CFC6C305A5A0	32	32	DXT1	6	0x00000000	1	0x00000000	0	0	0	0	14743D90	2560	1440	X8R8G8B8	0	1	1	0	0	0	1	0	316	0	1
2026-06-02 17:56:06.854	world_candidate	0x00000020	DrawIndexedPrimitive	5660	5	50	36	17062828	0xCDEA14A51262E464	32	64	DXT1	7	0x00000000	1	0x00000000	0	0	0	0	14743D90	2560	1440	X8R8G8B8	0	1	1	0	0	0	1	0	317	0	1
2026-06-02 17:56:06.854	world_candidate	0x00000020	DrawIndexedPrimitive	5661	5	86	59	17061BE8	0x48B6E06B3CF5BB57	32	32	DXT1	6	0x00000000	1	0x00000000	0	0	0	0	14743D90	2560	1440	X8R8G8B8	0	1	1	0	0	0	1	0	318	0	1
2026-06-02 17:56:06.854	world_candidate	0x00000020	DrawIndexedPrimitive	5662	5	104	72	17067D08	0x89EE11B82A536A1C	32	32	DXT1	6	0x00000000	1	0x00000000	0	0	0	0	14743D90	2560	1440	X8R8G8B8	0	1	1	0	0	0	1	0	319	0	1
2026-06-02 17:56:06.854	world_candidate	0x00000020	DrawIndexedPrimitive	5663	5	87	50	17066F08	0xFECCF68B75998178	32	32	DXT1	6	0x00000000	1	0x00000000	0	0	0	0	14743D90	2560	1440	X8R8G8B8	0	1	1	0	0	0	1	0	320	0	1
2026-06-02 17:56:06.855	world_candidate	0x00000020	DrawIndexedPrimitive	5664	5	140	96	17061CC8	0x8D57F5AF81D5865C	64	32	DXT1	7	0x00000000	1	0x00000000	0	0	0	0	14743D90	2560	1440	X8R8G8B8	0	1	1	0	0	0	1	0	321	0	1
2026-06-02 17:56:06.855	world_candidate	0x00000020	DrawIndexedPrimitive	5665	5	426	251	18354440	0x8E34DAD9BD444DF7	128	128	DXT1	1	0x00000000	1	0x00000000	0	0	0	0	14743D90	2560	1440	X8R8G8B8	0	1	1	0	0	0	1	0	322	0	1
2026-06-02 17:56:06.855	world_candidate	0x00000020	DrawIndexedPrimitive	5666	5	358	252	1705B2E8	0x3D5A49434E9DD9D4	128	64	DXT1	8	0x00000000	1	0x00000000	0	0	0	0	14743D90	2560	1440	X8R8G8B8	0	1	1	0	0	0	1	0	323	0	1
2026-06-02 17:56:06.855	world_candidate	0x00000020	DrawIndexedPrimitive	5667	5	322	225	1705D268	0x7F335FFAE03C8985	128	128	DXT1	8	0x00000000	1	0x00000000	0	0	0	0	14743D90	2560	1440	X8R8G8B8	0	1	1	0	0	0	1	0	324	0	1
2026-06-02 17:56:06.856	world_candidate	0x00000020	DrawIndexedPrimitive	5668	5	41	30	1705D888	0x75A655F4E33BB3A4	128	128	DXT1	8	0x00000000	1	0x00000000	0	0	0	0	14743D90	2560	1440	X8R8G8B8	0	1	1	0	0	0	1	0	325	0	1
2026-06-02 17:56:06.856	world_candidate	0x00000020	DrawIndexedPrimitive	5669	5	246	169	1705D348	0xE6F6E049B6567FF6	128	128	DXT1	8	0x00000000	1	0x00000000	0	0	0	0	14743D90	2560	1440	X8R8G8B8	0	1	1	0	0	0	1	0	326	0	1
2026-06-02 17:56:06.856	world_candidate	0x00000020	DrawIndexedPrimitive	5670	5	45	36	1705D7A8	0x24767F1243CE0515	128	128	DXT1	8	0x00000000	1	0x00000000	0	0	0	0	14743D90	2560	1440	X8R8G8B8	0	1	1	0	0	0	1	0	327	0	1
2026-06-02 17:56:06.856	world_candidate	0x00000020	DrawIndexedPrimitive	5671	5	17	10	18356740	0x1EED61C647F285C6	128	128	DXT1	1	0x00000000	1	0x00000000	0	0	0	0	14743D90	2560	1440	X8R8G8B8	0	1	1	0	0	0	1	0	328	0	1
2026-06-02 17:56:06.857	world_candidate	0x00000020	DrawIndexedPrimitive	5672	5	77	55	1705E228	0x52505647999C1F4E	128	128	DXT1	1	0x00000000	1	0x00000000	0	0	0	0	14743D90	2560	1440	X8R8G8B8	0	1	1	0	0	0	1	0	329	0	1
2026-06-02 17:56:06.857	world_candidate	0x00000020	DrawIndexedPrimitive	5673	5	37	27	1705D508	0x4DAB47F5DD0C1E93	128	128	DXT1	8	0x00000000	1	0x00000000	0	0	0	0	14743D90	2560	1440	X8R8G8B8	0	1	1	0	0	0	1	0	330	0	1
2026-06-02 17:56:06.857	world_candidate	0x00000020	DrawIndexedPrimitive	5674	5	344	249	1835A020	0x68B6D55AA541A9A3	128	128	DXT1	8	0x00000000	1	0x00000000	0	0	0	0	14743D90	2560	1440	X8R8G8B8	0	1	1	0	0	0	1	0	331	0	1
2026-06-02 17:56:06.857	world_candidate	0x00000020	DrawIndexedPrimitive	5675	5	215	163	18357A80	0xF29DAC1134E6D64F	128	128	DXT1	8	0x00000000	1	0x00000000	0	0	0	0	14743D90	2560	1440	X8R8G8B8	0	1	1	0	0	0	1	0	332	0	1
2026-06-02 17:56:06.858	world_candidate	0x00000020	DrawIndexedPrimitive	5676	5	295	165	18358260	0x53E722409A878AF0	128	128	DXT1	8	0x00000000	1	0x00000000	0	0	0	0	14743D90	2560	1440	X8R8G8B8	0	1	1	0	0	0	1	0	333	0	1
2026-06-02 17:56:06.858	world_candidate	0x00000020	DrawIndexedPrimitive	5678	5	176	138	1835C320	0x25A929D200D3F7C1	128	128	DXT1	8	0x00000000	1	0x00000000	0	0	0	0	14743D90	2560	1440	X8R8G8B8	0	1	1	0	0	0	1	0	335	0	1
2026-06-02 17:56:06.858	world_candidate	0x00000020	DrawIndexedPrimitive	5679	5	79	64	18360AE0	0x79CE32C18DEC5D2B	128	128	DXT1	8	0x00000000	1	0x00000000	0	0	0	0	14743D90	2560	1440	X8R8G8B8	0	1	1	0	0	0	1	0	336	0	1
2026-06-02 17:56:06.859	world_candidate	0x00000020	DrawIndexedPrimitive	5680	5	26	24	17069588	0xE2D292E572FE84CF	128	128	DXT1	8	0x00000000	1	0x00000000	0	0	0	0	14743D90	2560	1440	X8R8G8B8	0	1	1	0	0	0	1	0	337	0	1
2026-06-02 17:56:06.859	world_candidate	0x00000020	DrawIndexedPrimitive	5681	5	13	11	18357540	0x3D458A17254234EC	128	128	DXT1	8	0x00000000	1	0x00000000	0	0	0	0	14743D90	2560	1440	X8R8G8B8	0	1	1	0	0	0	1	0	338	0	1
2026-06-02 17:56:06.859	world_candidate	0x00000020	DrawIndexedPrimitive	5682	5	32	23	18359140	0xF9A4E0480825ADB4	128	128	DXT1	8	0x00000000	1	0x00000000	0	0	0	0	14743D90	2560	1440	X8R8G8B8	0	1	1	0	0	0	1	0	339	0	1
2026-06-02 17:56:06.859	world_candidate	0x00000020	DrawIndexedPrimitive	5684	5	2	4	17069828	0x19442AE01D0EA892	128	128	DXT1	8	0x00000000	1	0x00000000	0	0	0	0	14743D90	2560	1440	X8R8G8B8	0	1	1	0	0	0	1	0	341	0	1
2026-06-02 17:56:06.860	world_candidate	0x00000020	DrawIndexedPrimitive	5689	5	174	112	170694A8	0x64BAE7A60291C721	128	128	DXT1	8	0x00000000	1	0x00000000	0	0	0	0	14743D90	2560	1440	X8R8G8B8	0	1	1	0	0	0	1	0	346	0	1
2026-06-02 17:56:06.860	world_candidate	0x00000020	DrawIndexedPrimitive	5690	5	442	278	1835D9E0	0x0258B02A6F47DE61	128	128	DXT1	8	0x00000000	1	0x00000000	0	0	0	0	14743D90	2560	1440	X8R8G8B8	0	1	1	0	0	0	1	0	347	0	1
2026-06-02 17:56:06.861	world_candidate	0x00000020	DrawIndexedPrimitive	5691	5	374	254	1704F968	0x69D4ECD355A9A279	128	64	DXT1	8	0x00000000	1	0x00000000	0	0	0	0	14743D90	2560	1440	X8R8G8B8	0	1	1	0	0	0	1	0	348	0	1
2026-06-02 17:56:06.861	world_candidate	0x00000020	DrawIndexedPrimitive	5692	5	83	57	1835D660	0x50B45EDEA6A4E562	128	128	DXT1	8	0x00000000	1	0x00000000	0	0	0	0	14743D90	2560	1440	X8R8G8B8	0	1	1	0	0	0	1	0	349	0	1
2026-06-02 17:56:06.861	world_candidate	0x00000020	DrawIndexedPrimitive	5693	5	220	125	170614E8	0x86CB3E6CC84F9371	128	128	DXT1	8	0x00000000	1	0x00000000	0	0	0	0	14743D90	2560	1440	X8R8G8B8	0	1	1	0	0	0	1	0	350	0	1
2026-06-02 17:56:06.862	world_candidate	0x00000020	DrawIndexedPrimitive	5695	5	150	86	18359840	0x770191B523D26D82	128	128	DXT1	8	0x00000000	1	0x00000000	0	0	0	0	14743D90	2560	1440	X8R8G8B8	0	1	1	0	0	0	1	0	352	0	1
2026-06-02 17:56:06.862	world_candidate	0x00000020	DrawIndexedPrimitive	5697	5	182	126	1705AE88	0x4F04BFA5F5BF8626	128	32	DXT1	8	0x00000000	1	0x00000000	0	0	0	0	14743D90	2560	1440	X8R8G8B8	0	1	1	0	0	0	1	0	354	0	1
2026-06-02 17:56:06.863	world_candidate	0x00000020	DrawIndexedPrimitive	5702	5	357	206	1835E620	0xE8589544BCD9CD0C	128	128	DXT1	8	0x00000000	1	0x00000000	0	0	0	0	14743D90	2560	1440	X8R8G8B8	0	1	1	0	0	0	1	0	359	0	1
2026-06-02 17:56:06.863	world_candidate	0x00000020	DrawIndexedPrimitive	5704	5	125	76	18353B80	0x2CE940D76497EAB3	128	128	DXT1	1	0x00000000	1	0x00000000	0	0	0	0	14743D90	2560	1440	X8R8G8B8	0	1	1	0	0	0	1	0	361	0	1
2026-06-02 17:56:06.863	world_candidate	0x00000020	DrawIndexedPrimitive	5706	5	99	74	1706AA88	0xB0350AED1799FC82	128	64	DXT1	8	0x00000000	1	0x00000000	0	0	0	0	14743D90	2560	1440	X8R8G8B8	0	1	1	0	0	0	1	0	363	0	1
2026-06-02 17:56:06.864	world_candidate	0x00000020	DrawIndexedPrimitive	5710	5	32	26	1705CC48	0x93DFCD2D9CC465B0	128	128	DXT1	8	0x00000000	1	0x00000000	0	0	0	0	14743D90	2560	1440	X8R8G8B8	0	1	1	0	0	0	1	0	367	0	1
2026-06-02 17:56:06.864	world_candidate	0x00000020	DrawIndexedPrimitive	5714	5	26	22	1705CB68	0x9D69C08577EADAE8	128	128	DXT1	8	0x00000000	1	0x00000000	0	0	0	0	14743D90	2560	1440	X8R8G8B8	0	1	1	0	0	0	1	0	371	0	1
2026-06-02 17:56:06.864	world_candidate	0x00000020	DrawIndexedPrimitive	5724	5	32	23	1705DC08	0xAA036F2A7E874C92	128	128	DXT1	8	0x00000000	1	0x00000000	0	0	0	0	14743D90	2560	1440	X8R8G8B8	0	1	1	0	0	0	1	0	381	0	1
2026-06-02 17:56:06.865	world_candidate	0x00000020	DrawIndexedPrimitive	5733	5	166	114	17050F48	0xDF92D7E7F95B945F	128	128	DXT1	8	0x00000000	1	0x00000000	0	0	0	0	14743D90	2560	1440	X8R8G8B8	0	1	1	0	0	0	1	0	390	0	1
2026-06-02 17:56:06.865	world_candidate	0x00000020	DrawIndexedPrimitive	5734	5	213	156	17050228	0xF870B9AE59689CCF	128	128	DXT1	8	0x00000000	1	0x00000000	0	0	0	0	14743D90	2560	1440	X8R8G8B8	0	1	1	0	0	0	1	0	391	0	1
2026-06-02 17:56:06.866	world_candidate	0x00000020	DrawIndexedPrimitive	5740	5	718	363	18353D40	0xA42E035794B07285	128	128	DXT1	1	0x00000000	1	0x00000000	0	0	0	0	14743D90	2560	1440	X8R8G8B8	0	1	1	0	0	0	1	0	397	0	1
2026-06-02 17:56:06.866	world_candidate	0x00000020	DrawIndexedPrimitive	5741	5	955	833	1705C1C8	0x4E6B70776450F7D3	128	64	DXT1	8	0x00000000	1	0x00000000	0	0	0	0	14743D90	2560	1440	X8R8G8B8	0	1	1	0	0	0	1	0	398	0	1
2026-06-02 17:56:06.866	world_candidate	0x00000020	DrawIndexedPrimitive	5750	5	60	48	1706D2C8	0x8DBD12FF451AB598	128	64	DXT1	8	0x00000000	1	0x00000000	0	0	0	0	14743D90	2560	1440	X8R8G8B8	0	1	1	0	0	0	1	0	407	0	1
2026-06-02 17:56:06.867	world_candidate	0x00000020	DrawIndexedPrimitive	5751	5	13	9	1835FC00	0xF70145E5884700DE	128	128	DXT1	8	0x00000000	1	0x00000000	0	0	0	0	14743D90	2560	1440	X8R8G8B8	0	1	1	0	0	0	1	0	408	0	1
2026-06-02 17:56:06.867	world_candidate	0x00000020	DrawIndexedPrimitive	5752	5	215	142	18353720	0x41F772919DAC8B91	128	128	DXT1	1	0x00000000	1	0x00000000	0	0	0	0	14743D90	2560	1440	X8R8G8B8	0	1	1	0	0	0	1	0	409	0	1
2026-06-02 17:56:06.867	world_candidate	0x00000020	DrawIndexedPrimitive	5768	5	109	68	1705DDC8	0x7F51796005D41397	128	64	DXT1	8	0x00000000	1	0x00000000	0	0	0	0	14743D90	2560	1440	X8R8G8B8	0	1	1	0	0	0	1	0	425	0	1
2026-06-02 17:56:06.868	world_candidate	0x00000020	DrawIndexedPrimitive	5769	5	315	288	1705E068	0x8FDD379D8FEF4252	128	128	DXT1	8	0x00000000	1	0x00000000	0	0	0	0	14743D90	2560	1440	X8R8G8B8	0	1	1	0	0	0	1	0	426	0	1
2026-06-02 17:56:06.868	world_candidate	0x00000020	DrawIndexedPrimitive	5770	5	278	193	1835EE00	0xF49E4D91005AF1ED	128	128	DXT1	8	0x00000000	1	0x00000000	0	0	0	0	14743D90	2560	1440	X8R8G8B8	0	1	1	0	0	0	1	0	427	0	1
2026-06-02 17:56:06.868	world_candidate	0x00000020	DrawIndexedPrimitive	5771	5	63	48	1706AE08	0x6FFFA341884EAA39	128	64	DXT1	8	0x00000000	1	0x00000000	0	0	0	0	14743D90	2560	1440	X8R8G8B8	0	1	1	0	0	0	1	0	428	0	1
2026-06-02 17:56:06.868	world_candidate	0x00000020	DrawIndexedPrimitive	5773	5	32	24	17050928	0xDD410FA52ECE1BF7	32	128	DXT1	8	0x00000000	1	0x00000000	0	0	0	0	14743D90	2560	1440	X8R8G8B8	0	1	1	0	0	0	1	0	430	0	1
2026-06-02 17:56:06.868	world_candidate	0x00000020	DrawIndexedPrimitive	5774	5	20	16	170503E8	0xF66EE42ED28E584F	32	64	DXT1	7	0x00000000	1	0x00000000	0	0	0	0	14743D90	2560	1440	X8R8G8B8	0	1	1	0	0	0	1	0	431	0	1
2026-06-02 17:56:06.868	world_candidate	0x00000020	DrawIndexedPrimitive	5775	5	8	8	1706C768	0x33160B7BB260D01D	128	64	DXT1	8	0x00000000	1	0x00000000	0	0	0	0	14743D90	2560	1440	X8R8G8B8	0	1	1	0	0	0	1	0	432	0	1
2026-06-02 17:56:06.869	world_candidate	0x00000020	DrawIndexedPrimitive	5776	5	202	141	1704E628	0x84FFFA0A144F0D8F	128	64	DXT1	8	0x00000000	1	0x00000000	0	0	0	0	14743D90	2560	1440	X8R8G8B8	0	1	1	0	0	0	1	0	433	0	1
2026-06-02 17:56:06.869	world_candidate	0x00000020	DrawIndexedPrimitive	5778	5	114	77	183555C0	0xAABD6F94445F0E7A	256	32	DXT1	9	0x00000000	1	0x00000000	0	0	0	0	14743D90	2560	1440	X8R8G8B8	0	1	1	0	0	0	1	0	435	0	1
2026-06-02 17:56:06.869	world_candidate	0x00000020	DrawIndexedPrimitive	5779	5	68	48	1704EA88	0xBE4C50F1F5B4C51B	128	32	DXT1	8	0x00000000	1	0x00000000	0	0	0	0	14743D90	2560	1440	X8R8G8B8	0	1	1	0	0	0	1	0	436	0	1
2026-06-02 17:56:06.869	world_candidate	0x00000020	DrawIndexedPrimitive	5781	5	1714	1383	17060DE8	0xA1FA83E1048B779A	128	128	DXT1	8	0x00000000	1	0x00000000	0	0	0	0	14743D90	2560	1440	X8R8G8B8	0	1	1	0	0	0	1	0	438	0	1
2026-06-02 17:56:06.870	world_candidate	0x00000020	DrawIndexedPrimitive	5782	5	409	332	1706B7A8	0x23E32D4B7DB4F1BB	128	64	DXT1	8	0x00000000	1	0x00000000	0	0	0	0	14743D90	2560	1440	X8R8G8B8	0	1	1	0	0	0	1	0	439	0	1
2026-06-02 17:56:06.870	world_candidate	0x00000020	DrawIndexedPrimitive	5783	5	434	352	1705A248	0x5F1C01745333E5BC	64	128	DXT1	8	0x00000000	1	0x00000000	0	0	0	0	14743D90	2560	1440	X8R8G8B8	0	1	1	0	0	0	1	0	440	0	1
2026-06-02 17:56:06.870	world_candidate	0x00000020	DrawIndexedPrimitive	5784	5	422	333	1705A088	0x171F39197910811D	128	128	DXT1	8	0x00000000	1	0x00000000	0	0	0	0	14743D90	2560	1440	X8R8G8B8	0	1	1	0	0	0	1	0	441	0	1
2026-06-02 17:56:06.870	world_candidate	0x00000020	DrawIndexedPrimitive	5785	5	3	5	17057A08	0x38695913BBD60FBD	128	64	DXT1	8	0x00000000	1	0x00000000	0	0	0	0	14743D90	2560	1440	X8R8G8B8	0	1	1	0	0	0	1	0	442	0	1
2026-06-02 17:56:06.871	world_candidate	0x00000020	DrawIndexedPrimitive	5786	5	1332	913	18361020	0x94FD0839548FB13C	128	32	DXT1	8	0x00000000	1	0x00000000	0	0	0	0	14743D90	2560	1440	X8R8G8B8	0	1	1	0	0	0	1	0	443	0	1
2026-06-02 17:56:06.871	world_candidate	0x00000020	DrawIndexedPrimitive	5787	5	979	620	1835FCE0	0xD6D84F6C7EAFA229	128	128	DXT1	8	0x00000000	1	0x00000000	0	0	0	0	14743D90	2560	1440	X8R8G8B8	0	1	1	0	0	0	1	0	444	0	1
2026-06-02 17:56:06.871	world_candidate	0x00000020	DrawIndexedPrimitive	5788	5	1232	818	1706C848	0xC995C7A20E319EBD	128	64	DXT1	8	0x00000000	1	0x00000000	0	0	0	0	14743D90	2560	1440	X8R8G8B8	0	1	1	0	0	0	1	0	445	0	1
2026-06-02 17:56:06.871	world_candidate	0x00000020	DrawIndexedPrimitive	5789	5	129	75	1705C008	0xDF283F6321F9092A	128	128	DXT1	8	0x00000000	1	0x00000000	0	0	0	0	14743D90	2560	1440	X8R8G8B8	0	1	1	0	0	0	1	0	446	0	1
2026-06-02 17:56:06.872	world_candidate	0x00000020	DrawIndexedPrimitive	5792	5	1234	822	1705B048	0xCA9E56E6D548868C	128	64	DXT1	8	0x00000000	1	0x00000000	0	0	0	0	14743D90	2560	1440	X8R8G8B8	0	1	1	0	0	0	1	0	449	0	1
2026-06-02 17:56:06.872	world_candidate	0x00000020	DrawIndexedPrimitive	5794	5	64	28	1706BDC8	0x4DE8C3A86AA8F846	128	64	DXT1	8	0x00000000	1	0x00000000	0	0	0	0	14743D90	2560	1440	X8R8G8B8	0	1	1	0	0	0	1	0	451	0	1
2026-06-02 17:56:06.872	world_candidate	0x00000020	DrawIndexedPrimitive	5795	5	9	7	1705E928	0xEE2BE1B3A8F9EB55	32	32	DXT1	6	0x00000000	1	0x00000000	0	0	0	0	14743D90	2560	1440	X8R8G8B8	0	1	1	0	0	0	1	0	452	0	1
2026-06-02 17:56:06.872	world_candidate	0x00000020	DrawIndexedPrimitive	5796	5	32	24	17059528	0xA4AF345E5E0A2F2F	64	128	DXT1	8	0x00000000	1	0x00000000	0	0	0	0	14743D90	2560	1440	X8R8G8B8	0	1	1	0	0	0	1	0	453	0	1
2026-06-02 17:56:06.873	world_candidate	0x00000020	DrawIndexedPrimitive	5797	5	477	325	17050308	0x0A1B79746FD86993	32	128	DXT1	8	0x00000000	1	0x00000000	0	0	0	0	14743D90	2560	1440	X8R8G8B8	0	1	1	0	0	0	1	0	454	0	1
2026-06-02 17:56:06.873	world_candidate	0x00000020	DrawIndexedPrimitive	5799	5	351	217	1704E548	0x7A05952B7B9C2D98	128	64	DXT1	8	0x00000000	1	0x00000000	0	0	0	0	14743D90	2560	1440	X8R8G8B8	0	1	1	0	0	0	1	0	456	0	1
2026-06-02 17:56:06.874	world_candidate	0x00000020	DrawIndexedPrimitive	5801	5	29	22	1835D2E0	0x66FBC398600EB39C	128	128	DXT1	8	0x00000000	1	0x00000000	0	0	0	0	14743D90	2560	1440	X8R8G8B8	0	1	1	0	0	0	1	0	458	0	1
2026-06-02 17:56:06.874	world_candidate	0x00000020	DrawIndexedPrimitive	5802	5	22	18	1835DC80	0xEA45298C86A99A05	128	128	DXT1	8	0x00000000	1	0x00000000	0	0	0	0	14743D90	2560	1440	X8R8G8B8	0	1	1	0	0	0	1	0	459	0	1
2026-06-02 17:56:06.874	world_candidate	0x00000020	DrawIndexedPrimitive	5803	5	150	104	1835EC40	0xA933616D7F12A557	128	128	DXT1	8	0x00000000	1	0x00000000	0	0	0	0	14743D90	2560	1440	X8R8G8B8	0	1	1	0	0	0	1	0	460	0	1
2026-06-02 17:56:06.875	world_candidate	0x00000020	DrawIndexedPrimitive	5805	5	19	16	1706AEE8	0x4FF35C6DC2C9AC0B	128	64	DXT1	8	0x00000000	1	0x00000000	0	0	0	0	14743D90	2560	1440	X8R8G8B8	0	1	1	0	0	0	1	0	462	0	1
2026-06-02 17:56:06.875	world_candidate	0x00000020	DrawIndexedPrimitive	5806	5	84	59	1835D3C0	0x259DECB3A2D49526	128	128	DXT1	8	0x00000000	1	0x00000000	0	0	0	0	14743D90	2560	1440	X8R8G8B8	0	1	1	0	0	0	1	0	463	0	1
2026-06-02 17:56:06.875	world_candidate	0x00000020	DrawIndexedPrimitive	5807	5	99	70	1704E7E8	0x1C173253E153EE57	128	64	DXT1	8	0x00000000	1	0x00000000	0	0	0	0	14743D90	2560	1440	X8R8G8B8	0	1	1	0	0	0	1	0	464	0	1
2026-06-02 17:56:06.875	world_candidate	0x00000020	DrawIndexedPrimitive	5808	5	36	24	17069D68	0x3B5879A70AEB707B	64	64	DXT1	7	0x00000000	1	0x00000000	0	0	0	0	14743D90	2560	1440	X8R8G8B8	0	1	1	0	0	0	1	0	465	0	1
2026-06-02 17:56:06.875	world_candidate	0x00000020	DrawIndexedPrimitive	5809	5	14	14	1704F7A8	0x16843C616E13A620	128	64	DXT1	8	0x00000000	1	0x00000000	0	0	0	0	14743D90	2560	1440	X8R8G8B8	0	1	1	0	0	0	1	0	466	0	1
2026-06-02 17:56:06.876	world_candidate	0x00000020	DrawIndexedPrimitive	5810	5	12	12	18360840	0x06C3D7231A947E54	128	128	DXT1	8	0x00000000	1	0x00000000	0	0	0	0	14743D90	2560	1440	X8R8G8B8	0	1	1	0	0	0	1	0	467	0	1
2026-06-02 17:56:06.876	world_candidate	0x00000020	DrawIndexedPrimitive	5811	5	24	20	1704F0A8	0xDC1FE1975172ADB6	128	32	DXT1	8	0x00000000	1	0x00000000	0	0	0	0	14743D90	2560	1440	X8R8G8B8	0	1	1	0	0	0	1	0	468	0	1
2026-06-02 17:56:06.876	world_candidate	0x00000020	DrawIndexedPrimitive	5812	5	12	12	1835DD60	0x23DFF335F4011EC7	128	128	DXT1	8	0x00000000	1	0x00000000	0	0	0	0	14743D90	2560	1440	X8R8G8B8	0	1	1	0	0	0	1	0	469	0	1
2026-06-02 17:56:06.876	world_candidate	0x00000020	DrawIndexedPrimitive	5813	5	62	48	17069128	0x039AEBB2A2ECBFE0	128	64	DXT1	8	0x00000000	1	0x00000000	0	0	0	0	14743D90	2560	1440	X8R8G8B8	0	1	1	0	0	0	1	0	470	0	1
2026-06-02 17:56:06.877	world_candidate	0x00000020	DrawIndexedPrimitive	5814	5	73	51	1706B268	0x5E1A8EE695D14EF3	128	64	DXT1	8	0x00000000	1	0x00000000	0	0	0	0	14743D90	2560	1440	X8R8G8B8	0	1	1	0	0	0	1	0	471	0	1
2026-06-02 17:56:06.877	world_candidate	0x00000020	DrawIndexedPrimitive	5816	5	12	10	1706E0C8	0xC44DE763C55B88B7	128	64	DXT1	8	0x00000000	1	0x00000000	0	0	0	0	14743D90	2560	1440	X8R8G8B8	0	1	1	0	0	0	1	0	473	0	1
2026-06-02 17:56:06.877	world_candidate	0x00000020	DrawIndexedPrimitive	5817	5	14	12	1705D968	0x02A6E782C77123E8	128	128	DXT1	8	0x00000000	1	0x00000000	0	0	0	0	14743D90	2560	1440	X8R8G8B8	0	1	1	0	0	0	1	0	474	0	1
2026-06-02 17:56:06.877	world_candidate	0x00000020	DrawIndexedPrimitive	5818	5	80	56	1706CCA8	0x9E220D73F164F7E7	128	64	DXT1	8	0x00000000	1	0x00000000	0	0	0	0	14743D90	2560	1440	X8R8G8B8	0	1	1	0	0	0	1	0	475	0	1
2026-06-02 17:56:06.877	world_candidate	0x00000020	DrawIndexedPrimitive	5819	5	233	132	18355DA0	0xD8ACE493DCEF7713	32	64	DXT1	7	0x00000000	1	0x00000000	0	0	0	0	14743D90	2560	1440	X8R8G8B8	0	1	1	0	0	0	1	0	476	0	1
2026-06-02 17:56:06.878	world_candidate	0x00000020	DrawIndexedPrimitive	5820	5	170	125	1835E000	0x5595723D32F492F7	128	128	DXT1	8	0x00000000	1	0x00000000	0	0	0	0	14743D90	2560	1440	X8R8G8B8	0	1	1	0	0	0	1	0	477	0	1
2026-06-02 17:56:06.878	world_candidate	0x00000020	DrawIndexedPrimitive	5821	5	128	87	1835EB60	0xE268CBE6AD691C8E	128	128	DXT1	8	0x00000000	1	0x00000000	0	0	0	0	14743D90	2560	1440	X8R8G8B8	0	1	1	0	0	0	1	0	478	0	1
2026-06-02 17:56:06.878	world_candidate	0x00000020	DrawIndexedPrimitive	5822	5	28	24	183541A0	0x474287CCAAB9C6AD	128	128	DXT1	8	0x00000000	1	0x00000000	0	0	0	0	14743D90	2560	1440	X8R8G8B8	0	1	1	0	0	0	1	0	479	0	1
2026-06-02 17:56:06.878	world_candidate	0x00000020	DrawIndexedPrimitive	5823	5	63	39	17059368	0xC86A1E8A4A8AABCB	128	128	DXT1	8	0x00000000	1	0x00000000	0	0	0	0	14743D90	2560	1440	X8R8G8B8	0	1	1	0	0	0	1	0	480	0	1
2026-06-02 17:56:06.879	world_candidate	0x00000020	DrawIndexedPrimitive	5824	5	50	36	18362600	0xB4BCBBEFD9FF4781	128	128	DXT1	8	0x00000000	1	0x00000000	0	0	0	0	14743D90	2560	1440	X8R8G8B8	0	1	1	0	0	0	1	0	481	0	1
2026-06-02 17:56:06.879	world_candidate	0x00000020	DrawIndexedPrimitive	5825	5	97	67	1704FCE8	0x6A517D272495263C	128	64	DXT1	8	0x00000000	1	0x00000000	0	0	0	0	14743D90	2560	1440	X8R8G8B8	0	1	1	0	0	0	1	0	482	0	1
2026-06-02 17:56:06.880	world_candidate	0x00000020	DrawIndexedPrimitive	5826	5	61	44	17050768	0x479351174C3FCEEE	32	128	DXT1	8	0x00000000	1	0x00000000	0	0	0	0	14743D90	2560	1440	X8R8G8B8	0	1	1	0	0	0	1	0	483	0	1
2026-06-02 17:56:06.880	world_candidate	0x00000020	DrawIndexedPrimitive	5827	5	23	14	1705CEE8	0x2A7A93D4F1E12B74	128	128	DXT1	8	0x00000000	1	0x00000000	0	0	0	0	14743D90	2560	1440	X8R8G8B8	0	1	1	0	0	0	1	0	484	0	1
2026-06-02 17:56:06.880	world_candidate	0x00000020	DrawIndexedPrimitive	5828	5	43	33	1706B968	0xA47863DA15F4FD33	128	64	DXT1	8	0x00000000	1	0x00000000	0	0	0	0	14743D90	2560	1440	X8R8G8B8	0	1	1	0	0	0	1	0	485	0	1
2026-06-02 17:56:06.880	world_candidate	0x00000020	DrawIndexedPrimitive	5829	5	8	8	17069208	0x6AE6FBD9049FD599	128	128	DXT1	8	0x00000000	1	0x00000000	0	0	0	0	14743D90	2560	1440	X8R8G8B8	0	1	1	0	0	0	1	0	486	0	1
2026-06-02 17:56:06.880	world_candidate	0x00000020	DrawIndexedPrimitive	5830	5	43	32	1706D808	0xDF9A4E1900535E39	128	32	DXT1	8	0x00000000	1	0x00000000	0	0	0	0	14743D90	2560	1440	X8R8G8B8	0	1	1	0	0	0	1	0	487	0	1
2026-06-02 17:56:06.881	world_candidate	0x00000020	DrawIndexedPrimitive	5831	5	176	118	1704FC08	0x2853A41F2F893782	128	64	DXT1	8	0x00000000	1	0x00000000	0	0	0	0	14743D90	2560	1440	X8R8G8B8	0	1	1	0	0	0	1	0	488	0	1
2026-06-02 17:56:06.881	world_candidate	0x00000020	DrawIndexedPrimitive	5832	5	14	12	1706DAA8	0x95F126C6FE29FE51	128	32	DXT1	8	0x00000000	1	0x00000000	0	0	0	0	14743D90	2560	1440	X8R8G8B8	0	1	1	0	0	0	1	0	489	0	1
2026-06-02 17:56:06.881	world_candidate	0x00000020	DrawIndexedPrimitive	5833	5	25	20	183620C0	0x00E41026BC30107B	128	128	DXT1	8	0x00000000	1	0x00000000	0	0	0	0	14743D90	2560	1440	X8R8G8B8	0	1	1	0	0	0	1	0	490	0	1
2026-06-02 17:56:06.881	world_candidate	0x00000020	DrawIndexedPrimitive	5834	5	44	32	1835F6C0	0x87DCAE92CBC11BFB	128	128	DXT1	8	0x00000000	1	0x00000000	0	0	0	0	14743D90	2560	1440	X8R8G8B8	0	1	1	0	0	0	1	0	491	0	1
2026-06-02 17:56:06.882	world_candidate	0x00000020	DrawIndexedPrimitive	5835	5	92	64	1704FA48	0xE81D7F7CD44AE347	128	64	DXT1	8	0x00000000	1	0x00000000	0	0	0	0	14743D90	2560	1440	X8R8G8B8	0	1	1	0	0	0	1	0	492	0	1
2026-06-02 17:56:06.882	world_candidate	0x00000020	DrawIndexedPrimitive	5836	5	62	48	18361D40	0xD5794D310083937E	128	128	DXT1	8	0x00000000	1	0x00000000	0	0	0	0	14743D90	2560	1440	X8R8G8B8	0	1	1	0	0	0	1	0	493	0	1
2026-06-02 17:56:06.882	world_candidate	0x00000020	DrawIndexedPrimitive	5837	5	260	180	1706E288	0xEB0119A6EFB40A20	128	64	DXT1	8	0x00000000	1	0x00000000	0	0	0	0	14743D90	2560	1440	X8R8G8B8	0	1	1	0	0	0	1	0	494	0	1
2026-06-02 17:56:06.882	world_candidate	0x00000020	DrawIndexedPrimitive	5838	5	191	116	1705EF48	0xD4FE2875B47D393C	128	128	DXT1	8	0x00000000	1	0x00000000	0	0	0	0	14743D90	2560	1440	X8R8G8B8	0	1	1	0	0	0	1	0	495	0	1
2026-06-02 17:56:06.882	world_candidate	0x00000020	DrawIndexedPrimitive	5839	5	173	122	1835F5E0	0xF0E6A5B18C8110D3	128	128	DXT1	8	0x00000000	1	0x00000000	0	0	0	0	14743D90	2560	1440	X8R8G8B8	0	1	1	0	0	0	1	0	496	0	1
2026-06-02 17:56:06.883	world_candidate	0x00000020	DrawIndexedPrimitive	5840	5	271	206	1704FB28	0xF57A8A433E4E5BAA	128	64	DXT1	8	0x00000000	1	0x00000000	0	0	0	0	14743D90	2560	1440	X8R8G8B8	0	1	1	0	0	0	1	0	497	0	1
2026-06-02 17:56:06.883	world_candidate	0x00000020	DrawIndexedPrimitive	5844	5	463	322	1706DE28	0x762F6CAE5B7F9BF7	128	64	DXT1	8	0x00000000	1	0x00000000	0	0	0	0	14743D90	2560	1440	X8R8G8B8	0	1	1	0	0	0	1	0	501	0	1
2026-06-02 17:56:06.883	world_candidate	0x00000020	DrawIndexedPrimitive	5848	5	16	16	18357B60	0x85C8BDC3B64C9DD6	128	128	DXT1	8	0x00000000	1	0x00000000	0	0	0	0	14743D90	2560	1440	X8R8G8B8	0	1	1	0	0	0	1	0	505	0	1
2026-06-02 17:56:06.883	world_candidate	0x00000020	DrawIndexedPrimitive	5849	5	2	4	18355B00	0x8A2755ED4A001BCD	128	128	DXT1	8	0x00000000	1	0x00000000	0	0	0	0	14743D90	2560	1440	X8R8G8B8	0	1	1	0	0	0	1	0	506	0	1
2026-06-02 17:56:06.884	world_candidate	0x00000020	DrawIndexedPrimitive	5852	5	333	232	1706CF48	0x59BEDAD0AA05745B	128	64	DXT1	8	0x00000000	1	0x00000000	0	0	0	0	14743D90	2560	1440	X8R8G8B8	0	1	1	0	0	0	1	0	509	0	1
2026-06-02 17:56:06.884	world_candidate	0x00000020	DrawIndexedPrimitive	5853	5	1957	1316	1835D580	0x3DA16B5E76A647AF	128	128	DXT1	8	0x00000000	1	0x00000000	0	0	0	0	14743D90	2560	1440	X8R8G8B8	0	1	1	0	0	0	1	0	510	0	1
2026-06-02 17:56:06.884	world_candidate	0x00000020	DrawIndexedPrimitive	5854	5	12	12	1706A8C8	0x35A30B62FE7140C6	128	64	DXT1	8	0x00000000	1	0x00000000	0	0	0	0	14743D90	2560	1440	X8R8G8B8	0	1	1	0	0	0	1	0	511	0	1
2026-06-02 17:56:06.884	world_candidate	0x00000020	DrawIndexedPrimitive	5855	5	270	186	1835FA40	0xED5D28F272404A3B	128	128	DXT1	8	0x00000000	1	0x00000000	0	0	0	0	14743D90	2560	1440	X8R8G8B8	0	1	1	0	0	0	1	0	512	0	1
2026-06-02 17:56:06.885	world_candidate	0x00000020	DrawIndexedPrimitive	5856	5	185	139	183556A0	0x9D0D73C1D1A84AD2	128	64	DXT1	8	0x00000000	1	0x00000000	0	0	0	0	14743D90	2560	1440	X8R8G8B8	0	1	1	0	0	0	1	0	513	0	1
2026-06-02 17:56:06.885	world_candidate	0x00000020	DrawIndexedPrimitive	5859	5	323	218	1835C160	0xA47762FC8245B411	128	128	DXT1	8	0x00000000	1	0x00000000	0	0	0	0	14743D90	2560	1440	X8R8G8B8	0	1	1	0	0	0	1	0	516	0	1
2026-06-02 17:56:06.885	world_candidate	0x00000020	DrawIndexedPrimitive	5860	5	76	54	1835DAC0	0x29B3BC81193238F7	128	128	DXT1	8	0x00000000	1	0x00000000	0	0	0	0	14743D90	2560	1440	X8R8G8B8	0	1	1	0	0	0	1	0	517	0	1
2026-06-02 17:56:06.885	world_candidate	0x00000020	DrawIndexedPrimitive	5864	5	217	154	18361100	0x86793EF4DBC623C6	128	128	DXT1	8	0x00000000	1	0x00000000	0	0	0	0	14743D90	2560	1440	X8R8G8B8	0	1	1	0	0	0	1	0	521	0	1
2026-06-02 17:56:06.885	world_candidate	0x00000020	DrawIndexedPrimitive	5865	5	70	50	1704F6C8	0xD5ADB4BEA8B77BFB	128	64	DXT1	8	0x00000000	1	0x00000000	0	0	0	0	14743D90	2560	1440	X8R8G8B8	0	1	1	0	0	0	1	0	522	0	1
2026-06-02 17:56:06.886	world_candidate	0x00000020	DrawIndexedPrimitive	5867	5	74	53	1835E9A0	0xE46F75CF1CF94B73	128	128	DXT1	8	0x00000000	1	0x00000000	0	0	0	0	14743D90	2560	1440	X8R8G8B8	0	1	1	0	0	0	1	0	524	0	1
2026-06-02 17:56:06.886	world_candidate	0x00000020	DrawIndexedPrimitive	5868	5	68	48	1835E460	0x26390037C09FA337	128	128	DXT1	8	0x00000000	1	0x00000000	0	0	0	0	14743D90	2560	1440	X8R8G8B8	0	1	1	0	0	0	1	0	525	0	1
2026-06-02 17:56:06.886	world_candidate	0x00000020	DrawIndexedPrimitive	5869	5	44	36	1835FDC0	0x353C589FD555E1C6	128	128	DXT1	8	0x00000000	1	0x00000000	0	0	0	0	14743D90	2560	1440	X8R8G8B8	0	1	1	0	0	0	1	0	526	0	1
2026-06-02 17:56:06.886	world_candidate	0x00000020	DrawIndexedPrimitive	5870	5	12	12	183613A0	0xC4470995C7A8E62A	128	128	DXT1	8	0x00000000	1	0x00000000	0	0	0	0	14743D90	2560	1440	X8R8G8B8	0	1	1	0	0	0	1	0	527	0	1
2026-06-02 17:56:06.887	world_candidate	0x00000020	DrawIndexedPrimitive	5871	5	32	24	1706C928	0xD5DF7D4B0EBB362B	128	64	DXT1	8	0x00000000	1	0x00000000	0	0	0	0	14743D90	2560	1440	X8R8G8B8	0	1	1	0	0	0	1	0	528	0	1
2026-06-02 17:56:06.887	world_candidate	0x00000020	DrawIndexedPrimitive	5872	5	20	16	1706D648	0xD367C66EC566FD9D	128	64	DXT1	8	0x00000000	1	0x00000000	0	0	0	0	14743D90	2560	1440	X8R8G8B8	0	1	1	0	0	0	1	0	529	0	1
2026-06-02 17:56:06.887	world_candidate	0x00000020	DrawIndexedPrimitive	5873	5	59	45	18360CA0	0xECA965EFE204389C	128	128	DXT1	8	0x00000000	1	0x00000000	0	0	0	0	14743D90	2560	1440	X8R8G8B8	0	1	1	0	0	0	1	0	530	0	1
2026-06-02 17:56:06.887	world_candidate	0x00000020	DrawIndexedPrimitive	5874	5	33	28	1835E0E0	0x89535F07291425B6	128	128	DXT1	8	0x00000000	1	0x00000000	0	0	0	0	14743D90	2560	1440	X8R8G8B8	0	1	1	0	0	0	1	0	531	0	1
2026-06-02 17:56:06.888	world_candidate	0x00000020	DrawIndexedPrimitive	5875	5	32	24	1704FDC8	0xF91433E539D9E22D	128	64	DXT1	8	0x00000000	1	0x00000000	0	0	0	0	14743D90	2560	1440	X8R8G8B8	0	1	1	0	0	0	1	0	532	0	1
2026-06-02 17:56:06.888	world_candidate	0x00000020	DrawIndexedPrimitive	5876	5	20	16	1706DF08	0x4DB0BFFD174272E3	128	64	DXT1	8	0x00000000	1	0x00000000	0	0	0	0	14743D90	2560	1440	X8R8G8B8	0	1	1	0	0	0	1	0	533	0	1
2026-06-02 17:56:06.888	world_candidate	0x00000020	DrawIndexedPrimitive	5877	5	22	18	1704F188	0x621F0325040325AD	128	64	DXT1	8	0x00000000	1	0x00000000	0	0	0	0	14743D90	2560	1440	X8R8G8B8	0	1	1	0	0	0	1	0	534	0	1
2026-06-02 17:56:06.889	world_candidate	0x00000020	DrawIndexedPrimitive	5878	5	26	20	1706C068	0x8C667E5A292022D8	128	64	DXT1	8	0x00000000	1	0x00000000	0	0	0	0	14743D90	2560	1440	X8R8G8B8	0	1	1	0	0	0	1	0	535	0	1
2026-06-02 17:56:06.889	world_candidate	0x00000020	DrawIndexedPrimitive	5879	5	16	14	1706A0E8	0xE443439878EAA28B	128	128	DXT1	8	0x00000000	1	0x00000000	0	0	0	0	14743D90	2560	1440	X8R8G8B8	0	1	1	0	0	0	1	0	536	0	1
2026-06-02 17:56:06.889	world_candidate	0x00000020	DrawIndexedPrimitive	5881	5	8	8	1835FB20	0x91365D0DC19EE921	128	128	DXT1	8	0x00000000	1	0x00000000	0	0	0	0	14743D90	2560	1440	X8R8G8B8	0	1	1	0	0	0	1	0	538	0	1
2026-06-02 17:56:06.889	world_candidate	0x00000020	DrawIndexedPrimitive	5885	5	240	167	1835E7E0	0xCD8910D11D071CC9	128	128	DXT1	8	0x00000000	1	0x00000000	0	0	0	0	14743D90	2560	1440	X8R8G8B8	0	1	1	0	0	0	1	0	542	0	1
2026-06-02 17:56:06.890	world_candidate	0x00000020	DrawIndexedPrimitive	5890	5	14	12	1706CBC8	0x50C084D09776E2CF	128	64	DXT1	8	0x00000000	1	0x00000000	0	0	0	0	14743D90	2560	1440	X8R8G8B8	0	1	1	0	0	0	1	0	547	0	1
2026-06-02 17:56:06.890	world_candidate	0x00000020	DrawIndexedPrimitive	5891	5	40	30	1704E9A8	0x988988900B271017	128	64	DXT1	8	0x00000000	1	0x00000000	0	0	0	0	14743D90	2560	1440	X8R8G8B8	0	1	1	0	0	0	1	0	548	0	1
2026-06-02 17:56:06.890	world_candidate	0x00000020	DrawIndexedPrimitive	5892	5	4	6	1705C2A8	0x6A30C6CF9B1B76F5	128	64	DXT1	8	0x00000000	1	0x00000000	0	0	0	0	14743D90	2560	1440	X8R8G8B8	0	1	1	0	0	0	1	0	549	0	1
2026-06-02 17:56:06.890	world_candidate	0x00000020	DrawIndexedPrimitive	5893	5	314	215	17059DE8	0x92A344716FE0F8C7	128	128	DXT1	8	0x00000000	1	0x00000000	0	0	0	0	14743D90	2560	1440	X8R8G8B8	0	1	1	0	0	0	1	0	550	0	1
2026-06-02 17:56:06.891	world_candidate	0x00000020	DrawIndexedPrimitive	5894	5	3	5	1705AF68	0x1F3FB21F14DA93BA	128	128	DXT1	8	0x00000000	1	0x00000000	0	0	0	0	14743D90	2560	1440	X8R8G8B8	0	1	1	0	0	0	1	0	551	0	1
2026-06-02 17:56:06.891	world_candidate	0x00000020	DrawIndexedPrimitive	5895	5	68	49	1704E8C8	0x1E9A2DCBA51A41BE	128	64	DXT1	8	0x00000000	1	0x00000000	0	0	0	0	14743D90	2560	1440	X8R8G8B8	0	1	1	0	0	0	1	0	552	0	1
2026-06-02 17:56:06.891	world_candidate	0x00000020	DrawIndexedPrimitive	5899	5	22	18	1704F888	0xD3AC33CFF5408580	128	64	DXT1	8	0x00000000	1	0x00000000	0	0	0	0	14743D90	2560	1440	X8R8G8B8	0	1	1	0	0	0	1	0	556	0	1
2026-06-02 17:56:06.891	world_candidate	0x00000020	DrawIndexedPrimitive	5901	5	23	16	183605A0	0x784621D7C51D6F3D	128	128	DXT1	8	0x00000000	1	0x00000000	0	0	0	0	14743D90	2560	1440	X8R8G8B8	0	1	1	0	0	0	1	0	558	0	1
2026-06-02 17:56:06.892	world_candidate	0x00000020	DrawIndexedPrimitive	5905	5	73	52	1704F268	0xA9116C03C08B7D53	128	32	DXT1	8	0x00000000	1	0x00000000	0	0	0	0	14743D90	2560	1440	X8R8G8B8	0	1	1	0	0	0	1	0	562	0	1
2026-06-02 17:56:06.892	world_candidate	0x00000020	DrawIndexedPrimitive	5906	5	51	40	17059A68	0x79C06571FF7A5E15	128	128	DXT1	8	0x00000000	1	0x00000000	0	0	0	0	14743D90	2560	1440	X8R8G8B8	0	1	1	0	0	0	1	0	563	0	1
2026-06-02 17:56:06.892	world_candidate	0x00000020	DrawIndexedPrimitive	5907	5	41	30	1705EA08	0x61B73FE52F662B4A	128	128	DXT1	8	0x00000000	1	0x00000000	0	0	0	0	14743D90	2560	1440	X8R8G8B8	0	1	1	0	0	0	1	0	564	0	1
2026-06-02 17:56:06.892	world_candidate	0x00000020	DrawIndexedPrimitive	5909	5	32	24	1706C3E8	0x1B9774E2F37FA818	128	64	DXT1	8	0x00000000	1	0x00000000	0	0	0	0	14743D90	2560	1440	X8R8G8B8	0	1	1	0	0	0	1	0	566	0	1
2026-06-02 17:56:06.892	world_candidate	0x00000020	DrawIndexedPrimitive	5910	5	44	32	18360220	0x30EE8F0A75091795	128	128	DXT1	8	0x00000000	1	0x00000000	0	0	0	0	14743D90	2560	1440	X8R8G8B8	0	1	1	0	0	0	1	0	567	0	1
2026-06-02 17:56:06.893	world_candidate	0x00000020	DrawIndexedPrimitive	5911	5	50	36	183604C0	0x28F311C3B38170A6	128	128	DXT1	8	0x00000000	1	0x00000000	0	0	0	0	14743D90	2560	1440	X8R8G8B8	0	1	1	0	0	0	1	0	568	0	1
2026-06-02 17:56:06.893	world_candidate	0x00000020	DrawIndexedPrimitive	5912	5	20	16	1706D488	0xD8C4007349B1E55B	128	32	DXT1	8	0x00000000	1	0x00000000	0	0	0	0	14743D90	2560	1440	X8R8G8B8	0	1	1	0	0	0	1	0	569	0	1
2026-06-02 17:56:06.893	world_candidate	0x00000020	DrawIndexedPrimitive	5913	5	176	120	1705FFE8	0x49F0B5BAD86F6AE1	32	32	DXT1	6	0x00000000	1	0x00000000	0	0	0	0	14743D90	2560	1440	X8R8G8B8	0	1	1	0	0	0	1	0	570	0	1
2026-06-02 17:56:06.893	world_candidate	0x00000020	DrawIndexedPrimitive	5914	5	90	64	1706A468	0x875CA8A6277C2C9C	128	64	DXT1	8	0x00000000	1	0x00000000	0	0	0	0	14743D90	2560	1440	X8R8G8B8	0	1	1	0	0	0	1	0	571	0	1
2026-06-02 17:56:06.894	world_candidate	0x00000020	DrawIndexedPrimitive	5917	5	33	26	18361640	0xD29DCC95123C4402	128	128	DXT1	8	0x00000000	1	0x00000000	0	0	0	0	14743D90	2560	1440	X8R8G8B8	0	1	1	0	0	0	1	0	574	0	1
2026-06-02 17:56:06.894	world_candidate	0x00000020	DrawIndexedPrimitive	5918	5	32	24	1704ED28	0xAC3DCDFADF7188E2	128	32	DXT1	8	0x00000000	1	0x00000000	0	0	0	0	14743D90	2560	1440	X8R8G8B8	0	1	1	0	0	0	1	0	575	0	1
2026-06-02 17:56:06.894	world_candidate	0x00000020	DrawIndexedPrimitive	5919	5	20	16	1835EFC0	0x4585435A6B986DA8	128	128	DXT1	8	0x00000000	1	0x00000000	0	0	0	0	14743D90	2560	1440	X8R8G8B8	0	1	1	0	0	0	1	0	576	0	1
2026-06-02 17:56:06.894	world_candidate	0x00000020	DrawIndexedPrimitive	5921	5	30	24	1835E380	0x073432AA87B16A38	128	128	DXT1	8	0x00000000	1	0x00000000	0	0	0	0	14743D90	2560	1440	X8R8G8B8	0	1	1	0	0	0	1	0	578	0	1
2026-06-02 17:56:06.895	world_candidate	0x00000020	DrawIndexedPrimitive	5924	5	62	44	1706E1A8	0x0847F90E1F125366	128	64	DXT1	8	0x00000000	1	0x00000000	0	0	0	0	14743D90	2560	1440	X8R8G8B8	0	1	1	0	0	0	1	0	581	0	1
2026-06-02 17:56:06.895	world_candidate	0x00000020	DrawIndexedPrimitive	5926	5	32	24	1835F180	0x383E17B707002A61	128	128	DXT1	8	0x00000000	1	0x00000000	0	0	0	0	14743D90	2560	1440	X8R8G8B8	0	1	1	0	0	0	1	0	583	0	1
2026-06-02 17:56:06.895	world_candidate	0x00000020	DrawIndexedPrimitive	5927	5	2	4	1835DF20	0xA0390F17630EA280	128	128	DXT1	8	0x00000000	1	0x00000000	0	0	0	0	14743D90	2560	1440	X8R8G8B8	0	1	1	0	0	0	1	0	584	0	1
2026-06-02 17:56:06.896	world_candidate	0x00000020	DrawIndexedPrimitive	5987	5	108	67	1706C688	0x1D1F310261E06EEE	128	64	DXT1	8	0x00000000	1	0x00000112	0	0	0	0	14743D90	2560	1440	X8R8G8B8	0	1	1	1	1	1	1	0	644	0	1
2026-06-02 17:56:06.896	world_candidate	0x00000020	DrawIndexedPrimitive	5988	5	709	466	18360A00	0xEFFF2E4250F61F3D	128	128	DXT1	8	0x00000000	1	0x00000112	0	0	0	0	14743D90	2560	1440	X8R8G8B8	0	1	1	1	1	1	1	0	645	0	1
2026-06-02 17:56:06.896	world_candidate	0x00000020	DrawIndexedPrimitive	5990	5	309	239	1705D188	0x45CEB4D7E7B9B65C	128	64	DXT1	8	0x00000000	1	0x00000000	0	0	0	0	14743D90	2560	1440	X8R8G8B8	0	1	1	1	1	0	1	0	647	0	1
2026-06-02 17:56:06.897	world_candidate	0x00000020	DrawIndexedPrimitive	5995	5	177	120	1585AF80	0x5DD75DA6614E3D20	32	16	DXT1	6	0x00000000	1	0x00000112	0	0	0	0	14743D90	2560	1440	X8R8G8B8	0	1	1	1	1	0	1	0	652	0	1
2026-06-02 17:56:06.897	world_unshadowed_candidate	0x00000024	DrawIndexedPrimitive	5999	5	2	4	15CFAF08	0xDBC3166B57E936A7	32	16	A8R8G8B8	6	0x00000000	1	0x00000112	0	0	0	0	14743D90	2560	1440	X8R8G8B8	0	1	1	1	1	1	1	0	656	0	1
2026-06-02 17:56:06.898	world_candidate	0x00000020	DrawIndexedPrimitive	6001	5	2	4	183577E0	0x34C8816485093284	64	32	DXT1	7	0x00000000	1	0x00000112	0	0	0	0	14743D90	2560	1440	X8R8G8B8	0	1	1	1	1	1	1	0	658	0	1
2026-06-02 17:56:06.898	world_candidate	0x00000020	DrawIndexedPrimitive	6003	5	2	4	18353F00	0x1D4A06EBEE96A7FF	128	32	DXT1	8	0x00000000	1	0x00000112	0	0	0	0	14743D90	2560	1440	X8R8G8B8	0	1	1	1	1	1	1	0	660	0	1
2026-06-02 17:56:06.898	world_candidate	0x00000020	DrawIndexedPrimitive	6004	5	2	4	18360680	0xD9E77CBB6AA2D51E	64	32	DXT1	7	0x00000000	1	0x00000112	0	0	0	0	14743D90	2560	1440	X8R8G8B8	0	1	1	1	1	1	1	0	661	0	1
2026-06-02 17:56:06.899	world_candidate	0x00000020	DrawIndexedPrimitive	6005	5	2	4	18354D00	0x936B742E8A8BEDA4	32	32	DXT1	6	0x00000000	1	0x00000112	0	0	0	0	14743D90	2560	1440	X8R8G8B8	0	1	1	1	1	1	1	0	662	0	1
2026-06-02 17:56:06.900	world_candidate	0x00000020	DrawIndexedPrimitive	6007	5	17	10	17068A28	0x44011A224A3030F4	64	128	DXT1	8	0x00000000	1	0x00000112	0	0	0	0	14743D90	2560	1440	X8R8G8B8	0	1	1	1	1	1	1	0	664	0	1
2026-06-02 17:56:06.900	world_candidate	0x00000020	DrawIndexedPrimitive	6008	5	173	123	17056508	0x8BF37FEA38B4D032	64	128	DXT1	8	0x00000000	1	0x00000000	0	0	0	0	14743D90	2560	1440	X8R8G8B8	0	1	1	1	1	0	1	0	665	0	1
2026-06-02 17:56:06.900	world_candidate	0x00000020	DrawIndexedPrimitive	6016	5	8	8	15CFA488	0x10D6BFE465904E58	32	16	DXT1	6	0x00000000	1	0x00000112	0	0	0	0	14743D90	2560	1440	X8R8G8B8	0	1	1	1	1	1	1	0	673	0	1
2026-06-02 17:56:06.901	world_unshadowed_candidate	0x00000024	DrawIndexedPrimitive	6019	5	2	4	17051648	0x3EEAFCAF62934F86	64	64	A8R8G8B8	7	0x00000000	1	0x00000112	0	0	0	0	14743D90	2560	1440	X8R8G8B8	0	1	1	1	1	1	1	0	676	0	1
2026-06-02 17:56:06.901	world_unshadowed_candidate	0x00000024	DrawIndexedPrimitive	6020	5	341	327	1682B960	0xD1A2982BD9D71BDA	16	64	A8R8G8B8	1	0x00000000	1	0x00000112	0	0	0	0	14743D90	2560	1440	X8R8G8B8	0	1	1	1	1	1	1	0	677	0	1
2026-06-02 17:56:06.902	world_candidate	0x00000020	DrawIndexedPrimitive	6023	5	8	8	17057928	0x09726F7F1A9D192F	64	32	DXT1	7	0x00000000	1	0x00000000	0	0	0	0	14743D90	2560	1440	X8R8G8B8	0	1	1	1	1	0	1	0	680	0	1
2026-06-02 17:56:06.902	world_candidate	0x00000020	DrawIndexedPrimitive	6025	5	2	4	17057AE8	0x30BE7E22A150B839	64	32	DXT1	7	0x00000000	1	0x00000000	0	0	0	0	14743D90	2560	1440	X8R8G8B8	0	1	1	1	1	0	1	0	682	0	1
2026-06-02 17:56:06.902	world_candidate	0x00000020	DrawIndexedPrimitive	6026	5	2	4	17057688	0x40FC46279BA201EB	64	32	DXT1	7	0x00000000	1	0x00000000	0	0	0	0	14743D90	2560	1440	X8R8G8B8	0	1	1	1	1	0	1	0	683	0	1
2026-06-02 17:56:06.903	world_candidate	0x00000020	DrawIndexedPrimitive	6027	5	2	4	170574C8	0x4A809A9A32953C84	64	32	DXT1	7	0x00000000	1	0x00000000	0	0	0	0	14743D90	2560	1440	X8R8G8B8	0	1	1	1	1	0	1	0	684	0	1
2026-06-02 17:56:06.903	world_candidate	0x00000020	DrawIndexedPrimitive	6029	5	9	9	17058808	0x22C07183E48D86F5	64	32	DXT1	7	0x00000000	1	0x00000000	0	0	0	0	14743D90	2560	1440	X8R8G8B8	0	1	1	1	1	0	1	0	686	0	1
2026-06-02 17:56:06.903	world_candidate	0x00000020	DrawIndexedPrimitive	6030	5	44	32	170581E8	0x1DDF03823424CCFF	64	32	DXT1	7	0x00000000	1	0x00000000	0	0	0	0	14743D90	2560	1440	X8R8G8B8	0	1	1	1	1	0	1	0	687	0	1
2026-06-02 17:56:06.904	world_candidate	0x00000020	DrawIndexedPrimitive	6031	5	8	8	17057068	0xF6404D1C9ABE95A7	64	32	DXT1	7	0x00000000	1	0x00000000	0	0	0	0	14743D90	2560	1440	X8R8G8B8	0	1	1	1	1	0	1	0	688	0	1
2026-06-02 17:56:06.904	world_unshadowed_candidate	0x00000024	DrawIndexedPrimitive	6032	5	8	8	17068948	0xB16D589F1D0D306D	64	128	A8R8G8B8	8	0x00000000	1	0x00000000	0	0	0	0	14743D90	2560	1440	X8R8G8B8	0	1	1	1	1	0	1	0	689	0	1
2026-06-02 17:56:06.904	world_unshadowed_candidate	0x00000024	DrawIndexedPrimitive	6033	5	100	72	18353FE0	0xC3CEC25DAEBDCA19	128	64	A8R8G8B8	1	0x00000000	1	0x00000000	0	0	0	0	14743D90	2560	1440	X8R8G8B8	0	1	1	1	1	0	1	0	690	0	1
2026-06-02 17:56:06.905	world_candidate	0x00000020	DrawIndexedPrimitive	6034	5	9	10	1705F108	0x3B4FD1876D3FA43C	128	128	DXT1	8	0x00000000	1	0x00000000	0	0	0	0	14743D90	2560	1440	X8R8G8B8	0	1	1	1	1	0	1	0	691	0	1
2026-06-02 17:56:06.905	world_candidate	0x00000020	DrawIndexedPrimitive	6038	5	2	4	18360300	0xCE8312F197F6D1FA	128	128	DXT1	8	0x00000000	1	0x00000000	0	0	0	0	14743D90	2560	1440	X8R8G8B8	0	1	1	1	1	0	1	0	695	0	1
2026-06-02 17:56:06.905	world_unshadowed_candidate	0x00000024	DrawIndexedPrimitive	6039	5	860	576	18353480	0x599D41F32E21FFD6	64	64	A8R8G8B8	7	0x00000000	1	0x00000000	0	0	0	0	14743D90	2560	1440	X8R8G8B8	0	1	1	1	1	0	1	0	696	0	1
2026-06-02 17:56:06.905	world_candidate	0x00000020	DrawIndexedPrimitive	6041	5	3	5	18357FC0	0x4920D21AF827FBE7	128	128	DXT1	8	0x00000000	1	0x00000000	0	0	0	0	14743D90	2560	1440	X8R8G8B8	0	1	1	1	1	0	1	0	698	0	1
2026-06-02 17:56:06.906	world_unshadowed_candidate	0x00000024	DrawIndexedPrimitive	6043	5	26	20	17057768	0x1C8C02693C4222E6	32	128	A8R8G8B8	8	0x00000000	1	0x00000000	0	0	0	0	14743D90	2560	1440	X8R8G8B8	0	1	1	1	1	0	1	0	700	0	1
2026-06-02 17:56:06.906	world_unshadowed_candidate	0x00000024	DrawIndexedPrimitive	6044	5	36	23	1705F028	0x693466C9772B494F	128	128	A8R8G8B8	8	0x00000000	1	0x00000000	0	0	0	0	14743D90	2560	1440	X8R8G8B8	0	1	1	1	1	0	1	0	701	0	1
2026-06-02 17:56:06.906	world_unshadowed_candidate	0x00000024	DrawIndexedPrimitive	6045	5	56	40	18354280	0x106936A420B106D0	32	32	A8R8G8B8	6	0x00000000	1	0x00000000	0	0	0	0	14743D90	2560	1440	X8R8G8B8	0	1	1	1	1	0	1	0	702	0	1
2026-06-02 17:56:06.906	world_candidate	0x00000020	DrawIndexedPrimitive	6046	5	20	16	18362EC0	0x37BB3BCBC6B23964	128	64	DXT1	8	0x00000000	1	0x00000000	0	0	0	0	14743D90	2560	1440	X8R8G8B8	0	1	1	1	1	0	1	0	703	0	1
2026-06-02 17:56:06.907	world_candidate	0x00000020	DrawIndexedPrimitive	6047	5	58	44	1705C0E8	0x4733037C325EB44D	128	64	DXT1	8	0x00000000	1	0x00000000	0	0	0	0	14743D90	2560	1440	X8R8G8B8	0	1	1	1	1	0	1	0	704	0	1
2026-06-02 17:56:06.907	world_unshadowed_candidate	0x00000024	DrawIndexedPrimitive	6048	5	20	16	170615C8	0x915A7003E23A7D55	32	32	A8R8G8B8	6	0x00000000	1	0x00000000	0	0	0	0	14743D90	2560	1440	X8R8G8B8	0	1	1	1	1	0	1	0	705	0	1
2026-06-02 17:56:06.907	world_unshadowed_candidate	0x00000024	DrawIndexedPrimitive	6049	5	2426	1480	18362360	0x2DC98B9585EA7FD8	128	128	A8R8G8B8	8	0x00000000	1	0x00000000	0	0	0	0	14743D90	2560	1440	X8R8G8B8	0	1	1	1	1	0	1	0	706	0	1
2026-06-02 17:56:06.908	world_candidate	0x00000020	DrawIndexedPrimitive	6050	5	56	40	1706D3A8	0x0FEA28BB2ABB2D03	128	64	DXT1	8	0x00000000	1	0x00000000	0	0	0	0	14743D90	2560	1440	X8R8G8B8	0	1	1	1	1	0	1	0	707	0	1
2026-06-02 17:56:06.908	world_candidate	0x00000020	DrawIndexedPrimitive	6052	5	2	4	18357460	0xF245475213E104DA	128	128	DXT1	8	0x00000000	1	0x00000000	0	0	0	0	14743D90	2560	1440	X8R8G8B8	0	1	1	1	1	0	1	0	709	0	1
2026-06-02 17:56:06.908	world_candidate	0x00000020	DrawIndexedPrimitive	6053	5	8	8	18361F00	0x3E4E3EB610B190A3	128	128	DXT1	8	0x00000000	1	0x00000000	0	0	0	0	14743D90	2560	1440	X8R8G8B8	0	1	1	1	1	0	1	0	710	0	1
2026-06-02 17:56:06.908	world_unshadowed_candidate	0x00000024	DrawIndexedPrimitive	6056	5	20	16	183621A0	0x1B0F43937383DE89	64	64	A8R8G8B8	7	0x00000000	1	0x00000000	0	0	0	0	14743D90	2560	1440	X8R8G8B8	0	1	1	1	1	0	1	0	713	0	1
2026-06-02 17:56:06.908	effect_candidate	0x00000010	DrawPrimitive	27423	6	1	0	15CF72A8	0x26ACCAD755520EF3	32	32	A8R8G8B8	6	0x00000000	1	0x00000142	0	0	0	0	14743D90	2560	1440	X8R8G8B8	0	1	0	1	1	0	1	1	716	0	1
2026-06-02 17:56:06.909	world_unshadowed_candidate	0x00000024	DrawIndexedPrimitive	6059	5	14	12	1705B668	0xF9CB02B95EE47563	128	128	A8R8G8B8	8	0x00000000	1	0x00000112	0	0	0	0	14743D90	2560	1440	X8R8G8B8	0	1	1	1	1	0	1	0	734	0	1
2026-06-02 17:56:06.909	world_unshadowed_candidate	0x00000024	DrawIndexedPrimitive	6063	5	2	4	1835B520	0xE6133099ED7E9D86	128	32	A8R8G8B8	8	0x00000000	1	0x00000000	0	0	0	0	14743D90	2560	1440	X8R8G8B8	0	1	1	1	1	0	1	0	738	0	1
2026-06-02 17:56:06.909	world_unshadowed_candidate	0x00000024	DrawIndexedPrimitive	6064	5	8	8	1835B980	0x7B996AAD2427103E	128	32	A8R8G8B8	8	0x00000000	1	0x00000000	0	0	0	0	14743D90	2560	1440	X8R8G8B8	0	1	1	1	1	0	1	0	739	0	1
2026-06-02 17:56:06.910	world_unshadowed_candidate	0x00000024	DrawIndexedPrimitive	6065	5	2	4	1835B360	0x6F93C9A2469B619E	128	32	A8R8G8B8	8	0x00000000	1	0x00000000	0	0	0	0	14743D90	2560	1440	X8R8G8B8	0	1	1	1	1	0	1	0	740	0	1
2026-06-02 17:56:06.910	world_unshadowed_candidate	0x00000024	DrawIndexedPrimitive	6066	5	2	4	1835C860	0xD205DE6DBD0F49B5	64	32	A8R8G8B8	7	0x00000000	1	0x00000000	0	0	0	0	14743D90	2560	1440	X8R8G8B8	0	1	1	1	1	0	1	0	741	0	1
2026-06-02 17:56:06.910	world_unshadowed_candidate	0x00000024	DrawIndexedPrimitive	6067	5	32	24	1835A560	0xA5CC3C074BB91219	64	32	A8R8G8B8	7	0x00000000	1	0x00000000	0	0	0	0	14743D90	2560	1440	X8R8G8B8	0	1	1	1	1	0	1	0	742	0	1
2026-06-02 17:56:06.910	world_unshadowed_candidate	0x00000024	DrawIndexedPrimitive	6068	5	8	8	1835AE20	0x2156A90760C7EA0F	64	32	A8R8G8B8	7	0x00000000	1	0x00000000	0	0	0	0	14743D90	2560	1440	X8R8G8B8	0	1	1	1	1	0	1	0	743	0	1
2026-06-02 17:56:06.911	world_unshadowed_candidate	0x00000024	DrawIndexedPrimitive	6069	5	14	12	183594C0	0x2E44173E8DF2F5F7	128	32	A8R8G8B8	8	0x00000000	1	0x00000000	0	0	0	0	14743D90	2560	1440	X8R8G8B8	0	1	1	1	1	0	1	0	744	0	1
2026-06-02 17:56:06.911	world_unshadowed_candidate	0x00000024	DrawIndexedPrimitive	6071	5	8	8	1835BDE0	0xE7BCF30D25340B57	128	32	A8R8G8B8	8	0x00000000	1	0x00000000	0	0	0	0	14743D90	2560	1440	X8R8G8B8	0	1	1	1	1	0	1	0	746	0	1
2026-06-02 17:56:06.911	world_unshadowed_candidate	0x00000024	DrawIndexedPrimitive	6072	5	2	4	1835BFA0	0xC8C8EA7CEC82DF7D	128	32	A8R8G8B8	8	0x00000000	1	0x00000000	0	0	0	0	14743D90	2560	1440	X8R8G8B8	0	1	1	1	1	0	1	0	747	0	1
2026-06-02 17:56:06.911	world_unshadowed_candidate	0x00000024	DrawIndexedPrimitive	6073	5	2	4	1835AB80	0xE69172A783489D66	64	32	A8R8G8B8	7	0x00000000	1	0x00000000	0	0	0	0	14743D90	2560	1440	X8R8G8B8	0	1	1	1	1	0	1	0	748	0	1
2026-06-02 17:56:06.912	world_unshadowed_candidate	0x00000024	DrawIndexedPrimitive	6074	5	32	24	17060368	0x95CEFF1C4E2F0F55	64	32	A8R8G8B8	7	0x00000000	1	0x00000000	0	0	0	0	14743D90	2560	1440	X8R8G8B8	0	1	1	1	1	0	1	0	749	0	1
2026-06-02 17:56:06.912	world_unshadowed_candidate	0x00000024	DrawIndexedPrimitive	6075	5	2	4	1835AAA0	0x1BC34DB120855A57	128	32	A8R8G8B8	8	0x00000000	1	0x00000000	0	0	0	0	14743D90	2560	1440	X8R8G8B8	0	1	1	1	1	0	1	0	750	0	1
2026-06-02 17:56:06.912	world_unshadowed_candidate	0x00000024	DrawIndexedPrimitive	6076	5	2	4	1835C5C0	0x8B92DF942030D7E3	64	32	A8R8G8B8	7	0x00000000	1	0x00000000	0	0	0	0	14743D90	2560	1440	X8R8G8B8	0	1	1	1	1	0	1	0	751	0	1
2026-06-02 17:56:06.912	world_unshadowed_candidate	0x00000024	DrawIndexedPrimitive	6078	5	2	4	183571C0	0xC3D634B449A18479	32	256	A8R8G8B8	9	0x00000000	1	0x00000000	0	0	0	0	14743D90	2560	1440	X8R8G8B8	0	1	1	1	1	0	1	0	753	0	1
2026-06-02 17:56:06.912	world_candidate	0x00000020	DrawIndexedPrimitive	6079	5	12	12	17051AA8	0xD1C0F39F5B849E7C	128	64	DXT1	8	0x00000000	1	0x00000000	0	0	0	0	14743D90	2560	1440	X8R8G8B8	0	1	1	1	1	0	1	0	754	0	1
2026-06-02 17:56:06.913	world_candidate	0x00000020	DrawIndexedPrimitive	6080	5	104	72	18362FA0	0x08B8D11BD9A49D7B	64	64	DXT1	7	0x00000000	1	0x00000000	0	0	0	0	14743D90	2560	1440	X8R8G8B8	0	1	1	1	1	0	1	0	755	0	1
2026-06-02 17:56:06.913	world_candidate	0x00000020	DrawIndexedPrimitive	6081	5	8	8	18362520	0xF5A70A092E42F3B9	128	128	DXT1	8	0x00000000	1	0x00000000	0	0	0	0	14743D90	2560	1440	X8R8G8B8	0	1	1	1	1	0	1	0	756	0	1
2026-06-02 17:56:06.913	world_candidate	0x00000020	DrawIndexedPrimitive	6084	5	152	104	183626E0	0x512F30BD15F79AF0	128	128	DXT1	8	0x00000000	1	0x00000000	0	0	0	0	14743D90	2560	1440	X8R8G8B8	0	1	1	1	1	0	1	0	759	0	1
2026-06-02 17:56:06.913	world_unshadowed_candidate	0x00000024	DrawIndexedPrimitive	6086	5	2	4	15CFAD48	0xA9816E64F119B778	32	16	A8R8G8B8	6	0x00000000	1	0x00000112	0	0	0	0	14743D90	2560	1440	X8R8G8B8	0	1	1	1	1	1	1	0	791	0	1
2026-06-02 17:56:06.914	world_unshadowed_candidate	0x00000024	DrawIndexedPrimitive	6098	5	2	4	18355BE0	0x259F7EEC1A02EC6A	32	32	A8R8G8B8	6	0x00000000	1	0x00000112	0	0	0	0	14743D90	2560	1440	X8R8G8B8	0	1	1	1	1	1	1	0	803	0	1
2026-06-02 17:56:06.914	world_unshadowed_candidate	0x00000024	DrawIndexedPrimitive	6099	5	8	8	1706A008	0xE0824B3AFE45B6B2	64	64	A8R8G8B8	7	0x00000000	1	0x00000112	0	0	0	0	14743D90	2560	1440	X8R8G8B8	0	1	1	1	1	1	1	0	804	0	1
2026-06-02 17:56:06.914	world_candidate	0x00000020	DrawIndexedPrimitive	6103	5	72	48	1706BB28	0xF3375ECA3EB1DE1A	128	64	DXT1	8	0x00000000	1	0x00000000	0	0	0	0	14743D90	2560	1440	X8R8G8B8	0	1	1	1	1	0	1	0	808	0	1
2026-06-02 17:56:06.915	world_candidate	0x00000020	DrawIndexedPrimitive	6105	5	2633	1760	17059608	0x3C1CFC491CCC6F3C	128	64	DXT1	8	0x00000000	1	0x00000000	0	0	0	0	14743D90	2560	1440	X8R8G8B8	0	1	1	1	1	0	1	0	810	0	1
2026-06-02 17:56:06.915	world_candidate	0x00000020	DrawIndexedPrimitive	6106	5	1375	1120	18355860	0x1747E06A8868A6B6	64	64	DXT1	7	0x00000000	1	0x00000000	0	0	0	0	14743D90	2560	1440	X8R8G8B8	0	1	1	1	1	0	1	0	811	0	1
2026-06-02 17:56:06.916	world_unshadowed_candidate	0x00000024	DrawIndexedPrimitive	6108	5	78	54	17055E08	0xEB65DBF934845FFA	128	64	A8R8G8B8	8	0x00000000	1	0x00000000	0	0	0	0	14743D90	2560	1440	X8R8G8B8	0	1	1	1	1	0	1	0	813	0	1
2026-06-02 17:56:06.916	world_candidate	0x00000020	DrawIndexedPrimitive	6116	5	303	222	16D839D0	0x173361D03B8AE86A	128	128	DXT1	8	0x00000000	1	0x00000112	0	0	0	0	14743D90	2560	1440	X8R8G8B8	0	1	1	1	1	1	1	0	821	0	1
2026-06-02 17:56:06.916	world_candidate	0x00000020	DrawIndexedPrimitive	6118	5	152	131	16D85A30	0x8812D27A67D55E1F	128	128	DXT1	8	0x00000000	1	0x00000112	0	0	0	0	14743D90	2560	1440	X8R8G8B8	0	1	1	1	1	1	1	0	823	0	1
2026-06-02 17:56:06.917	world_unshadowed_candidate	0x00000024	DrawIndexedPrimitive	6125	5	12	12	15CFA648	0xA6A7A5B672B17CBF	64	64	A8R8G8B8	7	0x00000000	1	0x00000112	0	0	0	0	14743D90	2560	1440	X8R8G8B8	0	1	1	1	1	1	1	0	830	0	1
2026-06-02 17:56:06.917	world_unshadowed_candidate	0x00000024	DrawIndexedPrimitive	6134	5	2	4	15CFA808	0xA34945B91232CA65	128	32	A8R8G8B8	8	0x00000000	1	0x00000112	0	0	0	0	14743D90	2560	1440	X8R8G8B8	0	1	1	1	1	1	1	0	839	0	1
2026-06-02 17:56:06.917	world_candidate	0x00000020	DrawIndexedPrimitive	6139	5	145	106	15CFB7C8	0x038AFE617061CEF3	64	32	DXT1	7	0x00000000	1	0x00000112	0	0	0	0	14743D90	2560	1440	X8R8G8B8	0	1	1	1	1	1	1	0	844	0	1
2026-06-02 17:56:06.917	world_unshadowed_candidate	0x00000024	DrawIndexedPrimitive	6140	5	60	48	15CFB8A8	0xDA2359C2DAAC50B0	64	32	A8R8G8B8	7	0x00000000	1	0x00000112	0	0	0	0	14743D90	2560	1440	X8R8G8B8	0	1	1	1	1	1	1	0	845	0	1
2026-06-02 17:56:06.918	world_candidate	0x00000020	DrawIndexedPrimitive	6209	5	244	174	16D80390	0xEC388A97C86A938D	64	64	DXT1	7	0x00000000	1	0x00000112	0	0	0	0	14743D90	2560	1440	X8R8G8B8	0	1	1	1	1	1	1	0	914	0	1
2026-06-02 17:56:06.918	world_candidate	0x00000020	DrawIndexedPrimitive	6210	5	553	351	170513A8	0x9D4B07A4EB52191E	128	128	DXT1	8	0x00000000	1	0x00000112	0	0	0	0	14743D90	2560	1440	X8R8G8B8	0	1	1	1	1	1	1	0	915	0	1
2026-06-02 17:56:06.918	world_candidate	0x00000020	DrawIndexedPrimitive	6224	5	487	309	18355160	0x100B108A09883BDD	64	64	DXT1	7	0x00000000	1	0x00000112	0	0	0	0	14743D90	2560	1440	X8R8G8B8	0	1	1	1	1	1	1	0	929	0	1
2026-06-02 17:56:06.919	world_candidate	0x00000020	DrawIndexedPrimitive	6228	5	2	4	17055C48	0x408812FB19D7381D	64	32	DXT1	7	0x00000000	1	0x00000112	0	0	0	0	14743D90	2560	1440	X8R8G8B8	0	1	1	1	1	1	1	0	933	0	1
2026-06-02 17:56:06.920	world_candidate	0x00000020	DrawIndexedPrimitive	6236	5	211	146	183570E0	0x3C7FC4FAD134E45A	128	128	DXT1	8	0x00000000	1	0x00000000	0	0	0	0	14743D90	2560	1440	X8R8G8B8	0	1	1	1	1	0	1	0	941	0	1
2026-06-02 17:56:06.920	world_candidate	0x00000020	DrawIndexedPrimitive	6238	5	96	80	18356D60	0x2406902792F696FE	128	128	DXT1	8	0x00000000	1	0x00000000	0	0	0	0	14743D90	2560	1440	X8R8G8B8	0	1	1	1	1	0	1	0	943	0	1
2026-06-02 17:56:06.920	world_candidate	0x00000020	DrawIndexedPrimitive	6240	5	1576	897	17060C28	0x3695A7533A66A4FA	64	64	DXT1	7	0x00000000	1	0x00000152	0	0	0	0	14743D90	2560	1440	X8R8G8B8	0	1	1	1	1	1	1	0	945	0	1
2026-06-02 17:56:06.921	world_unshadowed_candidate	0x00000024	DrawIndexedPrimitive	6241	5	184	132	18362D00	0xF4D7B8883C568E43	128	64	A8R8G8B8	8	0x00000000	1	0x00000000	0	0	0	0	14743D90	2560	1440	X8R8G8B8	0	1	1	1	1	0	1	0	946	0	1
2026-06-02 17:56:06.921	world_unshadowed_candidate	0x00000024	DrawIndexedPrimitive	6242	5	28	24	1835D040	0xB36D7A1FC572A950	128	128	A8R8G8B8	8	0x00000000	1	0x00000000	0	0	0	0	14743D90	2560	1440	X8R8G8B8	0	1	1	1	1	0	1	0	947	0	1
2026-06-02 17:56:06.921	world_unshadowed_candidate	0x00000024	DrawIndexedPrimitive	6244	5	20	16	170575A8	0x3A1A2D8F3A5BE5C5	64	64	A8R8G8B8	7	0x00000000	1	0x00000000	0	0	0	0	14743D90	2560	1440	X8R8G8B8	0	1	1	1	1	0	1	0	949	0	1
2026-06-02 17:56:06.921	world_unshadowed_candidate	0x00000024	DrawIndexedPrimitive	6245	5	220	160	18362A60	0x08AE958983C66A5B	128	128	A8R8G8B8	8	0x00000000	1	0x00000000	0	0	0	0	14743D90	2560	1440	X8R8G8B8	0	1	1	1	1	0	1	0	950	0	1
2026-06-02 17:56:06.922	world_unshadowed_candidate	0x00000024	DrawIndexedPrimitive	6246	5	378	252	18354FA0	0x469D8950EA14A50C	128	128	A8R8G8B8	8	0x00000000	1	0x00000000	0	0	0	0	14743D90	2560	1440	X8R8G8B8	0	1	1	1	1	0	1	0	951	0	1
2026-06-02 17:56:06.922	world_candidate	0x00000020	DrawIndexedPrimitive	6248	5	33	23	1682B340	0x3D7B7B65E806E46D	128	128	DXT1	8	0x00000000	1	0x00000112	0	0	0	0	14743D90	2560	1440	X8R8G8B8	0	1	1	1	1	1	1	0	953	0	1
2026-06-02 17:56:06.922	world_unshadowed_candidate	0x00000024	DrawIndexedPrimitive	6253	5	20	16	1682BC00	0x588F7EBCCE2F5BB6	128	64	A8R8G8B8	8	0x00000000	1	0x00000112	0	0	0	0	14743D90	2560	1440	X8R8G8B8	0	1	1	1	1	1	1	0	958	0	1
2026-06-02 17:56:06.923	world_unshadowed_candidate	0x00000024	DrawPrimitive	27471	6	2	0	15999360	0x84DD5B61BC83AF7C	32	32	A8R8G8B8	6	0x00000000	1	0x00000142	0	0	0	0	14743D90	2560	1440	X8R8G8B8	0	1	1	1	1	0	1	0	960	0	1
2026-06-02 17:56:06.923	world_unshadowed_candidate	0x00000024	DrawPrimitive	27472	6	2	0	1599A080	0xB2A654BE76EABADF	32	32	A8R8G8B8	6	0x00000000	1	0x00000142	0	0	0	0	14743D90	2560	1440	X8R8G8B8	0	1	1	1	1	0	1	0	961	0	1
2026-06-02 17:56:06.924	world_unshadowed_candidate	0x00000024	DrawPrimitive	27473	6	2	0	1599A780	0x88EE34B9CEE77BB1	32	32	A8R8G8B8	6	0x00000000	1	0x00000142	0	0	0	0	14743D90	2560	1440	X8R8G8B8	0	1	1	1	1	0	1	0	962	0	1
2026-06-02 17:56:06.924	world_unshadowed_candidate	0x00000024	DrawPrimitive	27474	6	2	0	15999B40	0x0F5059E38C52F6DA	32	32	A8R8G8B8	6	0x00000000	1	0x00000142	0	0	0	0	14743D90	2560	1440	X8R8G8B8	0	1	1	1	1	0	1	0	963	0	1
